Job ID,Job URL,Job Title,Status,Timestamp,Location,Page
e30ac1bddb51c4f6,https://cl.computrabajo.com/ofertas-de-trabajo/oferta-de-trabajo-de-operador-tienda-de-supermercado-en-tres-poniente-maipu-turnos-continuos-en-santiago-lo-espejo-656AB419BA268CE461373E686DCF3405,"Operador Tienda de Supermercado en Tres Poniente, Maipú. Turnos continuos",posted|wp_id=32224|https://chile.mimusjobs.com/job/operador-tienda-de-supermercado-en-tres-poniente-maipu-turnos-continuos-5/,2026-09-27T17:00:28.280044,https://cl.computrabajo.com/empleos-en-r.metropolitana-en-santiago-centro,1
4dffb125633c1b56,https://cl.computrabajo.com/ofertas-de-trabajo/oferta-de-trabajo-de-supervisor-de-planta-productiva-de-alimentos-en-san-bernardo-98D8DB323DBCADAD61373E686DCF3405,Supervisor de planta productiva de alimentos,posted|wp_id=32226|https://chile.mimusjobs.com/job/supervisor-de-planta-productiva-de-alimentos/,2026-09-27T17:00:37.343054,https://cl.computrabajo.com/empleos-en-r.metropolitana-en-santiago-centro,1
8ebe9a930e43809d,https://cl.computrabajo.com/ofertas-de-trabajo/oferta-de-trabajo-de-prevencionista-planta-productiva-de-alimentos-en-san-bernardo-07C8C2CEC023281761373E686DCF3405,Prevencionista planta productiva de alimentos,posted|wp_id=32228|https://chile.mimusjobs.com/job/prevencionista-planta-productiva-de-alimentos/,2026-09-27T17:00:43.256807,https://cl.computrabajo.com/empleos-en-r.metropolitana-en-santiago-centro,1
be703e5228deaf03,https://cl.computrabajo.com/ofertas-de-trabajo/oferta-de-trabajo-de-operario-de-produccion-alimentos-en-san-bernardo-9D4342EE0446B52261373E686DCF3405,Operario de producción alimentos,posted|wp_id=32230|https://chile.mimusjobs.com/job/operario-de-produccion-alimentos/,2026-09-27T17:00:49.785614,https://cl.computrabajo.com/empleos-en-r.metropolitana-en-santiago-centro,1
4c394fd379e5dc94,https://cl.computrabajo.com/ofertas-de-trabajo/oferta-de-trabajo-de-platform-engineer-ia-generativa-go-python-devops-copilot-said-go-python-platform-engineering-apis-productivas-devops-ia-generativa-en-santiago-providencia-A407A598CF3BD8CB61373E686DCF3405,"Platform Engineer / IA Generativa / Go / Python / DevOps - Copilot said: Go, Python, Platform Engineering, APIs Productivas, DevOps, IA Generativa",posted|wp_id=32234|https://chile.mimusjobs.com/job/platform-engineer-ia-generativa-go-python-devops-copilot-said-go-python-platform-engineering-apis-productivas-devops-ia-generativa/,2026-09-27T17:01:00.499100,https://cl.computrabajo.com/empleos-en-r.metropolitana-en-santiago-centro,1
96f1db5d68e0fd3b,https://cl.computrabajo.com/ofertas-de-trabajo/oferta-de-trabajo-de-operador-grua-horquilla-licencia-clase-d-lontue-turnos-manana-y-tarde-movilizacion-propia-700000-liquidos-en-teno-5285D886E2C01A2D61373E686DCF3405,Operador grúa horquilla licencia clase D Lontue turnos mañana y tarde (movilización propia) - $700.000 líquidos,posted|wp_id=32236|https://chile.mimusjobs.com/job/operador-grua-horquilla-licencia-clase-d-lontue-turnos-manana-y-tarde-movilizacion-propia-700-000-liquidos/,2026-09-27T17:01:08.327829,https://cl.computrabajo.com/empleos-en-r.metropolitana-en-santiago-centro,1
84cdb1d2587dd06b,https://cl.computrabajo.com/ofertas-de-trabajo/oferta-de-trabajo-de-operador-de-tienda-maipu-turnos-continuos-ingreso-manana-turnos-rotativos-jornada-completa-en-padre-hurtado-D23BB773BEE9554261373E686DCF3405,"Operador de Tienda Maipú, turnos continuos, ingreso mañana - Turnos Rotativos Jornada Completa",posted|wp_id=32238|https://chile.mimusjobs.com/job/operador-de-tienda-maipu-turnos-continuos-ingreso-manana-turnos-rotativos-jornada-completa-3/,2026-09-27T17:01:16.158734,https://cl.computrabajo.com/empleos-en-r.metropolitana-en-santiago-centro,1
781e066287079cf3,https://cl.computrabajo.com/ofertas-de-trabajo/oferta-de-trabajo-de-operador-de-tienda-maipu-turnos-continuos-ingreso-manana-turnos-rotativos-jornada-completa-en-santiago-maipu-407D33AAC4A4C69B61373E686DCF3405,"Operador de Tienda Maipú, turnos continuos, ingreso mañana - Turnos Rotativos Jornada Completa",posted|wp_id=32240|https://chile.mimusjobs.com/job/operador-de-tienda-maipu-turnos-continuos-ingreso-manana-turnos-rotativos-jornada-completa-4/,2026-09-27T17:01:25.383780,https://cl.computrabajo.com/empleos-en-r.metropolitana-en-santiago-centro,1
62a0733b68687178,https://cl.computrabajo.com/ofertas-de-trabajo/oferta-de-trabajo-de-aramark-requiere-ayudante-cocina-para-faena-minera-ubicada-en-la-ii-region-turnos-10x10-bajada-diaria-plazo-fijo-en-calama-37697F13B2571AEA61373E686DCF3405,"Aramark requiere Ayudante Cocina para Faena Minera ubicada - en la II Región, Turnos 10X10, Bajada Diaria, Plazo fijo",posted|wp_id=32242|https://chile.mimusjobs.com/job/aramark-requiere-ayudante-cocina-para-faena-minera-ubicada-en-la-ii-region-turnos-10x10-bajada-diaria-plazo-fijo/,2026-09-27T17:01:34.537752,https://cl.computrabajo.com/empleos-en-r.metropolitana-en-santiago-centro,1
54aee6feca70af42,https://cl.computrabajo.com/ofertas-de-trabajo/oferta-de-trabajo-de-enfermerao-supervisora-esterilizacion-santiago-en-santiago-providencia-0FF627A837AC5EC061373E686DCF3405,Enfermera(o) Supervisora Esterilización / Santiago,posted|wp_id=32243|https://chile.mimusjobs.com/job/enfermerao-supervisora-esterilizacion-santiago/,2026-09-27T17:01:41.082856,https://cl.computrabajo.com/empleos-en-r.metropolitana-en-santiago-centro,1
ae87f00b6bd071fc,https://cl.computrabajo.com/ofertas-de-trabajo/oferta-de-trabajo-de-polinizadora-de-soya-graneros-en-graneros-6B1C24B23A50759E61373E686DCF3405,Polinizador(a) de Soya/ Graneros,posted|wp_id=32245|https://chile.mimusjobs.com/job/polinizadora-de-soya-graneros/,2026-09-27T17:01:49.172354,https://cl.computrabajo.com/empleos-en-r.metropolitana-en-santiago-centro,1
48a5f02cff2846f7,https://cl.computrabajo.com/ofertas-de-trabajo/oferta-de-trabajo-de-ordenadores-de-carros-para-supermercado-en-av-iquique-corner-antofagasta-turnos-continuos-horario-rotativos-am-y-pm-en-antofagasta-73F81CFB3B64105861373E686DCF3405,"Ordenadores de Carros para Supermercado en Av. Iquique (corner), Antofagasta. Turnos continuos - Horario Rotativos AM y PM",posted|wp_id=32247|https://chile.mimusjobs.com/job/ordenadores-de-carros-para-supermercado-en-av-iquique-corner-antofagasta-turnos-continuos-horario-rotativos-am-y-pm-2/,2026-09-27T17:01:57.856012,https://cl.computrabajo.com/empleos-en-r.metropolitana-en-santiago-centro,1
8fe533f1781facc4,https://cl.computrabajo.com/ofertas-de-trabajo/oferta-de-trabajo-de-operariosas-de-bodega-lunes-a-viernes-707000-liq-turno-manana-colacion-movilizacion-en-santiago-quilicura-2C0F9657FFC53F6561373E686DCF3405,Operarios(as) de Bodega lunes a viernes / $707.000 Líq/ Turno mañana/ Colación + Movilización,posted|wp_id=32249|https://chile.mimusjobs.com/job/operariosas-de-bodega-lunes-a-viernes-707-000-liq-turno-manana-colacion-movilizacion-8/,2026-09-27T17:02:06.140096,https://cl.computrabajo.com/empleos-en-r.metropolitana-en-santiago-centro,1
1d8afc53918a9d70,https://cl.computrabajo.com/ofertas-de-trabajo/oferta-de-trabajo-de-operarios-de-bodega-san-bernardo-turno-noche-645000-temporada-cyber-en-san-bernardo-2A9A645E03C1E86261373E686DCF3405,Operarios de Bodega San bernardo turno Noche - $645.000 temporada cyber,posted|wp_id=32251|https://chile.mimusjobs.com/job/operarios-de-bodega-san-bernardo-turno-noche-645-000-temporada-cyber/,2026-09-27T17:02:12.119514,https://cl.computrabajo.com/empleos-en-r.metropolitana-en-santiago-centro,1
be5cdc3f69bd6bf4,https://cl.computrabajo.com/ofertas-de-trabajo/oferta-de-trabajo-de-ejecutivoa-comercial-calama-en-calama-E7CC3EA62891BFFC61373E686DCF3405,Ejecutivo(a) Comercial Calama,posted|wp_id=32255|https://chile.mimusjobs.com/job/ejecutivoa-comercial-calama/,2026-09-27T17:02:20.242538,https://cl.computrabajo.com/empleos-en-r.metropolitana-en-santiago-centro,1
392222fa12e0e935,https://cl.computrabajo.com/ofertas-de-trabajo/oferta-de-trabajo-de-ejecutivoa-comercial-tocopilla-en-tocopilla-8707D03287C58C0061373E686DCF3405,Ejecutivo(a) Comercial Tocopilla,posted|wp_id=32256|https://chile.mimusjobs.com/job/ejecutivoa-comercial-tocopilla/,2026-09-27T17:02:25.942607,https://cl.computrabajo.com/empleos-en-r.metropolitana-en-santiago-centro,1
ae0b060616a982d7,https://cl.computrabajo.com/ofertas-de-trabajo/oferta-de-trabajo-de-jefea-zonal-region-antofagasta-en-antofagasta-AF0B018AFEA6D8CD61373E686DCF3405,Jefe(a) Zonal Región Antofagasta,posted|wp_id=32258|https://chile.mimusjobs.com/job/jefea-zonal-region-antofagasta/,2026-09-27T17:02:33.145485,https://cl.computrabajo.com/empleos-en-r.metropolitana-en-santiago-centro,1
2e44cc15a0ffb8f1,https://cl.computrabajo.com/ofertas-de-trabajo/oferta-de-trabajo-de-jefea-de-sucursal-iquique-en-iquique-3B5404C1DE3F763761373E686DCF3405,Jefe(a) de Sucursal Iquique,posted|wp_id=32259|https://chile.mimusjobs.com/job/jefea-de-sucursal-iquique/,2026-09-27T17:02:38.092700,https://cl.computrabajo.com/empleos-en-r.metropolitana-en-santiago-centro,1
f00507942c668135,https://cl.computrabajo.com/ofertas-de-trabajo/oferta-de-trabajo-de-quimico-farmaceutico-salamanca-en-salamanca-C7DD5A577D1A898061373E686DCF3405,Quimico Farmaceutico - Salamanca,posted|wp_id=32260|https://chile.mimusjobs.com/job/quimico-farmaceutico-salamanca/,2026-09-27T17:02:44.061555,https://cl.computrabajo.com/empleos-en-r.metropolitana-en-santiago-centro,1
b36156e42ea0fc42,https://cl.computrabajo.com/ofertas-de-trabajo/oferta-de-trabajo-de-inspectora-tecnicoa-de-obras-senior-ito-antofagasta-ep094-en-antofagasta-832DADD6096F4EAF61373E686DCF3405,Inspector(a) Técnico(a) de Obras Senior (ITO) / Antofagasta / EP094,posted|wp_id=32262|https://chile.mimusjobs.com/job/inspectora-tecnicoa-de-obras-senior-ito-antofagasta-ep094/,2026-09-27T17:02:52.065225,https://cl.computrabajo.com/empleos-en-r.metropolitana-en-santiago-centro,1
e7e99e8bb84c968c,https://cl.computrabajo.com/ofertas-de-trabajo/oferta-de-trabajo-de-secretaria-administrativa-en-santiago-providencia-6ED46D6961AB01FF61373E686DCF3405,Secretaria Administrativa,posted|wp_id=334|https://chile.mimusjobs.com/job/secretaria-administrativa/,2026-09-27T17:02:55.938717,https://cl.computrabajo.com/empleos-en-r.metropolitana-en-santiago-centro,2
3660ec2c7cf854e7,https://cl.computrabajo.com/ofertas-de-trabajo/oferta-de-trabajo-de-vendedoresas-con-o-sin-experiencia-para-farmacias-trabajo-de-verano-osorno-en-osorno-D6FD3C1D3145058161373E686DCF3405,"Vendedores/as con o sin experiencia para Farmacias, Trabajo de Verano Osorno",posted|wp_id=32263|https://chile.mimusjobs.com/job/vendedores-as-con-o-sin-experiencia-para-farmacias-trabajo-de-verano-osorno/,2026-09-27T17:03:00.291529,https://cl.computrabajo.com/empleos-en-r.metropolitana-en-santiago-centro,2
dc350fa46346f40b,https://cl.computrabajo.com/ofertas-de-trabajo/oferta-de-trabajo-de-practicante-de-ingenieria-concepcion-en-concepcion-76C4906F1533521861373E686DCF3405,Prácticante de Ingenieria - Concepción,posted|wp_id=32264|https://chile.mimusjobs.com/job/practicante-de-ingenieria-concepcion/,2026-09-27T17:03:04.959394,https://cl.computrabajo.com/empleos-en-r.metropolitana-en-santiago-centro,2
36887ef2a66156d7,https://cl.computrabajo.com/ofertas-de-trabajo/oferta-de-trabajo-de-captador-para-reconocida-marca-de-telefonia-las-condes-en-santiago-las-condes-EDE760699905B9C961373E686DCF3405,Captador para reconocida marca de telefonía - Las Condes,posted|wp_id=32265|https://chile.mimusjobs.com/job/captador-para-reconocida-marca-de-telefonia-las-condes/,2026-09-27T17:03:09.475460,https://cl.computrabajo.com/empleos-en-r.metropolitana-en-santiago-centro,2
eeb8d7dbc9887e51,https://cl.computrabajo.com/ofertas-de-trabajo/oferta-de-trabajo-de-tecnico-operador-de-calderas-tecnico-multiproposito-6x1-santiago-centro-en-santiago-centro-0419E2E98422EE1A61373E686DCF3405,"Técnico Operador de Calderas / Técnico Multipropósito, 6X1 , Santiago Centro.",posted|wp_id=32266|https://chile.mimusjobs.com/job/tecnico-operador-de-calderas-tecnico-multiproposito-6x1-santiago-centro/,2026-09-27T17:03:14.191723,https://cl.computrabajo.com/empleos-en-r.metropolitana-en-santiago-centro,2
5a2d47f4198d3ef2,https://cl.computrabajo.com/ofertas-de-trabajo/oferta-de-trabajo-de-operarioa-multifuncional-part-time-comida-rapida-30-horas-y-20-horas-kfc-maipu-centerplaza-maipu-en-santiago-maipu-8B75B35643EA291761373E686DCF3405,Operario/a Multifuncional Part Time Comida Rápida – 30 horas y 20 horas KFC Maipú Center/Plaza Maipú,posted|wp_id=32267|https://chile.mimusjobs.com/job/operario-a-multifuncional-part-time-comida-rapida-30-horas-y-20-horas-kfc-maipu-center-plaza-maipu/,2026-09-27T17:03:18.440812,https://cl.computrabajo.com/empleos-en-r.metropolitana-en-santiago-centro,2
dc2c29fcb1b689f0,https://cl.computrabajo.com/ofertas-de-trabajo/oferta-de-trabajo-de-manipulador-de-alimentos-centro-penitenciario-en-talca-7E3FA2B9C9F77C0461373E686DCF3405,Manipulador de Alimentos Centro Penitenciario,posted|wp_id=32268|https://chile.mimusjobs.com/job/manipulador-de-alimentos-centro-penitenciario/,2026-09-27T17:03:25.584743,https://cl.computrabajo.com/empleos-en-r.metropolitana-en-santiago-centro,2
1cd97d9f31666861,https://cl.computrabajo.com/ofertas-de-trabajo/oferta-de-trabajo-de-hym-mall-plaza-egana-guardia-de-seguridad-os10-al-dia-600000-5x2-rotativo-dia-la-reina-en-santiago-la-reina-7A815F8E2B3DA34161373E686DCF3405,"HyM Mall Plaza Egaña, Guardia de Seguridad OS10 al día / $600.000 / 5x2 rotativo, DÍA - La Reina",posted|wp_id=32270|https://chile.mimusjobs.com/job/hym-mall-plaza-egana-guardia-de-seguridad-os10-al-dia-600-000-5x2-rotativo-dia-la-reina/,2026-09-27T17:03:33.870334,https://cl.computrabajo.com/empleos-en-r.metropolitana-en-santiago-centro,2
33d7ed9789daa694,https://cl.computrabajo.com/ofertas-de-trabajo/oferta-de-trabajo-de-cajeroa-jornada-completa-en-talcahuano-AFB4A4A6CF21CD6D61373E686DCF3405,Cajero/a Jornada Completa,posted|wp_id=28412|https://chile.mimusjobs.com/job/cajero-a-jornada-completa/,2026-09-27T17:03:37.191556,https://cl.computrabajo.com/empleos-en-r.metropolitana-en-santiago-centro,2
09ae0ff46a9b291e,https://cl.computrabajo.com/ofertas-de-trabajo/oferta-de-trabajo-de-ayudante-de-cocina-turnos-rotativos-part-time-20-hrs-nuevo-guacamole-irarrazabal-nunoa-en-santiago-nunoa-98E4C12BDD3318B261373E686DCF3405,Ayudante de Cocina Turnos Rotativos / Part time 20 hrs / Nuevo Guacamole Irarrazabal / Ñuñoa,posted|wp_id=32271|https://chile.mimusjobs.com/job/ayudante-de-cocina-turnos-rotativos-part-time-20-hrs-nuevo-guacamole-irarrazabal-nunoa/,2026-09-27T17:03:42.005763,https://cl.computrabajo.com/empleos-en-r.metropolitana-en-santiago-centro,2
94d31136c28ff287,https://cl.computrabajo.com/ofertas-de-trabajo/oferta-de-trabajo-de-steward-iquique-en-iquique-CA101725C436748E61373E686DCF3405,Steward // Iquique,posted|wp_id=32273|https://chile.mimusjobs.com/job/steward-iquique/,2026-09-27T17:03:48.344716,https://cl.computrabajo.com/empleos-en-r.metropolitana-en-santiago-centro,2
248c5787328596d0,https://cl.computrabajo.com/ofertas-de-trabajo/oferta-de-trabajo-de-jefea-de-cobranza-y-normalizacion-en-santiago-las-condes-DD1F7BE44D4B04B561373E686DCF3405,Jefe/a de Cobranza y Normalización,posted|wp_id=32275|https://chile.mimusjobs.com/job/jefe-a-de-cobranza-y-normalizacion/,2026-09-27T17:03:55.650413,https://cl.computrabajo.com/empleos-en-r.metropolitana-en-santiago-centro,2
c0a3f146db5ebfdd,https://cl.computrabajo.com/ofertas-de-trabajo/oferta-de-trabajo-de-tens-urgencias-melipilla-reemplazo-lunes-a-viernes-en-melipilla-5386923B9EC3299661373E686DCF3405,Tens Urgencias Melipilla reemplazo - lunes a viernes,posted|wp_id=32277|https://chile.mimusjobs.com/job/tens-urgencias-melipilla-reemplazo-lunes-a-viernes/,2026-09-27T17:04:03.287690,https://cl.computrabajo.com/empleos-en-r.metropolitana-en-santiago-centro,2
dac72635c4e57fd4,https://cl.computrabajo.com/ofertas-de-trabajo/oferta-de-trabajo-de-maestro-gasfiter-yo-carpinteria-antofagasta-en-antofagasta-736FBD215890341061373E686DCF3405,Maestro Gasfíter y/o Carpintería - Antofagasta,posted|wp_id=32278|https://chile.mimusjobs.com/job/maestro-gasfiter-y-o-carpinteria-antofagasta/,2026-09-27T17:04:08.847905,https://cl.computrabajo.com/empleos-en-r.metropolitana-en-santiago-centro,2
8364f6e2028bfc75,https://cl.computrabajo.com/ofertas-de-trabajo/oferta-de-trabajo-de-vendedora-trainee-full-time-5x2-rotativo-punta-arenas-en-punta-arenas-8DA76D2E8A3BC17F61373E686DCF3405,Vendedor(a) Trainee / Full Time 5x2 (Rotativo) / Punta Arenas,posted|wp_id=32279|https://chile.mimusjobs.com/job/vendedora-trainee-full-time-5x2-rotativo-punta-arenas/,2026-09-27T17:04:14.253920,https://cl.computrabajo.com/empleos-en-r.metropolitana-en-santiago-centro,2
b028fc3e7ab95eba,https://cl.computrabajo.com/ofertas-de-trabajo/oferta-de-trabajo-de-ejecutivoa-comercial-pensionado-movil-talca-en-talca-28CCD20923F0F3F461373E686DCF3405,Ejecutivo(a) Comercial Pensionado Móvil - Talca,posted|wp_id=32283|https://chile.mimusjobs.com/job/ejecutivoa-comercial-pensionado-movil-talca/,2026-09-27T17:04:24.228138,https://cl.computrabajo.com/empleos-en-r.metropolitana-en-santiago-centro,2
ee025c809b7231f2,https://cl.computrabajo.com/ofertas-de-trabajo/oferta-de-trabajo-de-ordenador-de-carros-de-supermercado-fines-de-semana-en-curico-vii-region-inicio-hoy-horario-rotativos-en-curico-90DCB1386683295261373E686DCF3405,"Ordenador de Carros de Supermercado Fines de Semana en Curicó, VII Región, Inicio Hoy! - Horario Rotativos",posted|wp_id=32285|https://chile.mimusjobs.com/job/ordenador-de-carros-de-supermercado-fines-de-semana-en-curico-vii-region-inicio-hoy-horario-rotativos/,2026-09-27T17:04:30.384502,https://cl.computrabajo.com/empleos-en-r.metropolitana-en-santiago-centro,2
cf4fe6bf3a16a9e5,https://cl.computrabajo.com/ofertas-de-trabajo/oferta-de-trabajo-de-encargadoa-de-comunicaciones-y-experiencia-interna-periodista-o-relacionador-publico-en-santiago-las-condes-44C5DC810D01345461373E686DCF3405,Encargado/a de Comunicaciones y Experiencia Interna (Periodista o Relacionador Publico),posted|wp_id=32287|https://chile.mimusjobs.com/job/encargado-a-de-comunicaciones-y-experiencia-interna-periodista-o-relacionador-publico/,2026-09-27T17:04:35.811354,https://cl.computrabajo.com/empleos-en-r.metropolitana-en-santiago-centro,2
6e6385eb9273bef5,https://cl.computrabajo.com/ofertas-de-trabajo/oferta-de-trabajo-de-conductora-de-traslado-de-pacientes-en-calama-en-calama-AEEB332C1CDAF0B261373E686DCF3405,Conductor/a de Traslado de Pacientes en Calama,posted|wp_id=32289|https://chile.mimusjobs.com/job/conductor-a-de-traslado-de-pacientes-en-calama/,2026-09-27T17:04:41.397186,https://cl.computrabajo.com/empleos-en-r.metropolitana-en-santiago-centro,2
3e0d99659335bb0b,https://cl.computrabajo.com/ofertas-de-trabajo/oferta-de-trabajo-de-pizzeroa-part-time-nunoa-dominos-pizza-en-santiago-nunoa-70F77E186C15B27261373E686DCF3405,Pizzero/a Part Time Ñuñoa - Domino's pizza,posted|wp_id=32293|https://chile.mimusjobs.com/job/pizzero-a-part-time-nunoa-dominos-pizza/,2026-09-27T17:04:50.675111,https://cl.computrabajo.com/empleos-en-r.metropolitana-en-santiago-centro,3
1d7a3b01bb494136,https://cl.computrabajo.com/ofertas-de-trabajo/oferta-de-trabajo-de-ejecutivo-call-center-pyme-fijo-b2b-empresa-de-telecomunicaciones-en-santiago-providencia-F6F15434E71B176E61373E686DCF3405,Ejecutivo Call Center Pyme Fijo B2B - Empresa de Telecomunicaciones,posted|wp_id=32295|https://chile.mimusjobs.com/job/ejecutivo-call-center-pyme-fijo-b2b-empresa-de-telecomunicaciones/,2026-09-27T17:04:58.171306,https://cl.computrabajo.com/empleos-en-r.metropolitana-en-santiago-centro,3
3c966a2e0a850359,https://cl.computrabajo.com/ofertas-de-trabajo/oferta-de-trabajo-de-operariosas-de-bodega-lunes-a-viernes-707000-liq-turno-manana-colacion-movilizacion-en-santiago-quilicura-A84BD5E04014771961373E686DCF3405,Operarios(as) de Bodega lunes a viernes / $707.000 Líq/ Turno mañana/ Colación + Movilización,posted|wp_id=32297|https://chile.mimusjobs.com/job/operariosas-de-bodega-lunes-a-viernes-707-000-liq-turno-manana-colacion-movilizacion-9/,2026-09-27T17:05:03.324703,https://cl.computrabajo.com/empleos-en-r.metropolitana-en-santiago-centro,3
62fa9f9bbda19ef1,https://cl.computrabajo.com/ofertas-de-trabajo/oferta-de-trabajo-de-planificadora-de-mantencion-para-campamento-minero-en-copiapo-6A4D4F6D2A7BFD1261373E686DCF3405,Planificador(a) de Mantención - Para Campamento Minero,posted|wp_id=32299|https://chile.mimusjobs.com/job/planificadora-de-mantencion-para-campamento-minero/,2026-09-27T17:05:14.844395,https://cl.computrabajo.com/empleos-en-r.metropolitana-en-santiago-centro,3
ea774122538ee042,https://cl.computrabajo.com/ofertas-de-trabajo/oferta-de-trabajo-de-asistente-de-recursos-humanos-temuco-en-temuco-153BC1A0CCFF763961373E686DCF3405,Asistente de recursos humanos - Temuco,posted|wp_id=11948|https://chile.mimusjobs.com/job/asistente-de-recursos-humanos-temuco/,2026-09-27T17:05:18.627907,https://cl.computrabajo.com/empleos-en-r.metropolitana-en-santiago-centro,3
29a4b1d4b69d7e7b,https://cl.computrabajo.com/ofertas-de-trabajo/oferta-de-trabajo-de-cajero-polifuncional-6x1-cafeteria-en-providencia-550000-en-santiago-providencia-8484C88A50D7ECE161373E686DCF3405,Cajero polifuncional 6x1 cafetería en Providencia $550.000,posted|wp_id=32301|https://chile.mimusjobs.com/job/cajero-polifuncional-6x1-cafeteria-en-providencia-550-000/,2026-09-27T17:05:24.138556,https://cl.computrabajo.com/empleos-en-r.metropolitana-en-santiago-centro,3
6fb1c3e21af72fe5,https://cl.computrabajo.com/ofertas-de-trabajo/oferta-de-trabajo-de-guardia-de-seguridad-ripley-la-serena-part-time-part-time-en-la-serena-D623164E42D215DB61373E686DCF3405,Guardia de seguridad Ripley La Serena Part Time - Part Time,posted|wp_id=16664|https://chile.mimusjobs.com/job/guardia-de-seguridad-ripley-la-serena-part-time-part-time/,2026-09-27T17:05:27.768475,https://cl.computrabajo.com/empleos-en-r.metropolitana-en-santiago-centro,3
32d83ab1a5c61416,https://cl.computrabajo.com/ofertas-de-trabajo/oferta-de-trabajo-de-asesor-financiero-full-time-llay-llay-en-llaillay-10D14ABFDCA5EE2361373E686DCF3405,Asesor Financiero Full Time - Llay Llay,posted|wp_id=32303|https://chile.mimusjobs.com/job/asesor-financiero-full-time-llay-llay/,2026-09-27T17:05:35.223125,https://cl.computrabajo.com/empleos-en-r.metropolitana-en-santiago-centro,3
ae8665810ef0d606,https://cl.computrabajo.com/ofertas-de-trabajo/oferta-de-trabajo-de-reponedora-mercaderista-full-time-42-hrs--rio-bueno-lunes-a-sabado-turno-am-en-rio-bueno-E461472C41F7185061373E686DCF3405,Reponedor/a Mercaderista/ Full Time 42 hrs / Río Bueno - Lunes a Sábado Turno Am,posted|wp_id=32305|https://chile.mimusjobs.com/job/reponedor-a-mercaderista-full-time-42-hrs-rio-bueno-lunes-a-sabado-turno-am/,2026-09-27T17:05:44.418228,https://cl.computrabajo.com/empleos-en-r.metropolitana-en-santiago-centro,3
b514f626502ad3e1,https://cl.computrabajo.com/ofertas-de-trabajo/oferta-de-trabajo-de-soporte-tecnico-conductor-santiago-750000-liquidos-en-santiago-nunoa-72989D9C4BCF675361373E686DCF3405,Soporte Técnico Conductor Santiago ($750.000 líquidos),posted|wp_id=32306|https://chile.mimusjobs.com/job/soporte-tecnico-conductor-santiago-750-000-liquidos/,2026-09-27T17:05:48.197603,https://cl.computrabajo.com/empleos-en-r.metropolitana-en-santiago-centro,3
ff7e253c5e69c8d0,https://cl.computrabajo.com/ofertas-de-trabajo/oferta-de-trabajo-de-reponedora-en-ruta-de-productos-de-lacteos-jornada-tiempo-completo-comuna-de-maipu-y-pudahuel-en-santiago-maipu-7637FF00E3F0FD2861373E686DCF3405,Reponedor/a en ruta de productos de lácteos jornada tiempo completo - Comuna de Maipu y Pudahuel,posted|wp_id=32308|https://chile.mimusjobs.com/job/reponedor-a-en-ruta-de-productos-de-lacteos-jornada-tiempo-completo-comuna-de-maipu-y-pudahuel/,2026-09-27T17:05:54.910198,https://cl.computrabajo.com/empleos-en-r.metropolitana-en-santiago-centro,3
d423d56ddf477a8a,https://cl.computrabajo.com/ofertas-de-trabajo/oferta-de-trabajo-de-maestroa-de-cocina-part-time-20-hr-alimentacion-colectiva-providencia-en-santiago-providencia-4C96A2B20DECD48061373E686DCF3405,Maestro(a) de Cocina Part time 20 HR (Alimentación Colectiva) / Providencia,posted|wp_id=32309|https://chile.mimusjobs.com/job/maestroa-de-cocina-part-time-20-hr-alimentacion-colectiva-providencia/,2026-09-27T17:05:58.080031,https://cl.computrabajo.com/empleos-en-r.metropolitana-en-santiago-centro,3
27987eee2fb4c05c,https://cl.computrabajo.com/ofertas-de-trabajo/oferta-de-trabajo-de-asistente-de-rrhh-santiago-centro-en-santiago-centro-407D91DE96262F7D61373E686DCF3405,Asistente de RR.HH - Santiago Centro,posted|wp_id=32311|https://chile.mimusjobs.com/job/asistente-de-rr-hh-santiago-centro/,2026-09-27T17:06:07.550970,https://cl.computrabajo.com/empleos-en-r.metropolitana-en-santiago-centro,3
24b7057e8d8637cb,https://cl.computrabajo.com/ofertas-de-trabajo/oferta-de-trabajo-de-coordinador-bim-ito-valparaiso-en-valparaiso-DBAA467926DB642061373E686DCF3405,"Coordinador BIM – ITO , Valparaíso",posted|wp_id=32313|https://chile.mimusjobs.com/job/coordinador-bim-ito-valparaiso/,2026-09-27T17:06:14.304605,https://cl.computrabajo.com/empleos-en-r.metropolitana-en-santiago-centro,3
b3d63f0c144f48a5,https://cl.computrabajo.com/ofertas-de-trabajo/oferta-de-trabajo-de-operador-de-tratamiento-de-aguas-servidas-y-agua-potable-region-de-ohiggins-zona-sur-en-san-fernando-9B0EB49A1FA6686861373E686DCF3405,Operador de Tratamiento de Aguas Servidas y Agua Potable/ Región de O'Higgins Zona Sur,posted|wp_id=32315|https://chile.mimusjobs.com/job/operador-de-tratamiento-de-aguas-servidas-y-agua-potable-region-de-ohiggins-zona-sur/,2026-09-27T17:06:21.706937,https://cl.computrabajo.com/empleos-en-r.metropolitana-en-santiago-centro,3
3922ec4201313be0,https://cl.computrabajo.com/ofertas-de-trabajo/oferta-de-trabajo-de-soldadoraor-calama-ii-region-4x3-en-antofagasta-A0FDBB1451A8D6CD61373E686DCF3405,"Soldadora/or - Calama, II Región 4x3",posted|wp_id=32316|https://chile.mimusjobs.com/job/soldadora-or-calama-ii-region-4x3/,2026-09-27T17:06:25.568414,https://cl.computrabajo.com/empleos-en-r.metropolitana-en-santiago-centro,3
4cb9ea9381ca1cbd,https://cl.computrabajo.com/ofertas-de-trabajo/oferta-de-trabajo-de-asistente-de-ventas-ahumada-en-santiago-centro-3BE1ECDCD0A1621F61373E686DCF3405,Asistente de Ventas Ahumada,posted|wp_id=32318|https://chile.mimusjobs.com/job/asistente-de-ventas-ahumada/,2026-09-27T17:06:30.686956,https://cl.computrabajo.com/empleos-en-r.metropolitana-en-santiago-centro,3
d671852215a8da50,https://cl.computrabajo.com/ofertas-de-trabajo/oferta-de-trabajo-de-operador de frio-maipu-en-santiago-maipu-8E7D7E698293264161373E686DCF3405,Operador de Frío - Maipú,posted|wp_id=32320|https://chile.mimusjobs.com/job/operador-de-frio-maipu-5/,2026-09-27T17:06:36.388031,https://cl.computrabajo.com/empleos-en-r.metropolitana-en-santiago-centro,3
e4df5cda1cea182f,https://cl.computrabajo.com/ofertas-de-trabajo/oferta-de-trabajo-de-guardia-de-seguridad-full-time-retail-la-calera-en-calera-330B6468C08E94B261373E686DCF3405,Guardia de seguridad Full Time Retail - La Calera,posted|wp_id=32321|https://chile.mimusjobs.com/job/guardia-de-seguridad-full-time-retail-la-calera/,2026-09-27T17:06:42.888116,https://cl.computrabajo.com/empleos-en-r.metropolitana-en-santiago-centro,3
1043e4a75fac18b1,https://cl.computrabajo.com/ofertas-de-trabajo/oferta-de-trabajo-de-vendedor-a-electro-belleza-y-cuidado-personal-osorno-en-osorno-2DFC0A647B8B95EA61373E686DCF3405,Vendedor (a) Electro Belleza y Cuidado Personal / Osorno,posted|wp_id=32323|https://chile.mimusjobs.com/job/vendedor-a-electro-belleza-y-cuidado-personal-osorno/,2026-09-27T17:06:48.994500,https://cl.computrabajo.com/empleos-en-r.metropolitana-en-santiago-centro,3
992c9b5e95899afe,https://cl.computrabajo.com/ofertas-de-trabajo/oferta-de-trabajo-de-auditor-lider-servicio-de-izaje-y-traslado-de-equipos-mineria-en-antofagasta-1DFBB75B22C3903761373E686DCF3405,Auditor Líder – Servicio de Izaje y Traslado de Equipos – Minería,posted|wp_id=32324|https://chile.mimusjobs.com/job/auditor-lider-servicio-de-izaje-y-traslado-de-equipos-mineria/,2026-09-27T17:06:53.201056,https://cl.computrabajo.com/empleos-en-r.metropolitana-en-santiago-centro,4
ad284f8e2148551b,https://cl.computrabajo.com/ofertas-de-trabajo/oferta-de-trabajo-de-inspectora-de-calidad-antofagasta-en-antofagasta-B54F32537268140A61373E686DCF3405,Inspector/a de Calidad/ Antofagasta,posted|wp_id=32326|https://chile.mimusjobs.com/job/inspector-a-de-calidad-antofagasta/,2026-09-27T17:06:58.304063,https://cl.computrabajo.com/empleos-en-r.metropolitana-en-santiago-centro,4
00392d231d92f865,https://cl.computrabajo.com/ofertas-de-trabajo/oferta-de-trabajo-de-vendedora-de-tienda-vitacura-en-santiago-vitacura-AAD4F7A54F6255A161373E686DCF3405,Vendedora de Tienda - Vitacura,posted|wp_id=32328|https://chile.mimusjobs.com/job/vendedora-de-tienda-vitacura/,2026-09-27T17:07:04.756691,https://cl.computrabajo.com/empleos-en-r.metropolitana-en-santiago-centro,4
17a4d46ea9a5ef06,https://cl.computrabajo.com/ofertas-de-trabajo/oferta-de-trabajo-de-auxiliar-de-aseo-pudahuel-parque-enea-lunes-a-sabado-en-santiago-pudahuel-C22568FA2263CB5161373E686DCF3405,Auxiliar de Aseo/ Pudahuel Parque Enea/ Lunes a Sábado,posted|wp_id=32329|https://chile.mimusjobs.com/job/auxiliar-de-aseo-pudahuel-parque-enea-lunes-a-sabado/,2026-09-27T17:07:09.918576,https://cl.computrabajo.com/empleos-en-r.metropolitana-en-santiago-centro,4
e1addae063103587,https://cl.computrabajo.com/ofertas-de-trabajo/oferta-de-trabajo-de-tecnico-en-servicios-generales-en-coronel-6207A253240712D361373E686DCF3405,Técnico en Servicios Generales,posted|wp_id=32331|https://chile.mimusjobs.com/job/tecnico-en-servicios-generales/,2026-09-27T17:07:16.587082,https://cl.computrabajo.com/empleos-en-r.metropolitana-en-santiago-centro,4
132452b1732a378d,https://cl.computrabajo.com/ofertas-de-trabajo/oferta-de-trabajo-de-operariosas-de-bodega-turno-tarde-1100-a-2100-pudahuel-564000-bus-y-colacion-cyber-en-santiago-pudahuel-2D8E3F6D754243F361373E686DCF3405,Operarios(as) de Bodega/ Turno Tarde 11:00 a 21:00 Pudahuel $564000 bus y colacion Cyber,posted|wp_id=32332|https://chile.mimusjobs.com/job/operariosas-de-bodega-turno-tarde-1100-a-2100-pudahuel-564000-bus-y-colacion-cyber/,2026-09-27T17:07:19.576986,https://cl.computrabajo.com/empleos-en-r.metropolitana-en-santiago-centro,4
2490b97d91ec002b,https://cl.computrabajo.com/ofertas-de-trabajo/oferta-de-trabajo-de-operario-bodega-pudahuel-turno-dia-ingreso-directo-en-santiago-pudahuel-3DACDC673233DDF461373E686DCF3405,Operario Bodega Pudahuel Turno Día Ingreso directo,posted|wp_id=32334|https://chile.mimusjobs.com/job/operario-bodega-pudahuel-turno-dia-ingreso-directo/,2026-09-27T17:07:24.354558,https://cl.computrabajo.com/empleos-en-r.metropolitana-en-santiago-centro,4
bcd5ff24885b90c5,https://cl.computrabajo.com/ofertas-de-trabajo/oferta-de-trabajo-de-jefea-de-proyecto-de-integraciones-net-angular-etl-en-santiago-centro-49E5F5AFA58E4F1661373E686DCF3405,Jefe/a de Proyecto de Integraciones - .NET / Angular / ETL,posted|wp_id=32336|https://chile.mimusjobs.com/job/jefe-a-de-proyecto-de-integraciones-net-angular-etl/,2026-09-27T17:07:29.248669,https://cl.computrabajo.com/empleos-en-r.metropolitana-en-santiago-centro,4
1c289f05ca4d3439,https://cl.computrabajo.com/ofertas-de-trabajo/oferta-de-trabajo-de-desarrolladora-frontend-web-y-mobile-angular-flutter-ionic-en-santiago-centro-9099F974FAE214AF61373E686DCF3405,Desarrollador/a Frontend Web y Mobile - Angular / Flutter / Ionic,posted|wp_id=32338|https://chile.mimusjobs.com/job/desarrollador-a-frontend-web-y-mobile-angular-flutter-ionic/,2026-09-27T17:07:34.149190,https://cl.computrabajo.com/empleos-en-r.metropolitana-en-santiago-centro,4
5a38409413ce66d4,https://cl.computrabajo.com/ofertas-de-trabajo/oferta-de-trabajo-de-operario-de-bodega-in-house-turno-manana-745000-aprox-bus-en-santiago-pudahuel-EDE87D22FB5C084061373E686DCF3405,Operario de Bodega In House / Turno Mañana / 745.000 Aprox + Bus,posted|wp_id=32340|https://chile.mimusjobs.com/job/operario-de-bodega-in-house-turno-manana-745-000-aprox-bus-10/,2026-09-27T17:07:40.814175,https://cl.computrabajo.com/empleos-en-r.metropolitana-en-santiago-centro,4
125060f31622197e,https://cl.computrabajo.com/ofertas-de-trabajo/oferta-de-trabajo-de-auxiliar-de-casino-turno-am-en-santiago-pudahuel-D16ABE33700B5AE761373E686DCF3405,Auxiliar de casino Turno AM,posted|wp_id=15593|https://chile.mimusjobs.com/job/auxiliar-de-casino-turno-am/,2026-09-27T17:07:44.245741,https://cl.computrabajo.com/empleos-en-r.metropolitana-en-santiago-centro,4
16a5095ab50ede4f,https://cl.computrabajo.com/ofertas-de-trabajo/oferta-de-trabajo-de-operador-perecedero-reponedorsupermercado-maipu-horario-rotativo-am-y-pm-turnos-continuos-en-santiago-maipu-46254CC4CB2C73F261373E686DCF3405,"Operador Perecedero (Reponedor)Supermercado, Maipú - Horario Rotativo Am y Pm/ Turnos Continuos",posted|wp_id=32342|https://chile.mimusjobs.com/job/operador-perecedero-reponedorsupermercado-maipu-horario-rotativo-am-y-pm-turnos-continuos-5/,2026-09-27T17:07:48.891391,https://cl.computrabajo.com/empleos-en-r.metropolitana-en-santiago-centro,4
a6326d4b10cae13e,https://cl.computrabajo.com/ofertas-de-trabajo/oferta-de-trabajo-de-operador-tiendacajero-para-supermercado-maipu-horario-rotativo-am-y-pmturnos-continuos-en-santiago-maipu-2979FAD465C27F9461373E686DCF3405,"Operador Tienda/Cajero para Supermercado, Maipú - Horario Rotativo Am y Pm/Turnos Continuos",posted|wp_id=32344|https://chile.mimusjobs.com/job/operador-tienda-cajero-para-supermercado-maipu-horario-rotativo-am-y-pm-turnos-continuos-5/,2026-09-27T17:07:56.511932,https://cl.computrabajo.com/empleos-en-r.metropolitana-en-santiago-centro,4
b0529e08602b41e8,https://cl.computrabajo.com/ofertas-de-trabajo/oferta-de-trabajo-de-operario-sala-turnos-continuos-para-supermercado-en-maipu-continuos-en-santiago-maipu-5CC6C2045A7D66D961373E686DCF3405,Operario Sala turnos Continuos para supermercado en Maipú - continuos,posted|wp_id=32346|https://chile.mimusjobs.com/job/operario-sala-turnos-continuos-para-supermercado-en-maipu-continuos-3/,2026-09-27T17:08:04.353771,https://cl.computrabajo.com/empleos-en-r.metropolitana-en-santiago-centro,4
9f31cc7c36bf6f42,https://cl.computrabajo.com/ofertas-de-trabajo/oferta-de-trabajo-de-auxiliar-de-casino-turno-pm-1330-a-2100-en-santiago-pudahuel-066708B04510FB0D61373E686DCF3405,Auxiliar de casino Turno PM 13:30 a 21:00,posted|wp_id=32348|https://chile.mimusjobs.com/job/auxiliar-de-casino-turno-pm-1330-a-2100-4/,2026-09-27T17:08:12.283533,https://cl.computrabajo.com/empleos-en-r.metropolitana-en-santiago-centro,4
746fd46b62cb2e3c,https://cl.computrabajo.com/ofertas-de-trabajo/oferta-de-trabajo-de-auxiliar-de-casino-turno-am-en-santiago-pudahuel-83582C15104C178561373E686DCF3405,Auxiliar de casino Turno AM,posted|wp_id=15593|https://chile.mimusjobs.com/job/auxiliar-de-casino-turno-am/,2026-09-27T17:08:15.507071,https://cl.computrabajo.com/empleos-en-r.metropolitana-en-santiago-centro,4
7dd19d906e6e130e,https://cl.computrabajo.com/ofertas-de-trabajo/oferta-de-trabajo-de-operario-de-bodega-turno-noche-611000-liquidos-san-bernardo-periodo-cyber-colacion-bus-en-san-bernardo-28480BADAE8FF37F61373E686DCF3405,Operario de Bodega Turno Noche $611.000 líquidos San Bernardo periodo Cyber / Colación + bus,posted|wp_id=32350|https://chile.mimusjobs.com/job/operario-de-bodega-turno-noche-611-000-liquidos-san-bernardo-periodo-cyber-colacion-bus-20/,2026-09-27T17:08:21.898651,https://cl.computrabajo.com/empleos-en-r.metropolitana-en-santiago-centro,4
ceddecfe4d36b7aa,https://cl.computrabajo.com/ofertas-de-trabajo/oferta-de-trabajo-de-operariosas-de-bodega-full-time-707000-liq-turno-madrugada-colacion-movilizacion-en-santiago-quilicura-8AC6D54F6CD5D17D61373E686DCF3405,Operarios(as) de Bodega Full Time / $707.000 Líq/ Turno madrugada/ Colación + Movilización,posted|wp_id=32352|https://chile.mimusjobs.com/job/operariosas-de-bodega-full-time-707-000-liq-turno-madrugada-colacion-movilizacion-21/,2026-09-27T17:08:27.738245,https://cl.computrabajo.com/empleos-en-r.metropolitana-en-santiago-centro,4
c72a8ed6ab6313bb,https://cl.computrabajo.com/ofertas-de-trabajo/oferta-de-trabajo-de-operarios-de-bodega-quilicura-en-turno-noche-755000-liquidos-cyber-day-colacion-bus-en-santiago-quilicura-E05D800E9C30CE4261373E686DCF3405,Operarios de Bodega Quilicura en Turno Noche $755.000 Líquidos Cyber Day + Colación + Bus,posted|wp_id=32354|https://chile.mimusjobs.com/job/operarios-de-bodega-quilicura-en-turno-noche-755-000-liquidos-cyber-day-colacion-bus-5/,2026-09-27T17:08:33.246938,https://cl.computrabajo.com/empleos-en-r.metropolitana-en-santiago-centro,4
4aa9b65cf7357ae0,https://cl.computrabajo.com/ofertas-de-trabajo/oferta-de-trabajo-de-operariosas-de-bodega-lunes-a-viernes-707000-liq-turno-madrugada-colacion-movilizacion-en-santiago-quilicura-3FE1A7E82A6ADB6B61373E686DCF3405,Operarios(as) de Bodega lunes a viernes/ $707.000 Líq/ Turno madrugada/ Colación + Movilización,posted|wp_id=32356|https://chile.mimusjobs.com/job/operariosas-de-bodega-lunes-a-viernes-707-000-liq-turno-madrugada-colacion-movilizacion-8/,2026-09-27T17:08:40.069219,https://cl.computrabajo.com/empleos-en-r.metropolitana-en-santiago-centro,4
823c00d5aad92fb6,https://cl.computrabajo.com/ofertas-de-trabajo/oferta-de-trabajo-de-operario-de-tienda-cajerosas-turnos-continuos-para-supermercado-en-maipu-turnos-continuos-en-santiago-cerrillos-AEE5E4EA1A761EEC61373E686DCF3405,Operario de tienda cajeros/as Turnos continuos para supermercado en Maipú - Turnos continuos.,posted|wp_id=32358|https://chile.mimusjobs.com/job/operario-de-tienda-cajeros-as-turnos-continuos-para-supermercado-en-maipu-turnos-continuos-5/,2026-09-27T17:08:49.389037,https://cl.computrabajo.com/empleos-en-r.metropolitana-en-santiago-centro,5
4d72d7ef3c3da235,https://cl.computrabajo.com/ofertas-de-trabajo/oferta-de-trabajo-de-operarioa-de-bodega-chorrillo-lampa-turno-diurno-ingreso-inmediato-en-santiago-estacion-central-323896EB10054D5061373E686DCF3405,"Operario/a de Bodega . Chorrillo lampa, Turno Diurno, Ingreso Inmediato",posted|wp_id=12197|https://chile.mimusjobs.com/job/operario-a-de-bodega-chorrillo-lampa-turno-diurno-ingreso-inmediato/,2026-09-27T17:08:52.377536,https://cl.computrabajo.com/empleos-en-r.metropolitana-en-santiago-centro,5
c5c995567de559dd,https://cl.computrabajo.com/ofertas-de-trabajo/oferta-de-trabajo-de-auxiliares-de-aseo-metro-de-santiago-turno-am-taller-puente-alto-en-puente-alto-6EF3640F0ACD01B561373E686DCF3405,Auxiliares de Aseo Metro de Santiago - Turno AM Taller Puente Alto,posted|wp_id=32360|https://chile.mimusjobs.com/job/auxiliares-de-aseo-metro-de-santiago-turno-am-taller-puente-alto/,2026-09-27T17:08:59.085037,https://cl.computrabajo.com/empleos-en-r.metropolitana-en-santiago-centro,5
0407c8a8bbeca3c3,https://cl.computrabajo.com/ofertas-de-trabajo/oferta-de-trabajo-de-operario-de-bodega-in-house-cyber-turno-tarde-745000-aprox-van-en-santiago-pudahuel-395C4E49D1C151B461373E686DCF3405,Operario de Bodega In House Cyber / Turno Tarde / 745.000 Aprox + Van,posted|wp_id=10152|https://chile.mimusjobs.com/job/operario-de-bodega-in-house-cyber-turno-tarde-745-000-aprox-van/,2026-09-27T17:09:03.003310,https://cl.computrabajo.com/empleos-en-r.metropolitana-en-santiago-centro,5
c0ef498907f62c9e,https://cl.computrabajo.com/ofertas-de-trabajo/oferta-de-trabajo-de-operariosas-de-bodega-part-35000-liq-turno-tardecolacion-movilizacion-en-santiago-quilicura-DBBC2BE7E386C0DB61373E686DCF3405,Operarios(as) de Bodega Part/ $35.000 Líq/ Turno Tarde/Colación + Movilización,posted|wp_id=32362|https://chile.mimusjobs.com/job/operariosas-de-bodega-part-35-000-liq-turno-tarde-colacion-movilizacion-5/,2026-09-27T17:09:08.193632,https://cl.computrabajo.com/empleos-en-r.metropolitana-en-santiago-centro,5
7e617d39b09e7e8d,https://cl.computrabajo.com/ofertas-de-trabajo/oferta-de-trabajo-de-auxiliares-de-aseo-metro-de-santiago-part-time-linea-4-4a-en-santiago-centro-47CB7D7F0E0EA00761373E686DCF3405,Auxiliares de Aseo Metro de Santiago - Part Time Línea 4 4A,posted|wp_id=32364|https://chile.mimusjobs.com/job/auxiliares-de-aseo-metro-de-santiago-part-time-linea-4-4a/,2026-09-27T17:09:13.445227,https://cl.computrabajo.com/empleos-en-r.metropolitana-en-santiago-centro,5
f43494e5ba4b31f6,https://cl.computrabajo.com/ofertas-de-trabajo/oferta-de-trabajo-de-guardia-de-seguridad-tienda-dbs-4x4-dia660000-os10-vigente-mall-costanera-center-providencia-en-santiago-providencia-B32E135C72368D2C61373E686DCF3405,"Guardia de Seguridad Tienda DBS 4x4 dia/$660.000 OS10 Vigente, Mall Costanera Center - Providencia",posted|wp_id=32366|https://chile.mimusjobs.com/job/guardia-de-seguridad-tienda-dbs-4x4-dia-660-000-os10-vigente-mall-costanera-center-providencia/,2026-09-27T17:09:17.669739,https://cl.computrabajo.com/empleos-en-r.metropolitana-en-santiago-centro,5
d867c839a2fa7df1,https://cl.computrabajo.com/ofertas-de-trabajo/oferta-de-trabajo-de-operarios-de-bodega-part-time-35000-liq-turno-nochecolacion-movilizacion-en-santiago-quilicura-838CEBD473260D8A61373E686DCF3405,Operarios de Bodega Part Time / $35.000 Líq/ Turno noche/Colación + Movilización,posted|wp_id=32368|https://chile.mimusjobs.com/job/operarios-de-bodega-part-time-35-000-liq-turno-noche-colacion-movilizacion-5/,2026-09-27T17:09:23.137508,https://cl.computrabajo.com/empleos-en-r.metropolitana-en-santiago-centro,5
d873fd5166b8f795,https://cl.computrabajo.com/ofertas-de-trabajo/oferta-de-trabajo-de-control-de-acceso-administrativo-turnos-continuos-para-supermercado-en-san-bernardo--turnos-continuos-en-santiago-el-bosque-2C9C39FC1A4E84C861373E686DCF3405,Control de acceso administrativo Turnos continuos para supermercado En San Bernardo. . - Turnos continuos.,posted|wp_id=32370|https://chile.mimusjobs.com/job/control-de-acceso-administrativo-turnos-continuos-para-supermercado-en-san-bernardo-turnos-continuos-2/,2026-09-27T17:09:28.704415,https://cl.computrabajo.com/empleos-en-r.metropolitana-en-santiago-centro,5
f6e3e6669b1dff43,https://cl.computrabajo.com/ofertas-de-trabajo/oferta-de-trabajo-de-operario-de-bodega-por-cyberday-maipu-turno-noche-av-lo-espejo-en-padre-hurtado-E1B85AF5089067D561373E686DCF3405,"Operario de bodega por Cyberday, Maipu / Turno Noche - Av Lo Espejo",posted|wp_id=32372|https://chile.mimusjobs.com/job/operario-de-bodega-por-cyberday-maipu-turno-noche-av-lo-espejo/,2026-09-27T17:09:34.478365,https://cl.computrabajo.com/empleos-en-r.metropolitana-en-santiago-centro,5
9ade348a52e58235,https://cl.computrabajo.com/ofertas-de-trabajo/oferta-de-trabajo-de-operario-de-bodega-por-cyberday-maipu-turno-dia-av-lo-espejo-en-padre-hurtado-B5F3211BC0C24ADD61373E686DCF3405,"Operario de bodega por Cyberday, Maipu / Turno Día - Av Lo Espejo",posted|wp_id=32374|https://chile.mimusjobs.com/job/operario-de-bodega-por-cyberday-maipu-turno-dia-av-lo-espejo-8/,2026-09-27T17:09:40.514497,https://cl.computrabajo.com/empleos-en-r.metropolitana-en-santiago-centro,5
399005a00922ede5,https://cl.computrabajo.com/ofertas-de-trabajo/oferta-de-trabajo-de-operario-de-bodega-buses-acercamiento-dentro-de-santiago-en-san-bernardo-1466BCD67D8DF2D061373E686DCF3405,Operario de Bodega / Buses acercamiento dentro de Santiago,posted|wp_id=32376|https://chile.mimusjobs.com/job/operario-de-bodega-buses-acercamiento-dentro-de-santiago/,2026-09-27T17:09:45.129382,https://cl.computrabajo.com/empleos-en-r.metropolitana-en-santiago-centro,5
a4d1a881e1189b1a,https://cl.computrabajo.com/ofertas-de-trabajo/oferta-de-trabajo-de-operarios-de-bodega-cerrillostarde-noche-cyber-day-en-santiago-cerrillos-7E57971B9961808161373E686DCF3405,Operarios de Bodega/ Cerrillos/Tarde Noche/ Cyber Day,posted|wp_id=30079|https://chile.mimusjobs.com/job/operarios-de-bodega-cerrillos-tarde-noche-cyber-day/,2026-09-27T17:09:48.361135,https://cl.computrabajo.com/empleos-en-r.metropolitana-en-santiago-centro,5
141b05f251972ebe,https://cl.computrabajo.com/ofertas-de-trabajo/oferta-de-trabajo-de-operario-linea-produccion-de-alimentos-en-santiago-pudahuel-A3BA3B31594EA63F61373E686DCF3405,Operario Linea Producción de alimentos,posted|wp_id=32377|https://chile.mimusjobs.com/job/operario-linea-produccion-de-alimentos-2/,2026-09-27T17:09:51.466652,https://cl.computrabajo.com/empleos-en-r.metropolitana-en-santiago-centro,5
67a185edbe221d2f,https://cl.computrabajo.com/ofertas-de-trabajo/oferta-de-trabajo-de-operario-bodega-3-turnos-rotativos-ingreso-inmediato-en-santiago-pudahuel-D9EC17133CA3FBB861373E686DCF3405,Operario Bodega 3 turnos rotativos Ingreso Inmediato,posted|wp_id=10763|https://chile.mimusjobs.com/job/operario-bodega-3-turnos-rotativos-ingreso-inmediato/,2026-09-27T17:09:53.195031,https://cl.computrabajo.com/empleos-en-r.metropolitana-en-santiago-centro,5
7b68bfc5870bfc4d,https://cl.computrabajo.com/ofertas-de-trabajo/oferta-de-trabajo-de-operario-bodega-varon-inmediato-en-santiago-pudahuel-A1BC17D169DBE14E61373E686DCF3405,Operario Bodega Varón Inmediato,posted|wp_id=32378|https://chile.mimusjobs.com/job/operario-bodega-varon-inmediato-2/,2026-09-27T17:09:56.722112,https://cl.computrabajo.com/empleos-en-r.metropolitana-en-santiago-centro,5
91f862d71308f72f,https://cl.computrabajo.com/ofertas-de-trabajo/oferta-de-trabajo-de-operariosas-de-bodega-lunes-a-viernes-707000-liq-turno-manana-colacion-movilizacion-en-santiago-quilicura-2338A4746D8DF95261373E686DCF3405,Operarios(as) de Bodega lunes a viernes / $707.000 Líq/ Turno mañana/ Colación + Movilización,posted|wp_id=32380|https://chile.mimusjobs.com/job/operariosas-de-bodega-lunes-a-viernes-707-000-liq-turno-manana-colacion-movilizacion-10/,2026-09-27T17:10:02.500967,https://cl.computrabajo.com/empleos-en-r.metropolitana-en-santiago-centro,5
70fb1608a1fe2526,https://cl.computrabajo.com/ofertas-de-trabajo/oferta-de-trabajo-de-operador-picker-puerto-montt-en-puerto-montt-0B506F699264704161373E686DCF3405,Operador Picker Puerto Montt,posted|wp_id=28360|https://chile.mimusjobs.com/job/operador-picker-puerto-montt/,2026-09-27T17:10:06.021327,https://cl.computrabajo.com/empleos-en-r.metropolitana-en-santiago-centro,5
b813a36a9efa9aa3,https://cl.computrabajo.com/ofertas-de-trabajo/oferta-de-trabajo-de-asistente-de-prevencion-de-riesgos-talagante-en-talagante-5B3BFE96EB5B554A61373E686DCF3405,Asistente de Prevención de Riesgos / Talagante,posted|wp_id=32382|https://chile.mimusjobs.com/job/asistente-de-prevencion-de-riesgos-talagante/,2026-09-27T17:10:12.421823,https://cl.computrabajo.com/empleos-en-r.metropolitana-en-santiago-centro,5
8e7b46b249d7fdca,https://cl.computrabajo.com/ofertas-de-trabajo/oferta-de-trabajo-de-vendedora-marcas-de-lujo-full-time-excluyente-providencia-en-santiago-maipu-D5EABC97F484369961373E686DCF3405,Vendedor/a Marcas de Lujo / Full Time (Excluyente) - Providencia,posted|wp_id=11015|https://chile.mimusjobs.com/job/vendedor-a-marcas-de-lujo-full-time-excluyente-providencia/,2026-09-27T17:10:15.823381,https://cl.computrabajo.com/empleos-en-r.metropolitana-en-santiago-centro,6
e352019dea89907b,https://cl.computrabajo.com/ofertas-de-trabajo/oferta-de-trabajo-de-reclutador-masivo-agroindustrial-proyecto-en-santiago-providencia-84C95D8ADA105CFB61373E686DCF3405,Reclutador Masivo Agroindustrial Proyecto,posted|wp_id=32384|https://chile.mimusjobs.com/job/reclutador-masivo-agroindustrial-proyecto/,2026-09-27T17:10:20.533700,https://cl.computrabajo.com/empleos-en-r.metropolitana-en-santiago-centro,6
b5db176310246762,https://cl.computrabajo.com/ofertas-de-trabajo/oferta-de-trabajo-de-ordenador-de-carros-de-supermercado-en-san-bernardofin-de-semana-ingreso-hoy-fines-de-semana-en-san-bernardo-0351C1E0C3D5CE1B61373E686DCF3405,Ordenador de Carros de supermercado en San Bernardo/fin de semana/ ingreso hoy - fines de semana,posted|wp_id=32386|https://chile.mimusjobs.com/job/ordenador-de-carros-de-supermercado-en-san-bernardo-fin-de-semana-ingreso-hoy-fines-de-semana-4/,2026-09-27T17:10:25.405579,https://cl.computrabajo.com/empleos-en-r.metropolitana-en-santiago-centro,6
2c8d15fa39914657,https://cl.computrabajo.com/ofertas-de-trabajo/oferta-de-trabajo-de-carrero-para-supermercado-turnos-continuos-para-supermercado-en-quinta-normal-turnos-continuos-en-santiago-quinta-normal-3E5233AA38F90BCB61373E686DCF3405,Carrero para supermercado turnos continuos para supermercado en Quinta Normal - Turnos continuos.,posted|wp_id=32388|https://chile.mimusjobs.com/job/carrero-para-supermercado-turnos-continuos-para-supermercado-en-quinta-normal-turnos-continuos-2/,2026-09-27T17:10:31.467640,https://cl.computrabajo.com/empleos-en-r.metropolitana-en-santiago-centro,6
f3dedc4e2d1de40f,https://cl.computrabajo.com/ofertas-de-trabajo/oferta-de-trabajo-de-operariosas-de-bodega-turno-noche-pudahuel-puerto-madero-645000-temporada-cyber-en-santiago-pudahuel-3E4A0381EB3934ED61373E686DCF3405,Operarios(as) de Bodega Turno Noche Pudahuel Puerto Madero $645000 Temporada Cyber,posted|wp_id=32390|https://chile.mimusjobs.com/job/operariosas-de-bodega-turno-noche-pudahuel-puerto-madero-645000-temporada-cyber/,2026-09-27T17:10:35.842500,https://cl.computrabajo.com/empleos-en-r.metropolitana-en-santiago-centro,6
1f458efefc7042aa,https://cl.computrabajo.com/ofertas-de-trabajo/oferta-de-trabajo-de-operador-bodega-quinta-normal-en-santiago-quinta-normal-F9D0F813E7A7B35B61373E686DCF3405,Operador Bodega Quinta Normal,posted|wp_id=32392|https://chile.mimusjobs.com/job/operador-bodega-quinta-normal/,2026-09-27T17:10:41.593630,https://cl.computrabajo.com/empleos-en-r.metropolitana-en-santiago-centro,6
f5c0c9df609cd287,https://cl.computrabajo.com/ofertas-de-trabajo/oferta-de-trabajo-de-operario-de-bodega-in-house-turno-noche-801000-aprox-van-en-santiago-pudahuel-349C6D71610B46F161373E686DCF3405,Operario de Bodega In House / Turno Noche / 801.000 Aprox + Van,posted|wp_id=11847|https://chile.mimusjobs.com/job/operario-de-bodega-in-house-turno-noche-801-000-aprox-van/,2026-09-27T17:10:44.438052,https://cl.computrabajo.com/empleos-en-r.metropolitana-en-santiago-centro,6
1a1ef3236edb0a4a,https://cl.computrabajo.com/ofertas-de-trabajo/oferta-de-trabajo-de-recepcionista-de-centro-de-belleza-en-santiago-la-reina-0669C208A3DEA95A61373E686DCF3405,Recepcionista de Centro de Belleza.,posted|wp_id=32396|https://chile.mimusjobs.com/job/recepcionista-de-centro-de-belleza/,2026-09-27T17:10:52.015874,https://cl.computrabajo.com/empleos-en-r.metropolitana-en-santiago-centro,6
f09970968a19ceaa,https://cl.computrabajo.com/ofertas-de-trabajo/oferta-de-trabajo-de-programador-de-sistemas-vibe-coding-puente-alto-en-puente-alto-11C6083C42D004B961373E686DCF3405,Programador de Sistemas Vibe Coding - Puente Alto,posted|wp_id=32397|https://chile.mimusjobs.com/job/programador-de-sistemas-vibe-coding-puente-alto/,2026-09-27T17:10:55.348795,https://cl.computrabajo.com/empleos-en-r.metropolitana-en-santiago-centro,6
c7800ae7da019ae7,https://cl.computrabajo.com/ofertas-de-trabajo/oferta-de-trabajo-de-desarrollador-de-ia-manejo-de-vibe-coding-claude-code-o-codex-puente-alto-en-puente-alto-8A721EF30995F2EA61373E686DCF3405,"Desarrollador de IA Manejo de Vibe Coding, - Claude Code o Codex Puente Alto",posted|wp_id=32398|https://chile.mimusjobs.com/job/desarrollador-de-ia-manejo-de-vibe-coding-claude-code-o-codex-puente-alto/,2026-09-27T17:10:59.197380,https://cl.computrabajo.com/empleos-en-r.metropolitana-en-santiago-centro,6
0c2f56f51057513b,https://cl.computrabajo.com/ofertas-de-trabajo/oferta-de-trabajo-de-administrativo-logistico-en-santiago-pudahuel-066AEEACCE49136A61373E686DCF3405,Administrativo Logistico,posted|wp_id=2276|https://chile.mimusjobs.com/job/administrativo-logistico/,2026-09-27T17:11:01.619046,https://cl.computrabajo.com/empleos-en-r.metropolitana-en-santiago-centro,6
107fcc698602c5c3,https://cl.computrabajo.com/ofertas-de-trabajo/oferta-de-trabajo-de-apilador-bt-en-santiago-pudahuel-33ECEC86DC27CC3661373E686DCF3405,Apilador Bt,posted|wp_id=11611|https://chile.mimusjobs.com/job/apilador-bt/,2026-09-27T17:11:04.025059,https://cl.computrabajo.com/empleos-en-r.metropolitana-en-santiago-centro,6
b65e615c4d476f34,https://cl.computrabajo.com/ofertas-de-trabajo/oferta-de-trabajo-de-operador-apilador-doble-pantografo-en-santiago-pudahuel-9012BC970890C82061373E686DCF3405,Operador Apilador Doble Pantógrafo,posted|wp_id=32400|https://chile.mimusjobs.com/job/operador-apilador-doble-pantografo-2/,2026-09-27T17:11:09.266797,https://cl.computrabajo.com/empleos-en-r.metropolitana-en-santiago-centro,6
119f64e0f43b27b7,https://cl.computrabajo.com/ofertas-de-trabajo/oferta-de-trabajo-de-tecnologo-logistico-para-el-area-de-calidad-egresado-de-carrera-tecnica-agricola-o-similar-en-santiago-pudahuel-63DEE693FF10733261373E686DCF3405,"Tecnólogo Logístico para el área de Calidad, egresado de carrera técnica Agricola o similar",posted|wp_id=32401|https://chile.mimusjobs.com/job/tecnologo-logistico-para-el-area-de-calidad-egresado-de-carrera-tecnica-agricola-o-similar-5/,2026-09-27T17:11:12.611402,https://cl.computrabajo.com/empleos-en-r.metropolitana-en-santiago-centro,6
1347fcca41a74733,https://cl.computrabajo.com/ofertas-de-trabajo/oferta-de-trabajo-de-operario-farmacia-valparaiso-en-santiago-pudahuel-1D40D3E527FEB27361373E686DCF3405,Operario Farmacia Valparaiso,posted|wp_id=28334|https://chile.mimusjobs.com/job/operario-farmacia-valparaiso/,2026-09-27T17:11:14.553291,https://cl.computrabajo.com/empleos-en-r.metropolitana-en-santiago-centro,6
c3c40a2f13626120,https://cl.computrabajo.com/ofertas-de-trabajo/oferta-de-trabajo-de-operario-de-bodega-ingreso-29-de-septiembre-turno-noche-2000-a-0600-am-san-bernardo-600000-5-x-2-san-bernardo-en-san-bernardo-06E1D0F8EB064F3461373E686DCF3405,Operario de bodega Ingreso 29 de Septiembre turno Noche 20:00 a 06:00 AM San Bernardo 600.000 5 x 2 - San Bernardo,posted|wp_id=32403|https://chile.mimusjobs.com/job/operario-de-bodega-ingreso-29-de-septiembre-turno-noche-2000-a-0600-am-san-bernardo-600-000-5-x-2-san-bernardo-2/,2026-09-27T17:11:19.453183,https://cl.computrabajo.com/empleos-en-r.metropolitana-en-santiago-centro,6
5fc1ddc13ee2df9d,https://cl.computrabajo.com/ofertas-de-trabajo/oferta-de-trabajo-de-operario-limpieza-constructora-dtos-nuevos-penalolen--en-santiago-pudahuel-A849D4FFB137DAB061373E686DCF3405,Operario Limpieza Constructora ( dtos nuevos Peñalolen ),posted|wp_id=32404|https://chile.mimusjobs.com/job/operario-limpieza-constructora-dtos-nuevos-penalolen-2/,2026-09-27T17:11:22.326484,https://cl.computrabajo.com/empleos-en-r.metropolitana-en-santiago-centro,6
e1c9db954eb2ab06,https://cl.computrabajo.com/ofertas-de-trabajo/oferta-de-trabajo-de-operario-de-bodega-turno-dia-san-bernardo-ingreso-29-de-septiembre-0800-a-1800-san-bernardo-en-san-bernardo-5BC628363DED1EE561373E686DCF3405,"Operario de bodega Turno Día San Bernardo, Ingreso 29 de Septiembre 08:00 a 18:00 - San Bernardo",posted|wp_id=32406|https://chile.mimusjobs.com/job/operario-de-bodega-turno-dia-san-bernardo-ingreso-29-de-septiembre-0800-a-1800-san-bernardo-2/,2026-09-27T17:11:27.622492,https://cl.computrabajo.com/empleos-en-r.metropolitana-en-santiago-centro,6
1c121dab645c619a,https://cl.computrabajo.com/ofertas-de-trabajo/oferta-de-trabajo-de-ordenador-de-carros-para-supermercado-en-linares-fines-de-semana-horario-rotativo-am-y-pm-en-linares-B1686F05FE92B3C361373E686DCF3405,Ordenador de Carros para Supermercado en Linares. Fines de semana - Horario Rotativo am y pm,posted|wp_id=32408|https://chile.mimusjobs.com/job/ordenador-de-carros-para-supermercado-en-linares-fines-de-semana-horario-rotativo-am-y-pm-3/,2026-09-27T17:11:33.313922,https://cl.computrabajo.com/empleos-en-r.metropolitana-en-santiago-centro,6
6f338e825a3e262a,https://cl.computrabajo.com/ofertas-de-trabajo/oferta-de-trabajo-de-promo-vendedora-marcas-de-lujo-full-time-excluyente-las-condes-providencia-en-santiago-las-condes-3BE656A09802264461373E686DCF3405,"Promo Vendedor/a Marcas de Lujo / Full Time (Excluyente) - Las Condes, Providencia",posted|wp_id=32410|https://chile.mimusjobs.com/job/promo-vendedor-a-marcas-de-lujo-full-time-excluyente-las-condes-providencia-5/,2026-09-27T17:11:39.193223,https://cl.computrabajo.com/empleos-en-r.metropolitana-en-santiago-centro,6
b2db9a2c69df3ca7,https://cl.computrabajo.com/ofertas-de-trabajo/oferta-de-trabajo-de-operario-de-bodega-turno-noche-611000-liquidos-san-bernardo-periodo-cyber-colacion-bus-en-san-bernardo-A1A41D456E9F42DB61373E686DCF3405,Operario de Bodega Turno Noche $611.000 líquidos San Bernardo periodo Cyber / Colación + bus,posted|wp_id=32412|https://chile.mimusjobs.com/job/operario-de-bodega-turno-noche-611-000-liquidos-san-bernardo-periodo-cyber-colacion-bus-21/,2026-09-27T17:11:44.094428,https://cl.computrabajo.com/empleos-en-r.metropolitana-en-santiago-centro,7
105459c20470e1a1,https://cl.computrabajo.com/ofertas-de-trabajo/oferta-de-trabajo-de-operador-bodega-lo-barnechea-en-santiago-lo-barnechea-86FF7DB17703D1C961373E686DCF3405,Operador Bodega Lo barnechea,posted|wp_id=28331|https://chile.mimusjobs.com/job/operador-bodega-lo-barnechea/,2026-09-27T17:11:47.412530,https://cl.computrabajo.com/empleos-en-r.metropolitana-en-santiago-centro,7
c7abf0f00f2a0d21,https://cl.computrabajo.com/ofertas-de-trabajo/oferta-de-trabajo-de-operador-tienda-de-supermercado-en-tres-poniente-maipu-turnos-continuos-en-santiago-maipu-6B45BFEE437B184261373E686DCF3405,"Operador Tienda de Supermercado en Tres Poniente, Maipú. Turnos continuos",posted|wp_id=32414|https://chile.mimusjobs.com/job/operador-tienda-de-supermercado-en-tres-poniente-maipu-turnos-continuos-6/,2026-09-27T17:11:52.416060,https://cl.computrabajo.com/empleos-en-r.metropolitana-en-santiago-centro,7
b2f6fc6a6fb80478,https://cl.computrabajo.com/ofertas-de-trabajo/oferta-de-trabajo-de-operador-tienda-de-supermercado-en-camino-rinconada-maipu-turnos-continuos-horario-rotativos-am-y-pm-en-santiago-maipu-DC9CEB823359F5FD61373E686DCF3405,"Operador Tienda de Supermercado en Camino Rinconada, Maipú . Turnos continuos - Horario Rotativos AM y PM",posted|wp_id=32416|https://chile.mimusjobs.com/job/operador-tienda-de-supermercado-en-camino-rinconada-maipu-turnos-continuos-horario-rotativos-am-y-pm-3/,2026-09-27T17:11:57.785366,https://cl.computrabajo.com/empleos-en-r.metropolitana-en-santiago-centro,7
f5addd7446b7f92e,https://cl.computrabajo.com/ofertas-de-trabajo/oferta-de-trabajo-de-guardias-part-time-con-os10-para-casino-monticello-en-mostazal-78FDCD27495A435061373E686DCF3405,Guardias Part Time con OS10 para Casino Monticello,posted|wp_id=28325|https://chile.mimusjobs.com/job/guardias-part-time-con-os10-para-casino-monticello/,2026-09-27T17:12:00.830652,https://cl.computrabajo.com/empleos-en-r.metropolitana-en-santiago-centro,7
49478a08bd7f67fe,https://cl.computrabajo.com/ofertas-de-trabajo/oferta-de-trabajo-de-operador-tienda-de-supermercado-en-av-americo-vespucio-norte-maipu-turnos-continuos-en-santiago-maipu-ED3143DECA7787B961373E686DCF3405,"Operador Tienda de Supermercado en Av Américo Vespucio Norte, Maipú. Turnos continuos",posted|wp_id=32418|https://chile.mimusjobs.com/job/operador-tienda-de-supermercado-en-av-americo-vespucio-norte-maipu-turnos-continuos-2/,2026-09-27T17:12:05.978529,https://cl.computrabajo.com/empleos-en-r.metropolitana-en-santiago-centro,7
b48a29c2c94504e9,https://cl.computrabajo.com/ofertas-de-trabajo/oferta-de-trabajo-de-ordenador-de-carros-para-supermercado-en-balmaceda-calama-fines-de-semana-horario-rotativo-am-y-pm-en-calama-D2F28770ABC4712E61373E686DCF3405,"Ordenador de Carros para Supermercado en Balmaceda, Calama. Fines de semana - Horario Rotativo am y pm",posted|wp_id=32420|https://chile.mimusjobs.com/job/ordenador-de-carros-para-supermercado-en-balmaceda-calama-fines-de-semana-horario-rotativo-am-y-pm-2/,2026-09-27T17:12:12.303278,https://cl.computrabajo.com/empleos-en-r.metropolitana-en-santiago-centro,7
623d3d25b8a3f793,https://cl.computrabajo.com/ofertas-de-trabajo/oferta-de-trabajo-de-ordenadores-de-carros-para-supermercado-en-av-iquique-corner-antofagasta-turnos-continuos-horario-rotativos-am-y-pm-en-antofagasta-FB196A49945B7FCE61373E686DCF3405,"Ordenadores de Carros para Supermercado en Av. Iquique (corner), Antofagasta. Turnos continuos - Horario Rotativos AM y PM",posted|wp_id=32422|https://chile.mimusjobs.com/job/ordenadores-de-carros-para-supermercado-en-av-iquique-corner-antofagasta-turnos-continuos-horario-rotativos-am-y-pm-3/,2026-09-27T17:12:17.676551,https://cl.computrabajo.com/empleos-en-r.metropolitana-en-santiago-centro,7
d2b23c05fc6cd811,https://cl.computrabajo.com/ofertas-de-trabajo/oferta-de-trabajo-de-ordenador-de-carros-de-supermercado-en-av-alessandri-curico-turnos-continuos-horario-rotativos-am-y-pm-en-curico-13230ECEC146B28861373E686DCF3405,"Ordenador de Carros de Supermercado en Av. Alessandri, Curicó. Turnos continuos - Horario Rotativos AM y PM",posted|wp_id=32424|https://chile.mimusjobs.com/job/ordenador-de-carros-de-supermercado-en-av-alessandri-curico-turnos-continuos-horario-rotativos-am-y-pm-2/,2026-09-27T17:12:22.984225,https://cl.computrabajo.com/empleos-en-r.metropolitana-en-santiago-centro,7
9ab44d3f25acd9a3,https://cl.computrabajo.com/ofertas-de-trabajo/oferta-de-trabajo-de-encarpadores-670000-turnos-rotativos-cabrero-en-cabrero-D98228A3E11FE89461373E686DCF3405,"Encarpadores, $670.000, Turnos Rotativos, Cabrero",posted|wp_id=22732|https://chile.mimusjobs.com/job/encarpadores-670-000-turnos-rotativos-cabrero/,2026-09-27T17:12:25.946517,https://cl.computrabajo.com/empleos-en-r.metropolitana-en-santiago-centro,7
d7619685a006f5c8,https://cl.computrabajo.com/ofertas-de-trabajo/oferta-de-trabajo-de-operarios-produccion-657000-colacion-acercamiento-lunes-a-viernes-turnos-rotativos-pudahuel-en-santiago-pudahuel-C07B2AC0B687455D61373E686DCF3405,Operarios Producción 657000 colación acercamiento lunes a viernes Turnos Rotativos Pudahuel,posted|wp_id=32426|https://chile.mimusjobs.com/job/operarios-produccion-657000-colacion-acercamiento-lunes-a-viernes-turnos-rotativos-pudahuel-3/,2026-09-27T17:12:31.874298,https://cl.computrabajo.com/empleos-en-r.metropolitana-en-santiago-centro,7
d13198d51a773387,https://cl.computrabajo.com/ofertas-de-trabajo/oferta-de-trabajo-de-generalista-de-remuneraciones-en-santiago-centro-5A56E7577E8A6D2261373E686DCF3405,Generalista de remuneraciones,posted|wp_id=17553|https://chile.mimusjobs.com/job/generalista-de-remuneraciones/,2026-09-27T17:12:34.663641,https://cl.computrabajo.com/empleos-en-r.metropolitana-en-santiago-centro,7
f74f600348959a60,https://cl.computrabajo.com/ofertas-de-trabajo/oferta-de-trabajo-de-operario-de-bodega-campana-cyber-day-620000-coronel-contratos-semanales-en-coronel-0CA1478BAE7136B261373E686DCF3405,"Operario de bodega, Campaña Cyber Day, $620.000, Coronel, Contratos Semanales",posted|wp_id=32428|https://chile.mimusjobs.com/job/operario-de-bodega-campana-cyber-day-620-000-coronel-contratos-semanales-3/,2026-09-27T17:12:40.829930,https://cl.computrabajo.com/empleos-en-r.metropolitana-en-santiago-centro,7
0c9388abf79b40a7,https://cl.computrabajo.com/ofertas-de-trabajo/oferta-de-trabajo-de-movilizador-de-vehiculos-con-estudios-en-mecanica-740000-automotora-camino-lonquen-san-bernardo-en-san-bernardo-469F14C5AB7FF2DD61373E686DCF3405,Movilizador de Vehículos con estudios en mecánica - 740.000 Automotora Camino Lonquen San Bernardo,posted|wp_id=32430|https://chile.mimusjobs.com/job/movilizador-de-vehiculos-con-estudios-en-mecanica-740-000-automotora-camino-lonquen-san-bernardo-5/,2026-09-27T17:12:46.058700,https://cl.computrabajo.com/empleos-en-r.metropolitana-en-santiago-centro,7
dbf34d9ec39ab8bd,https://cl.computrabajo.com/ofertas-de-trabajo/oferta-de-trabajo-de-operario-de-bodega-para-empresa-rubro-retail-turno-rotativo-am-y-tarde-so-590000-av-lo-espejo-cerrillos-en-santiago-cerrillos-09594E53A223951F61373E686DCF3405,"Operario de bodega para empresa rubro retail turno rotativo am y tarde so - 590.000 av lo espejo, Cerrillos",posted|wp_id=32432|https://chile.mimusjobs.com/job/operario-de-bodega-para-empresa-rubro-retail-turno-rotativo-am-y-tarde-so-590-000-av-lo-espejo-cerrillos-8/,2026-09-27T17:12:50.577222,https://cl.computrabajo.com/empleos-en-r.metropolitana-en-santiago-centro,7
8566ca58a648493d,https://cl.computrabajo.com/ofertas-de-trabajo/oferta-de-trabajo-de-demand-planner-en-santiago-huechuraba-CD26AB6155FD8E3161373E686DCF3405,Demand Planner,posted|wp_id=4978|https://chile.mimusjobs.com/job/demand-planner/,2026-09-27T17:12:52.550407,https://cl.computrabajo.com/empleos-en-r.metropolitana-en-santiago-centro,7
58984207e64f66a5,https://cl.computrabajo.com/ofertas-de-trabajo/oferta-de-trabajo-de-operario-de-bodega-turno-tarde-san-bernardo-en-san-bernardo-CB1A7934A35527A261373E686DCF3405,Operario de Bodega (turno tarde) - San Bernardo,posted|wp_id=22765|https://chile.mimusjobs.com/job/operario-de-bodega-turno-tarde-san-bernardo/,2026-09-27T17:12:55.159820,https://cl.computrabajo.com/empleos-en-r.metropolitana-en-santiago-centro,7
8b92188db49ff25e,https://cl.computrabajo.com/ofertas-de-trabajo/oferta-de-trabajo-de-tecnico-en-prevencion-de-riesgos-lampa-en-lampa-180AA24D3AC999C161373E686DCF3405,Tecnico en prevencion de riesgos - Lampa,posted|wp_id=32434|https://chile.mimusjobs.com/job/tecnico-en-prevencion-de-riesgos-lampa/,2026-09-27T17:13:01.774767,https://cl.computrabajo.com/empleos-en-r.metropolitana-en-santiago-centro,7
945af7d9afd5d11d,https://cl.computrabajo.com/ofertas-de-trabajo/oferta-de-trabajo-de-tecnico-informatico-para-region-valparaiso-vina-del-mar-en-vina-del-mar-57139F3A7D434A7461373E686DCF3405,Técnico Informático para Región Valparaíso (Viña del Mar),posted|wp_id=32436|https://chile.mimusjobs.com/job/tecnico-informatico-para-region-valparaiso-vina-del-mar/,2026-09-27T17:13:07.808714,https://cl.computrabajo.com/empleos-en-r.metropolitana-en-santiago-centro,7
5dacade2126355cd,https://cl.computrabajo.com/ofertas-de-trabajo/oferta-de-trabajo-de-operarios-de-bodega-ingreso-inmediato-en-santiago-quilicura-467B56F6F9E6499161373E686DCF3405,Operarios de bodega / Ingreso Inmediato,posted|wp_id=11328|https://chile.mimusjobs.com/job/operarios-de-bodega-ingreso-inmediato/,2026-09-27T17:13:10.115896,https://cl.computrabajo.com/empleos-en-r.metropolitana-en-santiago-centro,8
74472143bf87218d,https://cl.computrabajo.com/ofertas-de-trabajo/oferta-de-trabajo-de-apilador-electrico-lunes-a-viernes-pudahuel-enea-en-santiago-pudahuel-64BFCFB1CE8DE1DF61373E686DCF3405,"Apilador Eléctrico (Lunes a Viernes) Pudahuel, ENEA",posted|wp_id=32438|https://chile.mimusjobs.com/job/apilador-electrico-lunes-a-viernes-pudahuel-enea/,2026-09-27T17:13:15.435033,https://cl.computrabajo.com/empleos-en-r.metropolitana-en-santiago-centro,8
b718a6ace503dea5,https://cl.computrabajo.com/ofertas-de-trabajo/oferta-de-trabajo-de-buscamos-operarios-de-bodega-turno-full-pm-pudahuel-en-santiago-pudahuel-05C785FD78008C4D61373E686DCF3405,¡Buscamos operarios de bodega Turno full PM Pudahuel!,posted|wp_id=32440|https://chile.mimusjobs.com/job/buscamos-operarios-de-bodega-turno-full-pm-pudahuel/,2026-09-27T17:13:20.036113,https://cl.computrabajo.com/empleos-en-r.metropolitana-en-santiago-centro,8
a4325b1c5b96d51f,https://cl.computrabajo.com/ofertas-de-trabajo/oferta-de-trabajo-de-operarioa-de-bodega-macul-en-santiago-macul-5245A5AEE029773F61373E686DCF3405,Operario/a de Bodega Macul,posted|wp_id=32442|https://chile.mimusjobs.com/job/operario-a-de-bodega-macul/,2026-09-27T17:13:24.827876,https://cl.computrabajo.com/empleos-en-r.metropolitana-en-santiago-centro,8
4da9c19e0539345d,https://cl.computrabajo.com/ofertas-de-trabajo/oferta-de-trabajo-de-operario-de-bodega-turno-noche-san-bernardo-en-san-bernardo-CE59DC3D7802ED3F61373E686DCF3405,Operario de Bodega (turno noche) - San Bernardo,posted|wp_id=22767|https://chile.mimusjobs.com/job/operario-de-bodega-turno-noche-san-bernardo/,2026-09-27T17:13:27.466886,https://cl.computrabajo.com/empleos-en-r.metropolitana-en-santiago-centro,8
c4fb87d131d847e5,https://cl.computrabajo.com/ofertas-de-trabajo/oferta-de-trabajo-de-ordenadores-de-carros-de-supermercado-nunoa-turnos-continuos-turnos-rotativos-jornada-completa-en-santiago-centro-2481376C0FED092361373E686DCF3405,Ordenadores de Carros de supermercado Ñuñoa/ Turnos continuos - Turnos Rotativos Jornada Completa,posted|wp_id=32444|https://chile.mimusjobs.com/job/ordenadores-de-carros-de-supermercado-nunoa-turnos-continuos-turnos-rotativos-jornada-completa-4/,2026-09-27T17:13:31.477550,https://cl.computrabajo.com/empleos-en-r.metropolitana-en-santiago-centro,8
b9cbcd03f80470c7,https://cl.computrabajo.com/ofertas-de-trabajo/oferta-de-trabajo-de-operador-de-tienda-maipu-turnos-continuos-ingreso-manana-turnos-rotativos-jornada-completa-en-santiago-maipu-799906F6C1B4246661373E686DCF3405,"Operador de Tienda Maipú, turnos continuos, ingreso mañana - Turnos Rotativos Jornada Completa",posted|wp_id=32446|https://chile.mimusjobs.com/job/operador-de-tienda-maipu-turnos-continuos-ingreso-manana-turnos-rotativos-jornada-completa-5/,2026-09-27T17:13:35.850652,https://cl.computrabajo.com/empleos-en-r.metropolitana-en-santiago-centro,8
bacf2c8b11973bd5,https://cl.computrabajo.com/ofertas-de-trabajo/oferta-de-trabajo-de-administradora-de-contrato-en-santiago-centro-3C3DDEAE346C837D61373E686DCF3405,Administrador/a de Contrato,posted|wp_id=3066|https://chile.mimusjobs.com/job/administrador-a-de-contrato/,2026-09-27T17:13:38.343581,https://cl.computrabajo.com/empleos-en-r.metropolitana-en-santiago-centro,8
041eea89eb1cf61f,https://cl.computrabajo.com/ofertas-de-trabajo/oferta-de-trabajo-de-electromecanico-de-equipos-de-apoyo-en-antofagasta-10CCEF0F14903AB261373E686DCF3405,Electromecánico de Equipos de Apoyo,posted|wp_id=32448|https://chile.mimusjobs.com/job/electromecanico-de-equipos-de-apoyo-3/,2026-09-27T17:13:42.875451,https://cl.computrabajo.com/empleos-en-r.metropolitana-en-santiago-centro,8
b944fc7b5e912eda,https://cl.computrabajo.com/ofertas-de-trabajo/oferta-de-trabajo-de-gestora-para-atencion-de-emergencia-en-santiago-centro-B3CC81B5E8EC568761373E686DCF3405,Gestor/a para Atención de Emergencia,posted|wp_id=32450|https://chile.mimusjobs.com/job/gestor-a-para-atencion-de-emergencia-4/,2026-09-27T17:13:47.711495,https://cl.computrabajo.com/empleos-en-r.metropolitana-en-santiago-centro,8
ed2003aa02a401dc,https://cl.computrabajo.com/ofertas-de-trabajo/oferta-de-trabajo-de-operarios-de-bodega-pudahuel-647000-con-colacion-y-buses-de-acercamiento-en-santiago-pudahuel-91C25144484F572B61373E686DCF3405,Operarios de bodega Pudahuel - $647.000 con colacion y buses de acercamiento,posted|wp_id=10206|https://chile.mimusjobs.com/job/operarios-de-bodega-pudahuel-647-000-con-colacion-y-buses-de-acercamiento/,2026-09-27T17:13:50.774181,https://cl.computrabajo.com/empleos-en-r.metropolitana-en-santiago-centro,8
4b04497de4ba96b4,https://cl.computrabajo.com/ofertas-de-trabajo/oferta-de-trabajo-de-especialista-en-protecciones-electricas-en-santiago-centro-11481309EF14C2BD61373E686DCF3405,Especialista en Protecciones Eléctricas,posted|wp_id=32452|https://chile.mimusjobs.com/job/especialista-en-protecciones-electricas-4/,2026-09-27T17:13:58.021760,https://cl.computrabajo.com/empleos-en-r.metropolitana-en-santiago-centro,8
a01e63a2d5641645,https://cl.computrabajo.com/ofertas-de-trabajo/oferta-de-trabajo-de-representante-de-unicef-part-time-en-rancagua-9BE77B00B773AA8161373E686DCF3405,Representante de Unicef - Part Time,posted|wp_id=16938|https://chile.mimusjobs.com/job/representante-de-unicef-part-time/,2026-09-27T17:14:01.676776,https://cl.computrabajo.com/empleos-en-r.metropolitana-en-santiago-centro,8
fbf8218d2d12db00,https://cl.computrabajo.com/ofertas-de-trabajo/oferta-de-trabajo-de-operario-de-produccion-alimentos-talagante-en-talagante-22B2A63029F24CC761373E686DCF3405,Operario de producción alimentos Talagante,posted|wp_id=32454|https://chile.mimusjobs.com/job/operario-de-produccion-alimentos-talagante-4/,2026-09-27T17:14:07.832080,https://cl.computrabajo.com/empleos-en-r.metropolitana-en-santiago-centro,8
d8cfbf60c2e42928,https://cl.computrabajo.com/ofertas-de-trabajo/oferta-de-trabajo-de-captadora-part-time-unicef-en-rancagua-FA466D31C104FDE261373E686DCF3405,Captador/a Part Time Unicef,posted|wp_id=16960|https://chile.mimusjobs.com/job/captador-a-part-time-unicef/,2026-09-27T17:14:10.865802,https://cl.computrabajo.com/empleos-en-r.metropolitana-en-santiago-centro,8
8e6ea2f062de9cbb,https://cl.computrabajo.com/ofertas-de-trabajo/oferta-de-trabajo-de-programadora-senior-de-obras-mt-en-santiago-centro-50DA77F0C9F82D8861373E686DCF3405,Programador/a Senior de Obras MT,posted|wp_id=16954|https://chile.mimusjobs.com/job/programador-a-senior-de-obras-mt/,2026-09-27T17:14:13.581621,https://cl.computrabajo.com/empleos-en-r.metropolitana-en-santiago-centro,8
5d25fa2e8cb41e8b,https://cl.computrabajo.com/ofertas-de-trabajo/oferta-de-trabajo-de-promo-vendedora-marcas-de-lujo-part-time-excluyente-maipu-cerrillos-el-bosque-lo-espejo-en-santiago-maipu-D44EF542E12E2D9F61373E686DCF3405,"Promo Vendedor/a Marcas de Lujo / Part Time (Excluyente) - Maipú, Cerrillos, El Bosque, Lo espejo",posted|wp_id=32456|https://chile.mimusjobs.com/job/promo-vendedor-a-marcas-de-lujo-part-time-excluyente-maipu-cerrillos-el-bosque-lo-espejo-4/,2026-09-27T17:14:18.281086,https://cl.computrabajo.com/empleos-en-r.metropolitana-en-santiago-centro,8
0e2cee1350e0ef37,https://cl.computrabajo.com/ofertas-de-trabajo/oferta-de-trabajo-de-supervisor-a-aseo-faena-faena-minera-ii-region-en-calama-9C09330F3906BEE861373E686DCF3405,Supervisor (a) Aseo Faena - Faena Minera II Región,posted|wp_id=32458|https://chile.mimusjobs.com/job/supervisor-a-aseo-faena-faena-minera-ii-region-3/,2026-09-27T17:14:23.910588,https://cl.computrabajo.com/empleos-en-r.metropolitana-en-santiago-centro,8
8dc533b8200d5cfb,https://cl.computrabajo.com/ofertas-de-trabajo/oferta-de-trabajo-de-tecnico-en-enfermeria-tens-rm-en-santiago-centro-82EE4F222B0F119561373E686DCF3405,Técnico en Enfermería (TENS) / RM,posted|wp_id=32460|https://chile.mimusjobs.com/job/tecnico-en-enfermeria-tens-rm-4/,2026-09-27T17:14:29.423003,https://cl.computrabajo.com/empleos-en-r.metropolitana-en-santiago-centro,8
bb15708f49eac955,https://cl.computrabajo.com/ofertas-de-trabajo/oferta-de-trabajo-de-ordenadores-de-carros-de-supermercado-en-puente-alto-turnos-continuos-turnos-rotativos-jornada-completa-en-puente-alto-33B04FBB758BBA8E61373E686DCF3405,Ordenadores de Carros de supermercado en Puente alto / turnos continuos - Turnos Rotativos Jornada Completa,posted|wp_id=32462|https://chile.mimusjobs.com/job/ordenadores-de-carros-de-supermercado-en-puente-alto-turnos-continuos-turnos-rotativos-jornada-completa-4/,2026-09-27T17:14:34.645033,https://cl.computrabajo.com/empleos-en-r.metropolitana-en-santiago-centro,9
3b12392f980a83ad,https://cl.computrabajo.com/ofertas-de-trabajo/oferta-de-trabajo-de-operarias-san-bernardo--640000-liquidos-turnos-rotativos-am-y-pm-bus-de-acercamiento-en-san-bernardo-4E509AE4AC56B01461373E686DCF3405,Operarias San Bernardo / $ 640.000 Líquidos / Turnos Rotativos AM y PM + Bus de Acercamiento,posted|wp_id=32464|https://chile.mimusjobs.com/job/operarias-san-bernardo-640-000-liquidos-turnos-rotativos-am-y-pm-bus-de-acercamiento-9/,2026-09-27T17:14:38.890518,https://cl.computrabajo.com/empleos-en-r.metropolitana-en-santiago-centro,9
a9e840baecd0301a,https://cl.computrabajo.com/ofertas-de-trabajo/oferta-de-trabajo-de-ordenadores-de-carros-de-supermercado-lo-barnechea-turnos-continuos-turnos-rotativos-jornada-completa-en-santiago-lo-barnechea-630EEAA5851E786861373E686DCF3405,Ordenadores de Carros de supermercado Lo Barnechea/ Turnos continuos - Turnos Rotativos Jornada Completa,posted|wp_id=32466|https://chile.mimusjobs.com/job/ordenadores-de-carros-de-supermercado-lo-barnechea-turnos-continuos-turnos-rotativos-jornada-completa-4/,2026-09-27T17:14:44.036566,https://cl.computrabajo.com/empleos-en-r.metropolitana-en-santiago-centro,9
ba1704352722ba3b,https://cl.computrabajo.com/ofertas-de-trabajo/oferta-de-trabajo-de-prevencionista-de-riesgos-en-santiago-centro-AEFA83EF5DC4DD7D61373E686DCF3405,Prevencionista de riesgos,posted|wp_id=784|https://chile.mimusjobs.com/job/prevencionista-de-riesgos/,2026-09-27T17:14:46.854907,https://cl.computrabajo.com/empleos-en-r.metropolitana-en-santiago-centro,9
8e216658eadd9c3e,https://cl.computrabajo.com/ofertas-de-trabajo/oferta-de-trabajo-de-carrero-de-supermercado-quilicura-fin-de-semanaingreso-hoy-fin-de-semana-en-santiago-quilicura-0CACCCEF5F59FB2061373E686DCF3405,Carrero de supermercado Quilicura/ fin de semana/ingreso hoy - fin de semana,posted|wp_id=16940|https://chile.mimusjobs.com/job/carrero-de-supermercado-quilicura-fin-de-semana-ingreso-hoy-fin-de-semana/,2026-09-27T17:14:49.739758,https://cl.computrabajo.com/empleos-en-r.metropolitana-en-santiago-centro,9
5aa779e64780f4a5,https://cl.computrabajo.com/ofertas-de-trabajo/oferta-de-trabajo-de-operariosas-de-bodega--quilicura-turnos-5x2-611000-colacion-bus-en-santiago-quilicura-1E33D435FB816D1661373E686DCF3405,Operarios/as de Bodega / Quilicura / Turnos 5x2 / $611.000 + colación + bus,posted|wp_id=32468|https://chile.mimusjobs.com/job/operarios-as-de-bodega-quilicura-turnos-5x2-611-000-colacion-bus-11/,2026-09-27T17:14:53.864050,https://cl.computrabajo.com/empleos-en-r.metropolitana-en-santiago-centro,9
1d9a4253a81a5d18,https://cl.computrabajo.com/ofertas-de-trabajo/oferta-de-trabajo-de-operario-de-tienda-cajerosas-turnos-continuos-para-supermercado-en-maipu-turnos-continuos-en-santiago-pedro-aguirre-cerda-D066E597A2E5293561373E686DCF3405,Operario de tienda cajeros/as Turnos continuos para supermercado en Maipú - Turnos continuos.,posted|wp_id=32470|https://chile.mimusjobs.com/job/operario-de-tienda-cajeros-as-turnos-continuos-para-supermercado-en-maipu-turnos-continuos-6/,2026-09-27T17:15:01.231911,https://cl.computrabajo.com/empleos-en-r.metropolitana-en-santiago-centro,9
71c48d3252f8c109,https://cl.computrabajo.com/ofertas-de-trabajo/oferta-de-trabajo-de-operario-de-grua-704000-colacion-y-buses-de-acercamiento-en-santiago-pudahuel-1092CBE44BCEABC161373E686DCF3405,Operario de Grua - $704.000 + colacion y buses de acercamiento,posted|wp_id=10321|https://chile.mimusjobs.com/job/operario-de-grua-704-000-colacion-y-buses-de-acercamiento/,2026-09-27T17:15:03.784461,https://cl.computrabajo.com/empleos-en-r.metropolitana-en-santiago-centro,9
436b1341674a354e,https://cl.computrabajo.com/ofertas-de-trabajo/oferta-de-trabajo-de-operario-de-bodega-in-house-turno-manana-745000-aprox-bus-en-santiago-pudahuel-EAD6F84A62B7905961373E686DCF3405,Operario de Bodega In House / Turno Mañana / 745.000 Aprox + Bus,posted|wp_id=32472|https://chile.mimusjobs.com/job/operario-de-bodega-in-house-turno-manana-745-000-aprox-bus-11/,2026-09-27T17:15:09.093896,https://cl.computrabajo.com/empleos-en-r.metropolitana-en-santiago-centro,9
cc41c3974570c313,https://cl.computrabajo.com/ofertas-de-trabajo/oferta-de-trabajo-de-asistente-administrativoa-de-seleccion-graneros-en-graneros-B5DA42E60854DA0361373E686DCF3405,Asistente Administrativo/a de Selección Graneros,posted|wp_id=32474|https://chile.mimusjobs.com/job/asistente-administrativo-a-de-seleccion-graneros-4/,2026-09-27T17:15:13.861953,https://cl.computrabajo.com/empleos-en-r.metropolitana-en-santiago-centro,9
065c114f39c5e996,https://cl.computrabajo.com/ofertas-de-trabajo/oferta-de-trabajo-de-promotor-parttime-para-unicef-rancagua-en-rancagua-211C48CCEFF8C9F961373E686DCF3405,Promotor PartTime para Unicef - Rancagua,posted|wp_id=16948|https://chile.mimusjobs.com/job/promotor-parttime-para-unicef-rancagua/,2026-09-27T17:15:16.684634,https://cl.computrabajo.com/empleos-en-r.metropolitana-en-santiago-centro,9
3315c0a932e64307,https://cl.computrabajo.com/ofertas-de-trabajo/oferta-de-trabajo-de-promotor-parttime-para-unicef-santiago-en-santiago-las-condes-6FB37AC36D58704961373E686DCF3405,Promotor PartTime para Unicef - Santiago,posted|wp_id=16934|https://chile.mimusjobs.com/job/promotor-parttime-para-unicef-santiago/,2026-09-27T17:15:19.041303,https://cl.computrabajo.com/empleos-en-r.metropolitana-en-santiago-centro,9
bb654a92c0f71917,https://cl.computrabajo.com/ofertas-de-trabajo/oferta-de-trabajo-de-representante-de-unicef-part-time-en-santiago-las-condes-0DFEF5442654B2F561373E686DCF3405,Representante de Unicef - Part Time,posted|wp_id=16938|https://chile.mimusjobs.com/job/representante-de-unicef-part-time/,2026-09-27T17:15:22.345469,https://cl.computrabajo.com/empleos-en-r.metropolitana-en-santiago-centro,9
641a1b5fc49ee0f5,https://cl.computrabajo.com/ofertas-de-trabajo/oferta-de-trabajo-de-promotora-part-time-en-rancagua-47DE3EDC8B80088E61373E686DCF3405,Promotor/a Part Time,posted|wp_id=16932|https://chile.mimusjobs.com/job/promotor-a-part-time/,2026-09-27T17:15:25.761853,https://cl.computrabajo.com/empleos-en-r.metropolitana-en-santiago-centro,9
6047f36e01910fbd,https://cl.computrabajo.com/ofertas-de-trabajo/oferta-de-trabajo-de-promotora-part-time-en-santiago-las-condes-AC857EDE725702F861373E686DCF3405,Promotor/a Part Time,posted|wp_id=16932|https://chile.mimusjobs.com/job/promotor-a-part-time/,2026-09-27T17:15:28.839381,https://cl.computrabajo.com/empleos-en-r.metropolitana-en-santiago-centro,9
374147965ceda2cc,https://cl.computrabajo.com/ofertas-de-trabajo/oferta-de-trabajo-de-asistente-tecnicoa-administrativoa-en-santiago-centro-4C015532661944BA61373E686DCF3405,Asistente Técnico/a Administrativo/a,posted|wp_id=32476|https://chile.mimusjobs.com/job/asistente-tecnico-a-administrativo-a-4/,2026-09-27T17:15:34.050445,https://cl.computrabajo.com/empleos-en-r.metropolitana-en-santiago-centro,9
e8711d391181f67a,https://cl.computrabajo.com/ofertas-de-trabajo/oferta-de-trabajo-de-captadora-part-time-unicef-en-santiago-las-condes-0406650CAE3DCD4961373E686DCF3405,Captador/a Part Time Unicef,posted|wp_id=16960|https://chile.mimusjobs.com/job/captador-a-part-time-unicef/,2026-09-27T17:15:37.021822,https://cl.computrabajo.com/empleos-en-r.metropolitana-en-santiago-centro,9
43c2ac25dbccb2a8,https://cl.computrabajo.com/ofertas-de-trabajo/oferta-de-trabajo-de-asesor-financiero-42-horas-la-polar-quilin-full-time-en-santiago-penalolen-726ACD67CD604E3B61373E686DCF3405,Asesor Financiero 42 horas La Polar Quilin - Full Time,posted|wp_id=16926|https://chile.mimusjobs.com/job/asesor-financiero-42-horas-la-polar-quilin-full-time/,2026-09-27T17:15:40.352232,https://cl.computrabajo.com/empleos-en-r.metropolitana-en-santiago-centro,9
d98ae386b4dd680e,https://cl.computrabajo.com/ofertas-de-trabajo/oferta-de-trabajo-de-asesor-post-venta-30-horas-la-polar-gran-avenida-part-time-en-santiago-san-miguel-8EAE686C907BDEE961373E686DCF3405,Asesor Post Venta 30 horas La Polar Gran Avenida - Part time,posted|wp_id=16952|https://chile.mimusjobs.com/job/asesor-post-venta-30-horas-la-polar-gran-avenida-part-time/,2026-09-27T17:15:43.485797,https://cl.computrabajo.com/empleos-en-r.metropolitana-en-santiago-centro,9
50e620a8f555899d,https://cl.computrabajo.com/ofertas-de-trabajo/oferta-de-trabajo-de-programadora-de-obras-mt-en-santiago-centro-A308D7F4156465D061373E686DCF3405,Programador/a de Obras MT,posted|wp_id=16958|https://chile.mimusjobs.com/job/programador-a-de-obras-mt/,2026-09-27T17:15:47.034076,https://cl.computrabajo.com/empleos-en-r.metropolitana-en-santiago-centro,9
f43be04b4e8528ca,https://cl.computrabajo.com/ofertas-de-trabajo/oferta-de-trabajo-de-control-de-acceso-administrativo-turnos-continuos-para-supermercado-en-san-bernardo--turnos-continuos-en-san-bernardo-B4E4F0F82C59C30A61373E686DCF3405,Control de acceso administrativo Turnos continuos para supermercado En San Bernardo. . - Turnos continuos.,posted|wp_id=32478|https://chile.mimusjobs.com/job/control-de-acceso-administrativo-turnos-continuos-para-supermercado-en-san-bernardo-turnos-continuos-3/,2026-09-27T17:15:55.364380,https://cl.computrabajo.com/empleos-en-r.metropolitana-en-santiago-centro,10
528f123c89977481,https://cl.computrabajo.com/ofertas-de-trabajo/oferta-de-trabajo-de-asistente-operativo-fundraising-f2f-en-santiago-las-condes-6B43266E98FDA1FE61373E686DCF3405,Asistente Operativo - Fundraising F2F,posted|wp_id=16930|https://chile.mimusjobs.com/job/asistente-operativo-fundraising-f2f/,2026-09-27T17:15:57.815314,https://cl.computrabajo.com/empleos-en-r.metropolitana-en-santiago-centro,10
63738897f2d14e2b,https://cl.computrabajo.com/ofertas-de-trabajo/oferta-de-trabajo-de-operario-picker-590000-liq-cerrillos-turnos-rotativos-en-santiago-cerrillos-08394241A555B29E61373E686DCF3405,"Operario Picker, 590000 liq, cerrillos - turnos rotativos",posted|wp_id=9981|https://chile.mimusjobs.com/job/operario-picker-590000-liq-cerrillos-turnos-rotativos/,2026-09-27T17:16:00.448136,https://cl.computrabajo.com/empleos-en-r.metropolitana-en-santiago-centro,10
442b193adb94000f,https://cl.computrabajo.com/ofertas-de-trabajo/oferta-de-trabajo-de-operario-de-bodega-647000-liq-turno-dia-pudahuel-en-santiago-pudahuel-F7017A87BF30D67161373E686DCF3405,"Operario de bodega 647000 liq, turno día - pudahuel",posted|wp_id=32480|https://chile.mimusjobs.com/job/operario-de-bodega-647000-liq-turno-dia-pudahuel-11/,2026-09-27T17:16:05.347074,https://cl.computrabajo.com/empleos-en-r.metropolitana-en-santiago-centro,10
42340c13806af488,https://cl.computrabajo.com/ofertas-de-trabajo/oferta-de-trabajo-de-operario-de-produccion-alimentos-lonquen-en-talagante-3F2187FA4845518F61373E686DCF3405,Operario de producción alimentos Lonquén,posted|wp_id=32482|https://chile.mimusjobs.com/job/operario-de-produccion-alimentos-lonquen-4/,2026-09-27T17:16:10.626202,https://cl.computrabajo.com/empleos-en-r.metropolitana-en-santiago-centro,10
703164f985ace1d1,https://cl.computrabajo.com/ofertas-de-trabajo/oferta-de-trabajo-de-operario-de-bodega-in-house-cyber-turno-tarde-745000-aprox-van-en-santiago-pudahuel-48E7171A8EFC613561373E686DCF3405,Operario de Bodega In House Cyber / Turno Tarde / 745.000 Aprox + Van,posted|wp_id=10152|https://chile.mimusjobs.com/job/operario-de-bodega-in-house-cyber-turno-tarde-745-000-aprox-van/,2026-09-27T17:16:13.560488,https://cl.computrabajo.com/empleos-en-r.metropolitana-en-santiago-centro,10
02638fc07bc8d6e4,https://cl.computrabajo.com/ofertas-de-trabajo/oferta-de-trabajo-de-inspeccion-y-control-de-gestion-de-vegetacion-en-santiago-centro-ED044BD2D58C018661373E686DCF3405,Inspección y Control de Gestión de Vegetación,posted|wp_id=32484|https://chile.mimusjobs.com/job/inspeccion-y-control-de-gestion-de-vegetacion-4/,2026-09-27T17:16:19.495786,https://cl.computrabajo.com/empleos-en-r.metropolitana-en-santiago-centro,10
caef5be7b0226966,https://cl.computrabajo.com/ofertas-de-trabajo/oferta-de-trabajo-de-operario-de-bodega-licencia-d-655-mil-liquidos--lampa-en-lampa-55A5319E8FDFDF8B61373E686DCF3405,"Operario de Bodega Licencia D, 655 Mil Liquidos / Lampa",posted|wp_id=17301|https://chile.mimusjobs.com/job/operario-de-bodega-licencia-d-655-mil-liquidos-lampa/,2026-09-27T17:16:22.979349,https://cl.computrabajo.com/empleos-en-r.metropolitana-en-santiago-centro,10
f2c6f68afa5d3d23,https://cl.computrabajo.com/ofertas-de-trabajo/oferta-de-trabajo-de-operarios-de-bodega-turno-tarde-584000-cerrillos-turno-5x2-en-santiago-cerrillos-0A229889EF690E6C61373E686DCF3405,Operarios de bodega / Turno Tarde/ $584.000 / Cerrillos - Turno 5X2,posted|wp_id=12779|https://chile.mimusjobs.com/job/operarios-de-bodega-turno-tarde-584-000-cerrillos-turno-5x2/,2026-09-27T17:16:26.194139,https://cl.computrabajo.com/empleos-en-r.metropolitana-en-santiago-centro,10
f38c711aedd31063,https://cl.computrabajo.com/ofertas-de-trabajo/oferta-de-trabajo-de-gestion-tecnica-de-planes-de-mantenimiento-en-santiago-centro-7C920E0F0E8DB03E61373E686DCF3405,Gestión Técnica de Planes de Mantenimiento,posted|wp_id=32486|https://chile.mimusjobs.com/job/gestion-tecnica-de-planes-de-mantenimiento-4/,2026-09-27T17:16:31.058524,https://cl.computrabajo.com/empleos-en-r.metropolitana-en-santiago-centro,10
8d6bc1e6099556a3,https://cl.computrabajo.com/ofertas-de-trabajo/oferta-de-trabajo-de-carrero-en-turnos-fin-de-semana-para-supermercado-en-san-bernardo-turnos-continuos-en-san-bernardo-EF0993AF4222881061373E686DCF3405,Carrero en turnos Fin de semana para supermercado en San Bernardo - Turnos continuos.,posted|wp_id=32488|https://chile.mimusjobs.com/job/carrero-en-turnos-fin-de-semana-para-supermercado-en-san-bernardo-turnos-continuos-4/,2026-09-27T17:16:37.004509,https://cl.computrabajo.com/empleos-en-r.metropolitana-en-santiago-centro,10
5a24a67a9483a4bd,https://cl.computrabajo.com/ofertas-de-trabajo/oferta-de-trabajo-de-operario-multifuncional-noche-cyberday-656000-renca-en-santiago-renca-F363343BBC7EB7B061373E686DCF3405,"Operario Multifuncional Noche cyberday, 656.000 Renca",posted|wp_id=10092|https://chile.mimusjobs.com/job/operario-multifuncional-noche-cyberday-656-000-renca/,2026-09-27T17:16:39.458200,https://cl.computrabajo.com/empleos-en-r.metropolitana-en-santiago-centro,10
f4aa043da3381595,https://cl.computrabajo.com/ofertas-de-trabajo/oferta-de-trabajo-de-operario-multifuncional-cyberday-rotativo-626000-renca-en-santiago-renca-5FAA3E8BBE708BEE61373E686DCF3405,Operario Multifuncional cyberday rotativo 626.000 Renca,posted|wp_id=10090|https://chile.mimusjobs.com/job/operario-multifuncional-cyberday-rotativo-626-000-renca/,2026-09-27T17:16:42.556898,https://cl.computrabajo.com/empleos-en-r.metropolitana-en-santiago-centro,10
fc8214dc96db0fda,https://cl.computrabajo.com/ofertas-de-trabajo/oferta-de-trabajo-de-especialista-en-trabajos-en-tension-en-santiago-centro-95F80C15E90EC83361373E686DCF3405,Especialista en Trabajos en Tensión,posted|wp_id=32490|https://chile.mimusjobs.com/job/especialista-en-trabajos-en-tension-4/,2026-09-27T17:16:48.335301,https://cl.computrabajo.com/empleos-en-r.metropolitana-en-santiago-centro,10
93265de064f01358,https://cl.computrabajo.com/ofertas-de-trabajo/oferta-de-trabajo-de-ingeniero-especialista-en-telecontrol-en-santiago-centro-80EFF4C1D355F5C061373E686DCF3405,Ingeniero Especialista en Telecontrol,posted|wp_id=18067|https://chile.mimusjobs.com/job/ingeniero-especialista-en-telecontrol/,2026-09-27T17:16:51.187921,https://cl.computrabajo.com/empleos-en-r.metropolitana-en-santiago-centro,10
53419fb96d7cb27f,https://cl.computrabajo.com/ofertas-de-trabajo/oferta-de-trabajo-de-operador-tienda-de-supermercado-en-tres-poniente-maipu-turnos-continuos-en-santiago-cerrillos-5E25EA3BED4D49A361373E686DCF3405,"Operador Tienda de Supermercado en Tres Poniente, Maipú. Turnos continuos",posted|wp_id=32492|https://chile.mimusjobs.com/job/operador-tienda-de-supermercado-en-tres-poniente-maipu-turnos-continuos-7/,2026-09-27T17:16:55.817772,https://cl.computrabajo.com/empleos-en-r.metropolitana-en-santiago-centro,10
c6da6a8e141e8bdd,https://cl.computrabajo.com/ofertas-de-trabajo/oferta-de-trabajo-de-operador-tienda-de-supermercado-en-camino-rinconada-maipu-turnos-continuos-horario-rotativos-am-y-pm-en-santiago-pudahuel-ECA2225D3B6530E261373E686DCF3405,"Operador Tienda de Supermercado en Camino Rinconada, Maipú . Turnos continuos - Horario Rotativos AM y PM",posted|wp_id=32494|https://chile.mimusjobs.com/job/operador-tienda-de-supermercado-en-camino-rinconada-maipu-turnos-continuos-horario-rotativos-am-y-pm-4/,2026-09-27T17:17:03.765680,https://cl.computrabajo.com/empleos-en-r.metropolitana-en-santiago-centro,10
945c5d2626eba931,https://cl.computrabajo.com/ofertas-de-trabajo/oferta-de-trabajo-de-abcdin-coyhaique-del-05-al-16-de-octubre-apoyo-en-tienda-de-retail-part-time-en-coyhaique-8A809708E7A7884061373E686DCF3405,Abcdin Coyhaique del 05 al 16 de octubre Apoyo en tienda de retail - Part time,posted|wp_id=17687|https://chile.mimusjobs.com/job/abcdin-coyhaique-del-05-al-16-de-octubre-apoyo-en-tienda-de-retail-part-time/,2026-09-27T17:17:11.250665,https://cl.computrabajo.com/empleos-en-r.metropolitana-en-santiago-centro,10
3414d720d837c51c,https://cl.computrabajo.com/ofertas-de-trabajo/oferta-de-trabajo-de-operario-de-produccion-encapsulado-encapsulado-en-santiago-pudahuel-8F9911258F23094461373E686DCF3405,Operario de produccion Encapsulado - Encapsulado,posted|wp_id=18072|https://chile.mimusjobs.com/job/operario-de-produccion-encapsulado-encapsulado/,2026-09-27T17:17:13.026902,https://cl.computrabajo.com/empleos-en-r.metropolitana-en-santiago-centro,10
868dbced4617280c,https://cl.computrabajo.com/ofertas-de-trabajo/oferta-de-trabajo-de-ordenador-de-carros-para-supermercado-en-linares-fines-de-semana-horario-rotativo-am-y-pm-en-linares-71F8E2CE808D00E561373E686DCF3405,Ordenador de Carros para Supermercado en Linares. Fines de semana - Horario Rotativo am y pm,posted|wp_id=32496|https://chile.mimusjobs.com/job/ordenador-de-carros-para-supermercado-en-linares-fines-de-semana-horario-rotativo-am-y-pm-4/,2026-09-27T17:17:18.572722,https://cl.computrabajo.com/empleos-en-r.metropolitana-en-santiago-centro,10
59b0c18f0bb5e68e,https://cl.computrabajo.com/ofertas-de-trabajo/oferta-de-trabajo-de-operarios-de-produccion-area-de-molde-quilicura-en-santiago-quilicura-DF16185AE2110ED661373E686DCF3405,Operarios de Producción Área de Molde - Quilicura,posted|wp_id=32498|https://chile.mimusjobs.com/job/operarios-de-produccion-area-de-molde-quilicura-4/,2026-09-27T17:17:24.617539,https://cl.computrabajo.com/empleos-en-r.metropolitana-en-santiago-centro,11
e2a243d124f7bf4a,https://cl.computrabajo.com/ofertas-de-trabajo/oferta-de-trabajo-de-analisis-de-datos-y-modelo-sec-interrupciones-senior-en-santiago-centro-0DD9E7BFC63B791861373E686DCF3405,Análisis de Datos y Modelo SEC Interrupciones Senior,posted|wp_id=32500|https://chile.mimusjobs.com/job/analisis-de-datos-y-modelo-sec-interrupciones-senior-4/,2026-09-27T17:17:29.722351,https://cl.computrabajo.com/empleos-en-r.metropolitana-en-santiago-centro,11
c6c39edc21e21746,https://cl.computrabajo.com/ofertas-de-trabajo/oferta-de-trabajo-de-analista-de-calidad-de-suministro-y-producto-en-santiago-centro-407A752EAC63453961373E686DCF3405,Analista de Calidad de Suministro y Producto,posted|wp_id=18078|https://chile.mimusjobs.com/job/analista-de-calidad-de-suministro-y-producto/,2026-09-27T17:17:32.843518,https://cl.computrabajo.com/empleos-en-r.metropolitana-en-santiago-centro,11
731593f90127bd0f,https://cl.computrabajo.com/ofertas-de-trabajo/oferta-de-trabajo-de-gruero-operador-de-apilador-electrico-fashions-park-bodegas-san-francisco-pudahuel-en-santiago-pudahuel-DBA1E4A7F2D0853461373E686DCF3405,Gruero operador de Apilador Eléctrico - Fashions Park Bodegas San Francisco Pudahuel,posted|wp_id=32501|https://chile.mimusjobs.com/job/gruero-operador-de-apilador-electrico-fashions-park-bodegas-san-francisco-pudahuel-4/,2026-09-27T17:17:38.206392,https://cl.computrabajo.com/empleos-en-r.metropolitana-en-santiago-centro,11
884dc91df605093e,https://cl.computrabajo.com/ofertas-de-trabajo/oferta-de-trabajo-de-gruero-operador-de-apilador-electrico-panamericana-norte-sector-conchali-en-santiago-conchali-A8A2322C270E304B61373E686DCF3405,Gruero operador de Apilador Eléctrico - Panamericana Norte sector Conchali,posted|wp_id=32502|https://chile.mimusjobs.com/job/gruero-operador-de-apilador-electrico-panamericana-norte-sector-conchali-4/,2026-09-27T17:17:43.038088,https://cl.computrabajo.com/empleos-en-r.metropolitana-en-santiago-centro,11
19f80797e580726d,https://cl.computrabajo.com/ofertas-de-trabajo/oferta-de-trabajo-de-gestion-de-requerimientos-de-informacion-tecnica-en-santiago-centro-B9D53F25818A7DF761373E686DCF3405,Gestión de Requerimientos de Información Técnica,posted|wp_id=32504|https://chile.mimusjobs.com/job/gestion-de-requerimientos-de-informacion-tecnica-4/,2026-09-27T17:17:47.933367,https://cl.computrabajo.com/empleos-en-r.metropolitana-en-santiago-centro,11
d30f2acd29eb1c40,https://cl.computrabajo.com/ofertas-de-trabajo/oferta-de-trabajo-de-gestion-tecnica-de-subsuelo-y-vegetacion-en-santiago-centro-0B9FB7360E8C34AB61373E686DCF3405,Gestión Técnica de Subsuelo y Vegetación,posted|wp_id=32506|https://chile.mimusjobs.com/job/gestion-tecnica-de-subsuelo-y-vegetacion-4/,2026-09-27T17:17:53.617591,https://cl.computrabajo.com/empleos-en-r.metropolitana-en-santiago-centro,11
8fcc66aa0577bd11,https://cl.computrabajo.com/ofertas-de-trabajo/oferta-de-trabajo-de-mantenimiento-de-telecontrol-en-santiago-centro-7BD68F6423A7613161373E686DCF3405,Mantenimiento de Telecontrol,posted|wp_id=18196|https://chile.mimusjobs.com/job/mantenimiento-de-telecontrol/,2026-09-27T17:17:56.492231,https://cl.computrabajo.com/empleos-en-r.metropolitana-en-santiago-centro,11
8a9f4cd6b6a6ee30,https://cl.computrabajo.com/ofertas-de-trabajo/oferta-de-trabajo-de-nutricionista-sin-experiencia-en-santiago-centro-7AD02DC717A9A3BF61373E686DCF3405,Nutricionista sin Experiencia,posted|wp_id=32507|https://chile.mimusjobs.com/job/nutricionista-sin-experiencia/,2026-09-27T17:18:00.570400,https://cl.computrabajo.com/empleos-en-r.metropolitana-en-santiago-centro,11
f65798f8977dddc3,https://cl.computrabajo.com/ofertas-de-trabajo/oferta-de-trabajo-de-nutricionista-sin-experiencia-en-santiago-maipu-9B4D26251004342F61373E686DCF3405,Nutricionista sin Experiencia,posted|wp_id=32507|https://chile.mimusjobs.com/job/nutricionista-sin-experiencia/,2026-09-27T17:18:02.302517,https://cl.computrabajo.com/empleos-en-r.metropolitana-en-santiago-centro,11
fc07053684ec882b,https://cl.computrabajo.com/ofertas-de-trabajo/oferta-de-trabajo-de-electromecanicoa-cerrillos-turnos-rotativos-en-santiago-cerrillos-6D9ACE2E9951041D61373E686DCF3405,electromecánico/a - Cerrillos turnos rotativos,posted|wp_id=32509|https://chile.mimusjobs.com/job/electromecanico-a-cerrillos-turnos-rotativos-2/,2026-09-27T17:18:08.902400,https://cl.computrabajo.com/empleos-en-r.metropolitana-en-santiago-centro,11
a17425480e03afdc,https://cl.computrabajo.com/ofertas-de-trabajo/oferta-de-trabajo-de-guardia-de-seguridad-con-os10-para-bodega-quilicura-en-santiago-quilicura-2D1A91A699CF859D61373E686DCF3405,Guardia de Seguridad con OS10 para Bodega - Quilicura,posted|wp_id=32510|https://chile.mimusjobs.com/job/guardia-de-seguridad-con-os10-para-bodega-quilicura/,2026-09-27T17:18:12.215287,https://cl.computrabajo.com/empleos-en-r.metropolitana-en-santiago-centro,11
41e1138be370b792,https://cl.computrabajo.com/ofertas-de-trabajo/oferta-de-trabajo-de-gestora-de-recursos-humanos-quilicura-en-santiago-quilicura-14065FBFCFFBCFFE61373E686DCF3405,Gestor/a de Recursos Humanos / Quilicura,posted|wp_id=32512|https://chile.mimusjobs.com/job/gestor-a-de-recursos-humanos-quilicura/,2026-09-27T17:18:16.478002,https://cl.computrabajo.com/empleos-en-r.metropolitana-en-santiago-centro,11
3655a0063b82605c,https://cl.computrabajo.com/ofertas-de-trabajo/oferta-de-trabajo-de-inspectora-tecnicoa-nivel-a-ito-antofagasta-ep094-en-antofagasta-D73CB17ACE8DB5D261373E686DCF3405,Inspector(a) Técnico(a) Nivel A (ITO) / Antofagasta / EP094,posted|wp_id=32514|https://chile.mimusjobs.com/job/inspectora-tecnicoa-nivel-a-ito-antofagasta-ep094/,2026-09-27T17:18:21.316450,https://cl.computrabajo.com/empleos-en-r.metropolitana-en-santiago-centro,11
32f489f6c1bcee86,https://cl.computrabajo.com/ofertas-de-trabajo/oferta-de-trabajo-de-vendedoresas-con-o-sin-experiencia-para-farmacias-trabajo-de-verano-panguipulli-en-panguipulli-9ED885E1B81020FF61373E686DCF3405,"Vendedores/as con o sin experiencia para Farmacias, Trabajo de Verano Panguipulli",posted|wp_id=32515|https://chile.mimusjobs.com/job/vendedores-as-con-o-sin-experiencia-para-farmacias-trabajo-de-verano-panguipulli-2/,2026-09-27T17:18:25.647479,https://cl.computrabajo.com/empleos-en-r.metropolitana-en-santiago-centro,11
4535318cfc00d95f,https://cl.computrabajo.com/ofertas-de-trabajo/oferta-de-trabajo-de-llamado-masivo-a-entrevista-presencial-antofagasta-en-santiago-renca-E8FEC1F030EEB62261373E686DCF3405,Llamado masivo a entrevista presencial - Antofagasta,posted|wp_id=32517|https://chile.mimusjobs.com/job/llamado-masivo-a-entrevista-presencial-antofagasta/,2026-09-27T17:18:30.937862,https://cl.computrabajo.com/empleos-en-r.metropolitana-en-santiago-centro,11
b93c846a9a9fa66d,https://cl.computrabajo.com/ofertas-de-trabajo/oferta-de-trabajo-de-perito-mecanico-calama-en-calama-2322EE074235D22F61373E686DCF3405,Perito Mecánico Calama,posted|wp_id=32519|https://chile.mimusjobs.com/job/perito-mecanico-calama/,2026-09-27T17:18:34.967703,https://cl.computrabajo.com/empleos-en-r.metropolitana-en-santiago-centro,11
d7473f44c9385417,https://cl.computrabajo.com/ofertas-de-trabajo/oferta-de-trabajo-de-driver-con-auto-solo-despacho-grajales-santiago-centro-driver-grajales-santiago-en-santiago-centro-BE4606DFB21A7D5E61373E686DCF3405,"Driver con Auto (solo despacho) / Grajales / Santiago Centro - Driver Grajales, Santiago",posted|wp_id=32521|https://chile.mimusjobs.com/job/driver-con-auto-solo-despacho-grajales-santiago-centro-driver-grajales-santiago/,2026-09-27T17:18:39.679441,https://cl.computrabajo.com/empleos-en-r.metropolitana-en-santiago-centro,11
ed3da2aa3abe09d9,https://cl.computrabajo.com/ofertas-de-trabajo/oferta-de-trabajo-de-captador-para-reconocida-marca-de-telefonia-la-florida-en-santiago-la-florida-8AFE08742CEDE40161373E686DCF3405,Captador para reconocida marca de telefonía - La Florida,posted|wp_id=32522|https://chile.mimusjobs.com/job/captador-para-reconocida-marca-de-telefonia-la-florida/,2026-09-27T17:18:42.392695,https://cl.computrabajo.com/empleos-en-r.metropolitana-en-santiago-centro,11
d0b49363b4e5ed96,https://cl.computrabajo.com/ofertas-de-trabajo/oferta-de-trabajo-de-tecnico-operador-de-calderas-tecnico-multiproposito-6x1-valparaiso-en-valparaiso-89D56CADAC3C4D3161373E686DCF3405,"Técnico Operador de Calderas / Técnico Multipropósito, 6X1 ,Valparaiso.",posted|wp_id=32523|https://chile.mimusjobs.com/job/tecnico-operador-de-calderas-tecnico-multiproposito-6x1-valparaiso/,2026-09-27T17:18:46.713715,https://cl.computrabajo.com/empleos-en-r.metropolitana-en-santiago-centro,11
20cb8216590ef0ba,https://cl.computrabajo.com/ofertas-de-trabajo/oferta-de-trabajo-de-encargadoa-de-ventas-y-operaciones-en-talca-D0BBF03A82DCE8A261373E686DCF3405,Encargado/a de Ventas y Operaciones,posted|wp_id=32524|https://chile.mimusjobs.com/job/encargado-a-de-ventas-y-operaciones/,2026-09-27T17:18:50.771212,https://cl.computrabajo.com/empleos-en-r.metropolitana-en-santiago-centro,12
bcdc826579b1a210,https://cl.computrabajo.com/ofertas-de-trabajo/oferta-de-trabajo-de-conductores-profesionales-residencia-en-puerto-montt-en-puerto-montt-9A94C6E75167FE7361373E686DCF3405,"Conductores profesionales, residencia en Puerto Montt",posted|wp_id=32528|https://chile.mimusjobs.com/job/conductores-profesionales-residencia-en-puerto-montt/,2026-09-27T17:18:59.178269,https://cl.computrabajo.com/empleos-en-r.metropolitana-en-santiago-centro,12
1927699ed40a6117,https://cl.computrabajo.com/ofertas-de-trabajo/oferta-de-trabajo-de-operarioa-multifuncional-part-time-comida-rapida--kfc-variante-agua-santa-en-valparaiso-4CD31933AA00499561373E686DCF3405,Operario/a Multifuncional Part Time Comida Rápida – KFC Variante Agua Santa,posted|wp_id=32529|https://chile.mimusjobs.com/job/operario-a-multifuncional-part-time-comida-rapida-kfc-variante-agua-santa/,2026-09-27T17:19:03.450917,https://cl.computrabajo.com/empleos-en-r.metropolitana-en-santiago-centro,12
511e0942176d3d77,https://cl.computrabajo.com/ofertas-de-trabajo/oferta-de-trabajo-de-cajero-bancario-externo-con-experiencia-en-banca-financiera-en-isla-de-maipo-EA8339EEC9D85A9361373E686DCF3405,Cajero bancario externo con experiencia en Banca Financiera,posted|wp_id=29342|https://chile.mimusjobs.com/job/cajero-bancario-externo-con-experiencia-en-banca-financiera/,2026-09-27T17:19:06.013858,https://cl.computrabajo.com/empleos-en-r.metropolitana-en-santiago-centro,12
60bd0080937f223c,https://cl.computrabajo.com/ofertas-de-trabajo/oferta-de-trabajo-de-operador-de-bodega-pudahuel-aeropuerto-709000-en-santiago-pudahuel-87B0F25629F8CA1D61373E686DCF3405,Operador de Bodega/ Pudahuel/ Aeropuerto $709.000,posted|wp_id=32531|https://chile.mimusjobs.com/job/operador-de-bodega-pudahuel-aeropuerto-709-000/,2026-09-27T17:19:11.710990,https://cl.computrabajo.com/empleos-en-r.metropolitana-en-santiago-centro,12
810278f72439f9fc,https://cl.computrabajo.com/ofertas-de-trabajo/oferta-de-trabajo-de-guarda-de-seguridad-maritimo-en-puerto-montt-DD51A5DDDDCF7A3861373E686DCF3405,guarda de seguridad - maritimo,posted|wp_id=32533|https://chile.mimusjobs.com/job/guarda-de-seguridad-maritimo/,2026-09-27T17:19:17.436262,https://cl.computrabajo.com/empleos-en-r.metropolitana-en-santiago-centro,12
fb1d4093c850b01a,https://cl.computrabajo.com/ofertas-de-trabajo/oferta-de-trabajo-de-ingeniero-en-prevencion-de-riesgos-con-experiencia-en-empresas-de-alimentos-quilicura-en-santiago-quilicura-4629406D5FE5312E61373E686DCF3405,Ingeniero en Prevención de Riesgos con experiencia en Empresas de Alimentos - Quilicura,posted|wp_id=32535|https://chile.mimusjobs.com/job/ingeniero-en-prevencion-de-riesgos-con-experiencia-en-empresas-de-alimentos-quilicura/,2026-09-27T17:19:22.114666,https://cl.computrabajo.com/empleos-en-r.metropolitana-en-santiago-centro,12
496a697799045e32,https://cl.computrabajo.com/ofertas-de-trabajo/oferta-de-trabajo-de-motorista-delivery-turno-rotativo-guacamole-chamisero-en-colina-5973618226E0C06261373E686DCF3405,Motorista/ Delivery Turno Rotativo / Guacamole Chamisero,posted|wp_id=32536|https://chile.mimusjobs.com/job/motorista-delivery-turno-rotativo-guacamole-chamisero/,2026-09-27T17:19:26.288784,https://cl.computrabajo.com/empleos-en-r.metropolitana-en-santiago-centro,12
aa3fc65615c034a2,https://cl.computrabajo.com/ofertas-de-trabajo/oferta-de-trabajo-de-operarios-de-bodega-proyecto-cyber-turno-pm-2026-pudahuel-en-santiago-pudahuel-448E316173BF981E61373E686DCF3405,Operarios de Bodega/ Proyecto Cyber Turno PM 2026 - Pudahuel,posted|wp_id=10737|https://chile.mimusjobs.com/job/operarios-de-bodega-proyecto-cyber-turno-pm-2026-pudahuel/,2026-09-27T17:19:28.485698,https://cl.computrabajo.com/empleos-en-r.metropolitana-en-santiago-centro,12
b11d9f1ec4344747,https://cl.computrabajo.com/ofertas-de-trabajo/oferta-de-trabajo-de-despachador-de-carga-aeropuerto-de-pudahuel-860000-pudahuel-en-santiago-san-miguel-F4A01CFE24CCA7F061373E686DCF3405,Despachador de Carga Aeropuerto de Pudahuel $860.000 - Pudahuel,posted|wp_id=32538|https://chile.mimusjobs.com/job/despachador-de-carga-aeropuerto-de-pudahuel-860-000-pudahuel/,2026-09-27T17:19:33.770086,https://cl.computrabajo.com/empleos-en-r.metropolitana-en-santiago-centro,12
2460a820611662c9,https://cl.computrabajo.com/ofertas-de-trabajo/oferta-de-trabajo-de-operario-de-bodega-con-licencia-d-lampa-en-lampa-7A0B563E9957258661373E686DCF3405,Operario de Bodega con licencia D - Lampa,posted|wp_id=11935|https://chile.mimusjobs.com/job/operario-de-bodega-con-licencia-d-lampa/,2026-09-27T17:19:38.072882,https://cl.computrabajo.com/empleos-en-r.metropolitana-en-santiago-centro,12
a4797967ab327cfa,https://cl.computrabajo.com/ofertas-de-trabajo/oferta-de-trabajo-de-jefe-contabilidad-en-santiago-providencia-6DA1C1782BDFA2CE61373E686DCF3405,Jefe contabilidad,posted|wp_id=32540|https://chile.mimusjobs.com/job/jefe-contabilidad/,2026-09-27T17:19:42.630353,https://cl.computrabajo.com/empleos-en-r.metropolitana-en-santiago-centro,12
17d745043afb04f0,https://cl.computrabajo.com/ofertas-de-trabajo/oferta-de-trabajo-de-guardia-de-seguridad-4x4-dia-curacavicon-curso-os10-627000-curacavi-en-curacavi-7A68121ED7399E7961373E686DCF3405,Guardia de seguridad 4x4 día curacavi/Con Curso OS10 /$627.000 - Curacavi,posted|wp_id=32542|https://chile.mimusjobs.com/job/guardia-de-seguridad-4x4-dia-curacavi-con-curso-os10-627-000-curacavi/,2026-09-27T17:19:47.953342,https://cl.computrabajo.com/empleos-en-r.metropolitana-en-santiago-centro,12
dd5b32dcfbf7735d,https://cl.computrabajo.com/ofertas-de-trabajo/oferta-de-trabajo-de-ito-mecanico-piping-para-proyecto-mejillones-en-mejillones-374B9F02CDB0D63C61373E686DCF3405,ITO Mecanico Piping para proyecto - Mejillones,posted|wp_id=32543|https://chile.mimusjobs.com/job/ito-mecanico-piping-para-proyecto-mejillones/,2026-09-27T17:19:52.299504,https://cl.computrabajo.com/empleos-en-r.metropolitana-en-santiago-centro,12
53d10671ddd853b3,https://cl.computrabajo.com/ofertas-de-trabajo/oferta-de-trabajo-de-operario-de-maquilado-turno-am-pudahuel-624000-beneficios-en-santiago-renca-5145BD0BB9BB5D9F61373E686DCF3405,Operario de Maquilado Turno AM Pudahuel - $624.000 + Beneficios,posted|wp_id=30744|https://chile.mimusjobs.com/job/operario-de-maquilado-turno-am-pudahuel-624-000-beneficios/,2026-09-27T17:19:55.320124,https://cl.computrabajo.com/empleos-en-r.metropolitana-en-santiago-centro,12
f937e291cbfe076d,https://cl.computrabajo.com/ofertas-de-trabajo/oferta-de-trabajo-de-operarios-de-bodega-pt-1415-y-16-quilicura-en-santiago-quilicura-808ABB11B19DAFB361373E686DCF3405,"Operarios de Bodega PT 14,15 y 16 - Quilicura",posted|wp_id=32545|https://chile.mimusjobs.com/job/operarios-de-bodega-pt-1415-y-16-quilicura/,2026-09-27T17:19:59.610284,https://cl.computrabajo.com/empleos-en-r.metropolitana-en-santiago-centro,12
0661d3047e56a0d4,https://cl.computrabajo.com/ofertas-de-trabajo/oferta-de-trabajo-de-operarioas-de-bodega-quilicura-en-turno-manana-707000-liquidos-cyber-day-colacion-bus-en-santiago-quilicura-905DB4A6CDF7CD4C61373E686DCF3405,Operario/as de Bodega Quilicura en Turno Mañana $707.000 Líquidos Cyber Day + Colación + Bus,posted|wp_id=32547|https://chile.mimusjobs.com/job/operario-as-de-bodega-quilicura-en-turno-manana-707-000-liquidos-cyber-day-colacion-bus-8/,2026-09-27T17:20:05.832739,https://cl.computrabajo.com/empleos-en-r.metropolitana-en-santiago-centro,12
5de01185ada1ea67,https://cl.computrabajo.com/ofertas-de-trabajo/oferta-de-trabajo-de-operarios-bodega-pudahuel-40-horas-transpaleta-electrica-colacion-y-bus-en-santiago-maipu-DC6E00B0EA95754B61373E686DCF3405,Operarios Bodega Pudahuel / 40 Horas Transpaleta electrica - Colacion y Bus,posted|wp_id=16402|https://chile.mimusjobs.com/job/operarios-bodega-pudahuel-40-horas-transpaleta-electrica-colacion-y-bus/,2026-09-27T17:20:08.323645,https://cl.computrabajo.com/empleos-en-r.metropolitana-en-santiago-centro,12
96b1046eb115572a,https://cl.computrabajo.com/ofertas-de-trabajo/oferta-de-trabajo-de-electromecanico-especialista-en-generadores-electricos-zona-norte-en-antofagasta-645BAC898263253D61373E686DCF3405,Electromecánico (Especialista en Generadores Eléctricos) - Zona Norte,posted|wp_id=32548|https://chile.mimusjobs.com/job/electromecanico-especialista-en-generadores-electricos-zona-norte/,2026-09-27T17:20:12.219165,https://cl.computrabajo.com/empleos-en-r.metropolitana-en-santiago-centro,12
2166149fb58c0249,https://cl.computrabajo.com/ofertas-de-trabajo/oferta-de-trabajo-de-vendedora-trainee-full-time-5x2-rotativo-talca-en-talca-97B4B59159BC0C4A61373E686DCF3405,Vendedor(a) Trainee / Full Time 5x2 (Rotativo) / Talca,posted|wp_id=32549|https://chile.mimusjobs.com/job/vendedora-trainee-full-time-5x2-rotativo-talca/,2026-09-27T17:20:15.901083,https://cl.computrabajo.com/empleos-en-r.metropolitana-en-santiago-centro,13
47330e051439848b,https://cl.computrabajo.com/ofertas-de-trabajo/oferta-de-trabajo-de-ejecutivoa-de-captacion-de-socios-en-santiago-las-condes-F5E895755BC9706961373E686DCF3405,Ejecutivo/a de Captación de Socios,posted|wp_id=32551|https://chile.mimusjobs.com/job/ejecutivo-a-de-captacion-de-socios/,2026-09-27T17:20:21.112945,https://cl.computrabajo.com/empleos-en-r.metropolitana-en-santiago-centro,13
f4fdde6aae3f3f4c,https://cl.computrabajo.com/ofertas-de-trabajo/oferta-de-trabajo-de-ordenador-de-carros-de-supermercado-en-curico-vii-region-inicio-hoy-horario-rotativos-en-curico-CCB7743B9254870661373E686DCF3405,"Ordenador de Carros de Supermercado en Curicó, VII Región, Inicio Hoy! - Horario Rotativos",posted|wp_id=32553|https://chile.mimusjobs.com/job/ordenador-de-carros-de-supermercado-en-curico-vii-region-inicio-hoy-horario-rotativos/,2026-09-27T17:20:26.335810,https://cl.computrabajo.com/empleos-en-r.metropolitana-en-santiago-centro,13
67752d2ffa191a4d,https://cl.computrabajo.com/ofertas-de-trabajo/oferta-de-trabajo-de-ejecutivo-comercial-pensionado-temuco-en-temuco-A977B7F64E0007FB61373E686DCF3405,Ejecutivo Comercial Pensionado - Temuco,posted|wp_id=32557|https://chile.mimusjobs.com/job/ejecutivo-comercial-pensionado-temuco/,2026-09-27T17:20:34.089887,https://cl.computrabajo.com/empleos-en-r.metropolitana-en-santiago-centro,13
2b96079c7b949fba,https://cl.computrabajo.com/ofertas-de-trabajo/oferta-de-trabajo-de-tens-cuidados-domiciliarios-lampa-en-lampa-24B4ACD9690F431861373E686DCF3405,TENS Cuidados Domiciliarios / Lampa,posted|wp_id=28894|https://chile.mimusjobs.com/job/tens-cuidados-domiciliarios-lampa/,2026-09-27T17:20:36.930699,https://cl.computrabajo.com/empleos-en-r.metropolitana-en-santiago-centro,13
a15142933840af6b,https://cl.computrabajo.com/ofertas-de-trabajo/oferta-de-trabajo-de-guardia-de-seguridad-para-lider-copiapo-renta-650000-4x4-con-curso-os10-en-copiapo-5891F3DA52EA7F8F61373E686DCF3405,Guardia de Seguridad para líder copiapo renta 650.000 4x4 con curso os10,posted|wp_id=32559|https://chile.mimusjobs.com/job/guardia-de-seguridad-para-lider-copiapo-renta-650-000-4x4-con-curso-os10/,2026-09-27T17:20:41.523975,https://cl.computrabajo.com/empleos-en-r.metropolitana-en-santiago-centro,13
dea592b6b75ff415,https://cl.computrabajo.com/ofertas-de-trabajo/oferta-de-trabajo-de-encargadoa-de-turno-buin-dominos-pizzas-full-time-en-buin-2665E967F1DFD23A61373E686DCF3405,Encargado/a de turno Buin - Domino's pizzas Full time,posted|wp_id=32563|https://chile.mimusjobs.com/job/encargado-a-de-turno-buin-dominos-pizzas-full-time/,2026-09-27T17:20:50.019533,https://cl.computrabajo.com/empleos-en-r.metropolitana-en-santiago-centro,13
9cdc27eaaba45ab8,https://cl.computrabajo.com/ofertas-de-trabajo/oferta-de-trabajo-de-guardia-de-seguridad-ripley-coquimbo-part-time-part-time-en-coquimbo-E43AFAA6E78DE34F61373E686DCF3405,Guardia de seguridad Ripley Coquimbo Part Time - Part Time,posted|wp_id=32565|https://chile.mimusjobs.com/job/guardia-de-seguridad-ripley-coquimbo-part-time-part-time/,2026-09-27T17:20:55.311559,https://cl.computrabajo.com/empleos-en-r.metropolitana-en-santiago-centro,13
e0a145cc977e801b,https://cl.computrabajo.com/ofertas-de-trabajo/oferta-de-trabajo-de-operario-de-bodega-para-lampa-en-lampa-1FA3FFE860DCD4E361373E686DCF3405,Operario de Bodega para Lampa,posted|wp_id=32567|https://chile.mimusjobs.com/job/operario-de-bodega-para-lampa/,2026-09-27T17:21:00.317487,https://cl.computrabajo.com/empleos-en-r.metropolitana-en-santiago-centro,13
ed49f7ba30965fa3,https://cl.computrabajo.com/ofertas-de-trabajo/oferta-de-trabajo-de-asesor-de-calidad-nutricionita-punta-arenas-en-punta-arenas-2AD9975D5D4F48B661373E686DCF3405,Asesor de calidad Nutricionita - Punta Arenas,posted|wp_id=32569|https://chile.mimusjobs.com/job/asesor-de-calidad-nutricionita-punta-arenas/,2026-09-27T17:21:05.142856,https://cl.computrabajo.com/empleos-en-r.metropolitana-en-santiago-centro,13
36ced7f8c7629834,https://cl.computrabajo.com/ofertas-de-trabajo/oferta-de-trabajo-de-ejecutivo-comercial-b2b-empresa-de-telecomunicaciones-en-santiago-providencia-128D8BCBD35F9C7E61373E686DCF3405,Ejecutivo comercial B2B - Empresa de Telecomunicaciones,posted|wp_id=15349|https://chile.mimusjobs.com/job/ejecutivo-comercial-b2b-empresa-de-telecomunicaciones/,2026-09-27T17:21:07.588815,https://cl.computrabajo.com/empleos-en-r.metropolitana-en-santiago-centro,13
b5803414aa73283b,https://cl.computrabajo.com/ofertas-de-trabajo/oferta-de-trabajo-de-operadoraor-calama-ii-region-7x7-en-antofagasta-10FAA02F1F2FC40E61373E686DCF3405,"Operadora/or - Calama, II Región 7x7",posted|wp_id=32570|https://chile.mimusjobs.com/job/operadora-or-calama-ii-region-7x7/,2026-09-27T17:21:10.941898,https://cl.computrabajo.com/empleos-en-r.metropolitana-en-santiago-centro,13
8e53b1bd1cfca809,https://cl.computrabajo.com/ofertas-de-trabajo/oferta-de-trabajo-de-reponedor-plan-refuerzo5-y-6-de-septiembre-san-miguel-en-santiago-san-miguel-CA214778F04B185761373E686DCF3405,Reponedor Plan Refuerzo/5 y 6 de septiembre - San Miguel,posted|wp_id=32572|https://chile.mimusjobs.com/job/reponedor-plan-refuerzo-5-y-6-de-septiembre-san-miguel/,2026-09-27T17:21:15.708019,https://cl.computrabajo.com/empleos-en-r.metropolitana-en-santiago-centro,13
156d605ce9a63f39,https://cl.computrabajo.com/ofertas-de-trabajo/oferta-de-trabajo-de-coordinador-de-patio-jornada-pm-sector-enea-en-santiago-pudahuel-6848FD68A83C87EF61373E686DCF3405,Coordinador de patio / Jornada PM - Sector Enea,posted|wp_id=32574|https://chile.mimusjobs.com/job/coordinador-de-patio-jornada-pm-sector-enea/,2026-09-27T17:21:20.147140,https://cl.computrabajo.com/empleos-en-r.metropolitana-en-santiago-centro,13
f99715c251574278,https://cl.computrabajo.com/ofertas-de-trabajo/oferta-de-trabajo-de-operario-bodega-almacenero-de-repuestos-vehiculares-730000-sucursal-av-las-condes-ideal-con-conocimientos-en-repuestos-yo-mecanica-en-santiago-vitacura-9F71E1C4A565CAB861373E686DCF3405,Operario bodega almacenero de repuestos vehiculares 730000 Sucursal Av las condes - ideal con conocimientos en repuestos y/o mecánica,posted|wp_id=32576|https://chile.mimusjobs.com/job/operario-bodega-almacenero-de-repuestos-vehiculares-730000-sucursal-av-las-condes-ideal-con-conocimientos-en-repuestos-y-o-mecanica/,2026-09-27T17:21:25.273250,https://cl.computrabajo.com/empleos-en-r.metropolitana-en-santiago-centro,13
769474b0f5367ca7,https://cl.computrabajo.com/ofertas-de-trabajo/oferta-de-trabajo-de-operarios-produccion-580000-liquidos-turnos-rotativos-ingreso-lunes-2109-cerrillos-en-santiago-la-florida-A7DC43ADFEEBA44E61373E686DCF3405,Operarios Producción / $580.000 líquidos / Turnos Rotativos / Ingreso Lunes 21/09 / Cerrillos,posted|wp_id=32580|https://chile.mimusjobs.com/job/operarios-produccion-580-000-liquidos-turnos-rotativos-ingreso-lunes-21-09-cerrillos-7/,2026-09-27T17:21:33.356980,https://cl.computrabajo.com/empleos-en-r.metropolitana-en-santiago-centro,13
20b495347051229b,https://cl.computrabajo.com/ofertas-de-trabajo/oferta-de-trabajo-de-supervisora-mantencion-para-faena-minera-en-antofagasta-4091F2E7317ADA5261373E686DCF3405,Supervisor(a) Mantención - Para Faena Minera,posted|wp_id=32582|https://chile.mimusjobs.com/job/supervisora-mantencion-para-faena-minera/,2026-09-27T17:21:37.607834,https://cl.computrabajo.com/empleos-en-r.metropolitana-en-santiago-centro,13
b165f14323fc1879,https://cl.computrabajo.com/ofertas-de-trabajo/oferta-de-trabajo-de-8062-reemplazo-tens-laboratorio-bulnes-en-bulnes-E2ED5E9931CE3B8061373E686DCF3405,8062 Reemplazo Tens Laboratorio - Bulnes,posted|wp_id=32584|https://chile.mimusjobs.com/job/8062-reemplazo-tens-laboratorio-bulnes/,2026-09-27T17:21:45.027099,https://cl.computrabajo.com/empleos-en-r.metropolitana-en-santiago-centro,13
284b2f2e635e9012,https://cl.computrabajo.com/ofertas-de-trabajo/oferta-de-trabajo-de-vendedora-en-terreno-para-quilicura-altas-comisiones-en-santiago-quilicura-5290B4DE68A2322E61373E686DCF3405,Vendedor/a en terreno para Quilicura ¡Altas Comisiones!,posted|wp_id=11765|https://chile.mimusjobs.com/job/vendedor-a-en-terreno-para-quilicura-altas-comisiones/,2026-09-27T17:21:47.508456,https://cl.computrabajo.com/empleos-en-r.metropolitana-en-santiago-centro,13
4bcf242ff42a7965,https://cl.computrabajo.com/ofertas-de-trabajo/oferta-de-trabajo-de-reponedora-en-ruta-de-productos-de-papeleria-part-time-comuna-la-reina-y-stgo-centro-en-santiago-centro-ADE6BF889FEC029361373E686DCF3405,Reponedor/a en ruta de productos de papelería Part Time - Comuna La Reina y Stgo Centro,posted|wp_id=32586|https://chile.mimusjobs.com/job/reponedor-a-en-ruta-de-productos-de-papeleria-part-time-comuna-la-reina-y-stgo-centro/,2026-09-27T17:21:51.685974,https://cl.computrabajo.com/empleos-en-r.metropolitana-en-santiago-centro,13
acaf97f74c76df7f,https://cl.computrabajo.com/ofertas-de-trabajo/oferta-de-trabajo-de-analista-de-ciberseguridad-modalidad-hibrida-en-santiago-centro-4093E3DED07F89FB61373E686DCF3405,Analista de Ciberseguridad - Modalidad Hibrida,posted|wp_id=32588|https://chile.mimusjobs.com/job/analista-de-ciberseguridad-modalidad-hibrida/,2026-09-27T17:21:58.386192,https://cl.computrabajo.com/empleos-en-r.metropolitana-en-santiago-centro,14
17dc9260f20844f9,https://cl.computrabajo.com/ofertas-de-trabajo/oferta-de-trabajo-de-auxiliar-de-casino-alimentacion-colectiva-turno-tarde-quinta-normal-en-santiago-quinta-normal-DF75E72798C371E961373E686DCF3405,Auxiliar de Casino (Alimentación Colectiva)/ turno tarde / Quinta Normal,posted|wp_id=32590|https://chile.mimusjobs.com/job/auxiliar-de-casino-alimentacion-colectiva-turno-tarde-quinta-normal/,2026-09-27T17:22:03.351334,https://cl.computrabajo.com/empleos-en-r.metropolitana-en-santiago-centro,14
33e53683e1323c60,https://cl.computrabajo.com/ofertas-de-trabajo/oferta-de-trabajo-de-operarioa-cctv-part-time-diurno-viernes-las-condes-en-santiago-las-condes-D9EDA252CBB159DB61373E686DCF3405,Operario/a CCTV Part Time Diurno (Viernes) Las Condes,posted|wp_id=32592|https://chile.mimusjobs.com/job/operario-a-cctv-part-time-diurno-viernes-las-condes/,2026-09-27T17:22:09.098125,https://cl.computrabajo.com/empleos-en-r.metropolitana-en-santiago-centro,14
a3bd454ae9ed15b4,https://cl.computrabajo.com/ofertas-de-trabajo/oferta-de-trabajo-de-operario-de-roperia-reemplazo-clinica-davila-recoleta-25000-x-dia-en-santiago-recoleta-2E9994324AF2E1B761373E686DCF3405,Operario de Ropería/ Reemplazo/ Clínica Dávila Recoleta 25.000 x Dia,posted|wp_id=32594|https://chile.mimusjobs.com/job/operario-de-roperia-reemplazo-clinica-davila-recoleta-25-000-x-dia-4/,2026-09-27T17:22:14.170552,https://cl.computrabajo.com/empleos-en-r.metropolitana-en-santiago-centro,14
402054691c55d1c5,https://cl.computrabajo.com/ofertas-de-trabajo/oferta-de-trabajo-de-consultora-de-belleza-reemplazo-punta-arenas-en-punta-arenas-C5E808FF4CFB9BA361373E686DCF3405,Consultor/a de Belleza - Reemplazo Punta Arenas,posted|wp_id=32596|https://chile.mimusjobs.com/job/consultor-a-de-belleza-reemplazo-punta-arenas/,2026-09-27T17:22:19.242269,https://cl.computrabajo.com/empleos-en-r.metropolitana-en-santiago-centro,14
d6bb32ddf09bf24b,https://cl.computrabajo.com/ofertas-de-trabajo/oferta-de-trabajo-de-soporte-tecnico-conductor-arica-750000-liquidos-en-arica-5D9229E5908BF39C61373E686DCF3405,Soporte Técnico Conductor Arica ($750.000 líquidos),posted|wp_id=32597|https://chile.mimusjobs.com/job/soporte-tecnico-conductor-arica-750-000-liquidos/,2026-09-27T17:22:23.296828,https://cl.computrabajo.com/empleos-en-r.metropolitana-en-santiago-centro,14
88c788399966a01d,https://cl.computrabajo.com/ofertas-de-trabajo/oferta-de-trabajo-de-apoyo-multifuncional-retail-full-time-copiapo-en-copiapo-C3B3DBC098CB5ADE61373E686DCF3405,Apoyo Multifuncional Retail Full Time - Copiapó,posted|wp_id=32598|https://chile.mimusjobs.com/job/apoyo-multifuncional-retail-full-time-copiapo/,2026-09-27T17:22:26.958282,https://cl.computrabajo.com/empleos-en-r.metropolitana-en-santiago-centro,14
4e82201192b6430b,https://cl.computrabajo.com/ofertas-de-trabajo/oferta-de-trabajo-de-operador-de-grua-horquilla-pudahuel-en-santiago-pudahuel-6F5027550550DAB761373E686DCF3405,Operador de Grúa Horquilla Pudahuel,posted|wp_id=32600|https://chile.mimusjobs.com/job/operador-de-grua-horquilla-pudahuel/,2026-09-27T17:22:34.493832,https://cl.computrabajo.com/empleos-en-r.metropolitana-en-santiago-centro,14
91da35962dcc428c,https://cl.computrabajo.com/ofertas-de-trabajo/oferta-de-trabajo-de-operario-con-licencia-clase-d-en-pudahuel-en-santiago-pudahuel-796CC6CCD6C0AA9C61373E686DCF3405,Operario con Licencia Clase D en Pudahuel,posted|wp_id=32602|https://chile.mimusjobs.com/job/operario-con-licencia-clase-d-en-pudahuel/,2026-09-27T17:22:40.367807,https://cl.computrabajo.com/empleos-en-r.metropolitana-en-santiago-centro,14
74767676ae9e7685,https://cl.computrabajo.com/ofertas-de-trabajo/oferta-de-trabajo-de-mercaderista-full-time-reemplazo-vacaciones-pedro-aguirre-cerda-san-miguel-en-santiago-san-miguel-A599CB419D5A5A6461373E686DCF3405,"Mercaderista Full Time /Reemplazo Vacaciones / Pedro Aguirre Cerda, San Miguel",posted|wp_id=32604|https://chile.mimusjobs.com/job/mercaderista-full-time-reemplazo-vacaciones-pedro-aguirre-cerda-san-miguel/,2026-09-27T17:22:45.224140,https://cl.computrabajo.com/empleos-en-r.metropolitana-en-santiago-centro,14
3af3f80aa6e50510,https://cl.computrabajo.com/ofertas-de-trabajo/oferta-de-trabajo-de-guardia-de-seguridad-5x2-santiago-centro-en-santiago-centro-DB53264D74CF630061373E686DCF3405,Guardia de Seguridad 5x2 Santiago Centro,posted|wp_id=12443|https://chile.mimusjobs.com/job/guardia-de-seguridad-5x2-santiago-centro/,2026-09-27T17:22:47.808986,https://cl.computrabajo.com/empleos-en-r.metropolitana-en-santiago-centro,14
aae563418634797c,https://cl.computrabajo.com/ofertas-de-trabajo/oferta-de-trabajo-de-vendedora-de-retail-tiendas-lunes-a-sabado-rotativo-manana-y-tarde-en-santiago-providencia-B5E50159CE7469CC61373E686DCF3405,vendedora de retail tiendas - lunes a sabado rotativo mañana y tarde,posted|wp_id=32605|https://chile.mimusjobs.com/job/vendedora-de-retail-tiendas-lunes-a-sabado-rotativo-manana-y-tarde-5/,2026-09-27T17:22:50.778132,https://cl.computrabajo.com/empleos-en-r.metropolitana-en-santiago-centro,14
387f871042f4e4df,https://cl.computrabajo.com/ofertas-de-trabajo/oferta-de-trabajo-de-maestro-de-cocina-parada-de-planta-zaldivar-en-antofagasta-577704FF912E506061373E686DCF3405,Maestro de Cocina - Parada de planta Zaldivar,posted|wp_id=32607|https://chile.mimusjobs.com/job/maestro-de-cocina-parada-de-planta-zaldivar/,2026-09-27T17:22:55.387104,https://cl.computrabajo.com/empleos-en-r.metropolitana-en-santiago-centro,14
634cf97cfd8e7296,https://cl.computrabajo.com/ofertas-de-trabajo/oferta-de-trabajo-de-operarios-de-bodega-ingreso-inmediato-en-santiago-quilicura-8A8F72364634111961373E686DCF3405,Operarios de bodega / Ingreso Inmediato,posted|wp_id=11328|https://chile.mimusjobs.com/job/operarios-de-bodega-ingreso-inmediato/,2026-09-27T17:22:57.613666,https://cl.computrabajo.com/empleos-en-r.metropolitana-en-santiago-centro,14
4b8fa7c468044a20,https://cl.computrabajo.com/ofertas-de-trabajo/oferta-de-trabajo-de-vendedor-terreno-en-san-bernardo-E16F17FD59EAE63E61373E686DCF3405,Vendedor Terreno,posted|wp_id=6434|https://chile.mimusjobs.com/job/vendedor-terreno/,2026-09-27T17:23:00.941028,https://cl.computrabajo.com/empleos-en-r.metropolitana-en-santiago-centro,14
216cf8ded04dcebb,https://cl.computrabajo.com/ofertas-de-trabajo/oferta-de-trabajo-de-operador-de-tratamiento-de-aguas-servidas-y-agua-potable-region-de-ohiggins-zona-centro-norte-en-navidad-F6E1F4F7F8DBDB4161373E686DCF3405,Operador de Tratamiento de Aguas Servidas y Agua Potable/ Región de O'Higgins Zona Centro Norte,posted|wp_id=32609|https://chile.mimusjobs.com/job/operador-de-tratamiento-de-aguas-servidas-y-agua-potable-region-de-ohiggins-zona-centro-norte/,2026-09-27T17:23:08.686681,https://cl.computrabajo.com/empleos-en-r.metropolitana-en-santiago-centro,14
7ceb20174eb5a1a3,https://cl.computrabajo.com/ofertas-de-trabajo/oferta-de-trabajo-de-operadora-de-sala-caja-supermercado-penaflor-en-penaflor-893E5BEA017845CD61373E686DCF3405,Operador(a) de Sala/ Caja - Supermercado Peñaflor,posted|wp_id=32611|https://chile.mimusjobs.com/job/operadora-de-sala-caja-supermercado-penaflor/,2026-09-27T17:23:15.018446,https://cl.computrabajo.com/empleos-en-r.metropolitana-en-santiago-centro,14
ccbf09664f935f64,https://cl.computrabajo.com/ofertas-de-trabajo/oferta-de-trabajo-de-encargado-de-aseo-quilicura-en-santiago-quilicura-71F2ECC3D07AB9E561373E686DCF3405,Encargado de Aseo/ Quilicura,posted|wp_id=32612|https://chile.mimusjobs.com/job/encargado-de-aseo-quilicura/,2026-09-27T17:23:19.179051,https://cl.computrabajo.com/empleos-en-r.metropolitana-en-santiago-centro,14
3ff6fd1ced832d70,https://cl.computrabajo.com/ofertas-de-trabajo/oferta-de-trabajo-de-vendedor-a-electro-belleza-y-cuidado-personal-valdivia-en-valdivia-2F60ECB926831ABE61373E686DCF3405,Vendedor (a) Electro Belleza y Cuidado Personal / Valdivia,posted|wp_id=32614|https://chile.mimusjobs.com/job/vendedor-a-electro-belleza-y-cuidado-personal-valdivia/,2026-09-27T17:23:24.736642,https://cl.computrabajo.com/empleos-en-r.metropolitana-en-santiago-centro,15
cb90b8fec4d0db4a,https://cl.computrabajo.com/ofertas-de-trabajo/oferta-de-trabajo-de-operarios-de-maquila-y-produccion-580000-lunes-a-viernes-pudahuel-enea-en-santiago-cerro-navia-4BD73A63541F241361373E686DCF3405,"Operarios de Maquila y Producción $580.000 (Lunes a Viernes), Pudahuel (Enea)",posted|wp_id=32616|https://chile.mimusjobs.com/job/operarios-de-maquila-y-produccion-580-000-lunes-a-viernes-pudahuel-enea-4/,2026-09-27T17:23:31.219010,https://cl.computrabajo.com/empleos-en-r.metropolitana-en-santiago-centro,15
bd08b6fad9324aed,https://cl.computrabajo.com/ofertas-de-trabajo/oferta-de-trabajo-de-administrador-de-contrato-servicio-operacion-negocio-oxidos-mineria-en-copiapo-271DA4A9FC2B212B61373E686DCF3405,Administrador de Contrato – Servicio Operación Negocio Oxidos– Minería,posted|wp_id=32617|https://chile.mimusjobs.com/job/administrador-de-contrato-servicio-operacion-negocio-oxidos-mineria-3/,2026-09-27T17:23:36.571127,https://cl.computrabajo.com/empleos-en-r.metropolitana-en-santiago-centro,15
8bce5d8df4571113,https://cl.computrabajo.com/ofertas-de-trabajo/oferta-de-trabajo-de-chofer-a4-en-concepcion-EB2C2EAE044D98FF61373E686DCF3405,Chofer A4,posted|wp_id=32619|https://chile.mimusjobs.com/job/chofer-a4/,2026-09-27T17:23:40.948218,https://cl.computrabajo.com/empleos-en-r.metropolitana-en-santiago-centro,15
e0d149ff436677b4,https://cl.computrabajo.com/ofertas-de-trabajo/oferta-de-trabajo-de-operarios-de-bodega-para-palletizados-pudahuel-en-santiago-pudahuel-ACBD652C08919CB861373E686DCF3405,Operarios de Bodega para Palletizados Pudahuel,posted|wp_id=32621|https://chile.mimusjobs.com/job/operarios-de-bodega-para-palletizados-pudahuel/,2026-09-27T17:23:45.543435,https://cl.computrabajo.com/empleos-en-r.metropolitana-en-santiago-centro,15
44c525b2e45da5bd,https://cl.computrabajo.com/ofertas-de-trabajo/oferta-de-trabajo-de-guardia-de-seguridad-6210000-liquido-santiago-centro-en-santiago-centro-708F897C7C35272261373E686DCF3405,Guardia de Seguridad $621.0000 Liquido - Santiago Centro,posted|wp_id=16861|https://chile.mimusjobs.com/job/guardia-de-seguridad-621-0000-liquido-santiago-centro/,2026-09-27T17:23:47.924518,https://cl.computrabajo.com/empleos-en-r.metropolitana-en-santiago-centro,15
788863af9bfdeee0,https://cl.computrabajo.com/ofertas-de-trabajo/oferta-de-trabajo-de-electromecanico-senior-quilicura-en-santiago-quilicura-02D8487A46267A7F61373E686DCF3405,Electromecánico Senior - Quilicura,posted|wp_id=32623|https://chile.mimusjobs.com/job/electromecanico-senior-quilicura/,2026-09-27T17:23:52.367132,https://cl.computrabajo.com/empleos-en-r.metropolitana-en-santiago-centro,15
bf5bf057560dbf3c,https://cl.computrabajo.com/ofertas-de-trabajo/oferta-de-trabajo-de-nutricionista-sin-experiencia-en-santiago-maipu-7D2F855458AD325461373E686DCF3405,Nutricionista sin Experiencia,posted|wp_id=32507|https://chile.mimusjobs.com/job/nutricionista-sin-experiencia/,2026-09-27T17:23:54.254945,https://cl.computrabajo.com/empleos-en-r.metropolitana-en-santiago-centro,15
cb9aa8c3189bd98d,https://cl.computrabajo.com/ofertas-de-trabajo/oferta-de-trabajo-de-ingeniero-de-datos-mejora-y-reporting-en-santiago-centro-664EA7D1DFA5EC1861373E686DCF3405,"Ingeniero de Datos, Mejora y Reporting",posted|wp_id=18320|https://chile.mimusjobs.com/job/ingeniero-de-datos-mejora-y-reporting/,2026-09-27T17:23:56.585640,https://cl.computrabajo.com/empleos-en-r.metropolitana-en-santiago-centro,15
92b2d19c6868dd5d,https://cl.computrabajo.com/ofertas-de-trabajo/oferta-de-trabajo-de-operarios-de-produccion-zona-norte-710000-en-santiago-pudahuel-1AE5AEF442D3F68E61373E686DCF3405,Operarios de produccion Zona Norte 710.000,posted|wp_id=32625|https://chile.mimusjobs.com/job/operarios-de-produccion-zona-norte-710-000/,2026-09-27T17:24:01.303112,https://cl.computrabajo.com/empleos-en-r.metropolitana-en-santiago-centro,15
79367d488ba5ec81,https://cl.computrabajo.com/ofertas-de-trabajo/oferta-de-trabajo-de-operarios-de-produccion-zona-norte-710000-en-santiago-independencia-C49C60ACDB97244D61373E686DCF3405,Operarios de produccion Zona Norte 710.000,posted|wp_id=32625|https://chile.mimusjobs.com/job/operarios-de-produccion-zona-norte-710-000/,2026-09-27T17:24:04.402260,https://cl.computrabajo.com/empleos-en-r.metropolitana-en-santiago-centro,15
7ca9d9773e7ce277,https://cl.computrabajo.com/ofertas-de-trabajo/oferta-de-trabajo-de-operario-bodega-comuna-de-pudahuel-en-santiago-providencia-E1B44F06E7C6686261373E686DCF3405,Operario Bodega Comuna de Pudahuel,posted|wp_id=11169|https://chile.mimusjobs.com/job/operario-bodega-comuna-de-pudahuel/,2026-09-27T17:24:07.794384,https://cl.computrabajo.com/empleos-en-r.metropolitana-en-santiago-centro,15
e084928a4b6628e2,https://cl.computrabajo.com/ofertas-de-trabajo/oferta-de-trabajo-de-operario-de-produccion-630000-ingreso-inmediato-en-san-bernardo-26781DB5092DA18361373E686DCF3405,Operario de Producción 630.000 Ingreso Inmediato,posted|wp_id=32627|https://chile.mimusjobs.com/job/operario-de-produccion-630-000-ingreso-inmediato-4/,2026-09-27T17:24:12.819809,https://cl.computrabajo.com/empleos-en-r.metropolitana-en-santiago-centro,15
b7dfceab654e9a50,https://cl.computrabajo.com/ofertas-de-trabajo/oferta-de-trabajo-de-operario-de-produccion-de-alimentos-para-san-bernardo-colacion-bus-de-acercamiento-620000-en-santiago-la-cisterna-D78CFF5CCDCA552061373E686DCF3405,Operario de Producción de alimentos para San Bernardo (Colación + Bus de Acercamiento) $620.000,posted|wp_id=32629|https://chile.mimusjobs.com/job/operario-de-produccion-de-alimentos-para-san-bernardo-colacion-bus-de-acercamiento-620-000-6/,2026-09-27T17:24:20.507291,https://cl.computrabajo.com/empleos-en-r.metropolitana-en-santiago-centro,15
e8047dfafcf5ac21,https://cl.computrabajo.com/ofertas-de-trabajo/oferta-de-trabajo-de-operario-de-produccion-de-alimentos-para-san-bernardo-colacion-bus-de-acercamiento-en-santiago-la-pintana-60195BA2BA6B709961373E686DCF3405,Operario de Producción de alimentos para San Bernardo (Colación + Bus de Acercamiento),posted|wp_id=32631|https://chile.mimusjobs.com/job/operario-de-produccion-de-alimentos-para-san-bernardo-colacion-bus-de-acercamiento-9/,2026-09-27T17:24:26.521026,https://cl.computrabajo.com/empleos-en-r.metropolitana-en-santiago-centro,15
2747a5dd5bf064cf,https://cl.computrabajo.com/ofertas-de-trabajo/oferta-de-trabajo-de-tecnico-electrico-de-activaciones-en-santiago-centro-10C27DC9051918C461373E686DCF3405,Técnico Eléctrico de Activaciones,posted|wp_id=32633|https://chile.mimusjobs.com/job/tecnico-electrico-de-activaciones-4/,2026-09-27T17:24:30.835911,https://cl.computrabajo.com/empleos-en-r.metropolitana-en-santiago-centro,15
984554048b4b31b0,https://cl.computrabajo.com/ofertas-de-trabajo/oferta-de-trabajo-de-operario-de-bodega-turno-rotativo-pudahuel-colacion-bus-de-acercamiento-en-santiago-pudahuel-1F5181696CB961A261373E686DCF3405,Operario de Bodega turno rotativo. Pudahuel - Colacion + Bus de Acercamiento,posted|wp_id=10160|https://chile.mimusjobs.com/job/operario-de-bodega-turno-rotativo-pudahuel-colacion-bus-de-acercamiento/,2026-09-27T17:24:33.346084,https://cl.computrabajo.com/empleos-en-r.metropolitana-en-santiago-centro,15
70b6b54abc344c59,https://cl.computrabajo.com/ofertas-de-trabajo/oferta-de-trabajo-de-operarioa-de-planta-quilicura-en-santiago-pudahuel-EBB83E54714FEF1A61373E686DCF3405,Operario/a de Planta – Quilicura,posted|wp_id=11801|https://chile.mimusjobs.com/job/operario-a-de-planta-quilicura/,2026-09-27T17:24:36.335906,https://cl.computrabajo.com/empleos-en-r.metropolitana-en-santiago-centro,15
1053ce147b32c121,https://cl.computrabajo.com/ofertas-de-trabajo/oferta-de-trabajo-de-operario-bodega-lider-warehouse-team-leader-pudahuel-en-santiago-quilicura-86CC99F6A1FACBCE61373E686DCF3405,Operario Bodega Lider (Warehouse Team Leader) Pudahuel,posted|wp_id=18368|https://chile.mimusjobs.com/job/operario-bodega-lider-warehouse-team-leader-pudahuel/,2026-09-27T17:24:38.745581,https://cl.computrabajo.com/empleos-en-r.metropolitana-en-santiago-centro,15
129fa9b3eb9a1bf5,https://cl.computrabajo.com/ofertas-de-trabajo/oferta-de-trabajo-de-operario-de-bodega-warehouse-en-pudahuel-625000-full-time-bus-desde-metro-pudahuel-pajaritos-en-santiago-pudahuel-4D03F1CEF5DB097961373E686DCF3405,"Operario de Bodega (Warehouse) en Pudahuel $625.000 - Full Time + Bus desde Metro Pudahuel, Pajaritos",posted|wp_id=32635|https://chile.mimusjobs.com/job/operario-de-bodega-warehouse-en-pudahuel-625-000-full-time-bus-desde-metro-pudahuel-pajaritos-25/,2026-09-27T17:24:43.294539,https://cl.computrabajo.com/empleos-en-r.metropolitana-en-santiago-centro,16
8597ee483ac7e1a6,https://cl.computrabajo.com/ofertas-de-trabajo/oferta-de-trabajo-de-apilador-solo-domingo-turno-nocturno-20092026-comuna-de-pudahuel-valor-dia-50000-en-santiago-pudahuel-F3A2DCF683BF5FE061373E686DCF3405,Apilador solo domingo turno nocturno 20/09/2026 Comuna de Pudahuel - valor dia $50.000,posted|wp_id=32637|https://chile.mimusjobs.com/job/apilador-solo-domingo-turno-nocturno-20-09-2026-comuna-de-pudahuel-valor-dia-50-000/,2026-09-27T17:24:48.249421,https://cl.computrabajo.com/empleos-en-r.metropolitana-en-santiago-centro,16
3e7a7d2da956f1d5,https://cl.computrabajo.com/ofertas-de-trabajo/oferta-de-trabajo-de-operario-de-bodega-adidas-pudahuel-turno-rotativo-640000-en-santiago-pudahuel-BA5BB2D65AFDE00B61373E686DCF3405,Operario de bodega / Adidas / Pudahuel / Turno rotativo $640000,posted|wp_id=16811|https://chile.mimusjobs.com/job/operario-de-bodega-adidas-pudahuel-turno-rotativo-640000/,2026-09-27T17:24:50.879291,https://cl.computrabajo.com/empleos-en-r.metropolitana-en-santiago-centro,16
9b181bcfd2851867,https://cl.computrabajo.com/ofertas-de-trabajo/oferta-de-trabajo-de-operario-plotter-estampado-adidas-bodega-pudahuel-en-santiago-pudahuel-D718C06821AB23E861373E686DCF3405,Operario Plotter/ Estampado Adidas /bodega Pudahuel,posted|wp_id=32639|https://chile.mimusjobs.com/job/operario-plotter-estampado-adidas-bodega-pudahuel/,2026-09-27T17:24:55.197725,https://cl.computrabajo.com/empleos-en-r.metropolitana-en-santiago-centro,16
57a81df5478c4149,https://cl.computrabajo.com/ofertas-de-trabajo/oferta-de-trabajo-de-operario-bodega-comuna-de-pudahuel-en-santiago-providencia-470737A0C6361C9961373E686DCF3405,Operario Bodega Comuna de Pudahuel,posted|wp_id=11169|https://chile.mimusjobs.com/job/operario-bodega-comuna-de-pudahuel/,2026-09-27T17:24:57.845326,https://cl.computrabajo.com/empleos-en-r.metropolitana-en-santiago-centro,16
ea6562203da9d79d,https://cl.computrabajo.com/ofertas-de-trabajo/oferta-de-trabajo-de-operarioa-produccion-en-quilicura-pan-de-pascua-en-santiago-quilicura-9DC57397DAE8E7CC61373E686DCF3405,Operario/a producción en Quilicura - Pan de Pascua,posted|wp_id=32641|https://chile.mimusjobs.com/job/operario-a-produccion-en-quilicura-pan-de-pascua-4/,2026-09-27T17:25:02.731579,https://cl.computrabajo.com/empleos-en-r.metropolitana-en-santiago-centro,16
d88a19bb91d62194,https://cl.computrabajo.com/ofertas-de-trabajo/oferta-de-trabajo-de-vendedor-canal-tradicional-reemplazo-1000000-liquido-region-metropolitana-en-colina-07252CDFC255C1BB61373E686DCF3405,Vendedor Canal Tradicional (Reemplazo) $1.000.000 Líquido - Región Metropolitana,posted|wp_id=32643|https://chile.mimusjobs.com/job/vendedor-canal-tradicional-reemplazo-1-000-000-liquido-region-metropolitana-5/,2026-09-27T17:25:07.260044,https://cl.computrabajo.com/empleos-en-r.metropolitana-en-santiago-centro,16
57adfe798e798204,https://cl.computrabajo.com/ofertas-de-trabajo/oferta-de-trabajo-de-administracion-recursos-humanos-antofagasta-en-antofagasta-FB5C1BA2A693250561373E686DCF3405,Administración Recursos Humanos - Antofagasta,posted|wp_id=32645|https://chile.mimusjobs.com/job/administracion-recursos-humanos-antofagasta/,2026-09-27T17:25:13.036855,https://cl.computrabajo.com/empleos-en-r.metropolitana-en-santiago-centro,16
9764bbd948b29460,https://cl.computrabajo.com/ofertas-de-trabajo/oferta-de-trabajo-de-ejecutivoa-de-ventas-b2b-recursos-humanos-las-condes-en-santiago-las-condes-20A03AACABB5013F61373E686DCF3405,Ejecutivo/a de Ventas B2B - Recursos Humanos / Las Condes,posted|wp_id=32647|https://chile.mimusjobs.com/job/ejecutivo-a-de-ventas-b2b-recursos-humanos-las-condes/,2026-09-27T17:25:18.795100,https://cl.computrabajo.com/empleos-en-r.metropolitana-en-santiago-centro,16
2f4560b646a5f44f,https://cl.computrabajo.com/ofertas-de-trabajo/oferta-de-trabajo-de-analista-de-control-de-gestion-en-santiago-las-condes-9A59357C390CDD9B61373E686DCF3405,Analista de Control de Gestión,posted|wp_id=32648|https://chile.mimusjobs.com/job/analista-de-control-de-gestion-4/,2026-09-27T17:25:21.973360,https://cl.computrabajo.com/empleos-en-r.metropolitana-en-santiago-centro,16
26a46f5ff115cf29,https://cl.computrabajo.com/ofertas-de-trabajo/oferta-de-trabajo-de-operario-de-bodega-in-house-cyber-turno-manana-745000-aprox-bus-en-santiago-pudahuel-F53A6D3467B28B0861373E686DCF3405,Operario de Bodega In House Cyber / Turno Mañana / 745.000 Aprox + Bus,posted|wp_id=32650|https://chile.mimusjobs.com/job/operario-de-bodega-in-house-cyber-turno-manana-745-000-aprox-bus-4/,2026-09-27T17:25:27.793063,https://cl.computrabajo.com/empleos-en-r.metropolitana-en-santiago-centro,16
469f491313255d2e,https://cl.computrabajo.com/ofertas-de-trabajo/oferta-de-trabajo-de-shopper-supermercado-dia-de-semana-y-fin-de-semana-disponibilidad-inmediata-en-iquique-1087CED7CE94942461373E686DCF3405,Shopper Supermercado Día de Semana y Fin de Semana - Disponibilidad Inmediata,posted|wp_id=32652|https://chile.mimusjobs.com/job/shopper-supermercado-dia-de-semana-y-fin-de-semana-disponibilidad-inmediata/,2026-09-27T17:25:33.963188,https://cl.computrabajo.com/empleos-en-r.metropolitana-en-santiago-centro,16
60471bb4f18d0dcc,https://cl.computrabajo.com/ofertas-de-trabajo/oferta-de-trabajo-de-tecnico-instaladora-de-alarmas-con-os10-vigente-para-antofagasta-en-antofagasta-A6E22EBE6BE8506A61373E686DCF3405,Técnico Instalador(a) de Alarmas con OS10 Vigente para Antofagasta,posted|wp_id=32654|https://chile.mimusjobs.com/job/tecnico-instaladora-de-alarmas-con-os10-vigente-para-antofagasta/,2026-09-27T17:25:39.836583,https://cl.computrabajo.com/empleos-en-r.metropolitana-en-santiago-centro,16
7d91745c8c152ca5,https://cl.computrabajo.com/ofertas-de-trabajo/oferta-de-trabajo-de-ejecutivo-tecnico-comercial-ventas-industriales-zona-sur-en-concepcion-EE4ED15400DD332E61373E686DCF3405,Ejecutivo Técnico Comercial – Ventas Industriales Zona Sur,posted|wp_id=32656|https://chile.mimusjobs.com/job/ejecutivo-tecnico-comercial-ventas-industriales-zona-sur/,2026-09-27T17:25:47.677494,https://cl.computrabajo.com/empleos-en-r.metropolitana-en-santiago-centro,16
88ddb72dead7fe79,https://cl.computrabajo.com/ofertas-de-trabajo/oferta-de-trabajo-de-practicante-revenue-inteligencia-de-mercado-en-santiago-las-condes-5FFCC5F124AB11C261373E686DCF3405,"Practicante Revenue, Inteligencia de Mercado",posted|wp_id=32658|https://chile.mimusjobs.com/job/practicante-revenue-inteligencia-de-mercado/,2026-09-27T17:25:53.343366,https://cl.computrabajo.com/empleos-en-r.metropolitana-en-santiago-centro,16
64b01cf279b21c03,https://cl.computrabajo.com/ofertas-de-trabajo/oferta-de-trabajo-de-auxiliar-de-farmacia-salamanca-en-salamanca-74C9A5B2BDC6158361373E686DCF3405,Auxiliar de Farmacia - Salamanca,posted|wp_id=32659|https://chile.mimusjobs.com/job/auxiliar-de-farmacia-salamanca/,2026-09-27T17:25:57.469114,https://cl.computrabajo.com/empleos-en-r.metropolitana-en-santiago-centro,16
72e54635d33a15a1,https://cl.computrabajo.com/ofertas-de-trabajo/oferta-de-trabajo-de-control-documental-hse-nivel-a-antofagasta-ep094-en-antofagasta-46E95636EB562CE261373E686DCF3405,Control Documental HSE Nivel A / Antofagasta / EP094,posted|wp_id=32661|https://chile.mimusjobs.com/job/control-documental-hse-nivel-a-antofagasta-ep094/,2026-09-27T17:26:02.881123,https://cl.computrabajo.com/empleos-en-r.metropolitana-en-santiago-centro,16
3dcf62531852354d,https://cl.computrabajo.com/ofertas-de-trabajo/oferta-de-trabajo-de-panoleroa-bodegueroa-farmaceutico-en-santiago-independencia-17F84F4C55EE796C61373E686DCF3405,Pañolero/a (Bodeguero/a farmacéutico),posted|wp_id=32663|https://chile.mimusjobs.com/job/panolero-a-bodeguero-a-farmaceutico/,2026-09-27T17:26:09.476688,https://cl.computrabajo.com/empleos-en-r.metropolitana-en-santiago-centro,16
e40168cc5c7e8680,https://cl.computrabajo.com/ofertas-de-trabajo/oferta-de-trabajo-de-sub-encargado-de-turno-local-de-comida-rapida-region-metropolitana-en-santiago-centro-F6B75EEBB74ED89C61373E686DCF3405,Sub Encargado de Turno Local de Comida Rápida / Región Metropolitana,posted|wp_id=32664|https://chile.mimusjobs.com/job/sub-encargado-de-turno-local-de-comida-rapida-region-metropolitana/,2026-09-27T17:26:13.681342,https://cl.computrabajo.com/empleos-en-r.metropolitana-en-santiago-centro,16
d84b1548fc11750e,https://cl.computrabajo.com/ofertas-de-trabajo/oferta-de-trabajo-de-tecnico-operador-de-calderas-tecnico-multiproposito-6x1-lota-en-lota-F500C0C8B391BCEB61373E686DCF3405,"Técnico Operador de Calderas / Técnico Multipropósito, 6X1 ,Lota.",posted|wp_id=32665|https://chile.mimusjobs.com/job/tecnico-operador-de-calderas-tecnico-multiproposito-6x1-lota/,2026-09-27T17:26:21.229036,https://cl.computrabajo.com/empleos-en-r.metropolitana-en-santiago-centro,16
e569eb81e6a85e1a,https://cl.computrabajo.com/ofertas-de-trabajo/oferta-de-trabajo-de-picker-preparador-de-pedidos-supermercado-estacion-central-picker-estacion-central-en-santiago-estacion-central-C8BFDEC4865C873B61373E686DCF3405,Picker Preparador de Pedidos Supermercado Estacion Central - Picker Estación Central,posted|wp_id=32667|https://chile.mimusjobs.com/job/picker-preparador-de-pedidos-supermercado-estacion-central-picker-estacion-central/,2026-09-27T17:26:35.589323,https://cl.computrabajo.com/empleos-en-r.metropolitana-en-santiago-centro,17
3010079ca3899406,https://cl.computrabajo.com/ofertas-de-trabajo/oferta-de-trabajo-de-analista-gestion-de-personas-antofagasta-antofagasta-en-antofagasta-66D6F6F4D31F94EB61373E686DCF3405,Analista Gestión de Personas / Antofagasta - Antofagasta,posted|wp_id=32671|https://chile.mimusjobs.com/job/analista-gestion-de-personas-antofagasta-antofagasta/,2026-09-27T17:26:43.619803,https://cl.computrabajo.com/empleos-en-r.metropolitana-en-santiago-centro,17
de53a8ca28e00bf1,https://cl.computrabajo.com/ofertas-de-trabajo/oferta-de-trabajo-de-ingeniero-a-en-alimentos-para-encargado-de-calidad-quilicura-en-santiago-quilicura-C78E5373AD39687D61373E686DCF3405,Ingeniero (a) en Alimentos para Encargado de Calidad - Quilicura,posted|wp_id=32673|https://chile.mimusjobs.com/job/ingeniero-a-en-alimentos-para-encargado-de-calidad-quilicura/,2026-09-27T17:26:48.490242,https://cl.computrabajo.com/empleos-en-r.metropolitana-en-santiago-centro,17
1691438f59b2c11d,https://cl.computrabajo.com/ofertas-de-trabajo/oferta-de-trabajo-de-jefe-de-punto-de-venta-en-talca-20F327A44192F88161373E686DCF3405,Jefe de Punto de Venta,posted|wp_id=32674|https://chile.mimusjobs.com/job/jefe-de-punto-de-venta/,2026-09-27T17:26:51.940289,https://cl.computrabajo.com/empleos-en-r.metropolitana-en-santiago-centro,17
229b370929a1db60,https://cl.computrabajo.com/ofertas-de-trabajo/oferta-de-trabajo-de-asistente-de-tecnologia-las-condes-en-santiago-las-condes-23E2B7951F824C2061373E686DCF3405,Asistente de tecnologia - Las Condes,posted|wp_id=32676|https://chile.mimusjobs.com/job/asistente-de-tecnologia-las-condes/,2026-09-27T17:26:57.270423,https://cl.computrabajo.com/empleos-en-r.metropolitana-en-santiago-centro,17
0540dd8d2a0d9639,https://cl.computrabajo.com/ofertas-de-trabajo/oferta-de-trabajo-de-supervisor-operaciones-turno-pm-enea-pudahuel-en-santiago-providencia-21C6499B6F2FB44561373E686DCF3405,Supervisor Operaciones Turno Pm/ Enea Pudahuel,posted|wp_id=13383|https://chile.mimusjobs.com/job/supervisor-operaciones-turno-pm-enea-pudahuel/,2026-09-27T17:26:59.867106,https://cl.computrabajo.com/empleos-en-r.metropolitana-en-santiago-centro,17
703e7ce878279199,https://cl.computrabajo.com/ofertas-de-trabajo/oferta-de-trabajo-de-asesor-de-prevencion-de-riesgos-apr-calama-en-calama-2DC5E2DB9067C36961373E686DCF3405,Asesor de Prevención de Riesgos (APR) - Calama,posted|wp_id=32678|https://chile.mimusjobs.com/job/asesor-de-prevencion-de-riesgos-apr-calama/,2026-09-27T17:27:04.936463,https://cl.computrabajo.com/empleos-en-r.metropolitana-en-santiago-centro,17
83991279d6ae62f7,https://cl.computrabajo.com/ofertas-de-trabajo/oferta-de-trabajo-de-analista-financiero-las-condes-en-santiago-las-condes-8A3371485DDB65FB61373E686DCF3405,Analista financiero - Las Condes,posted|wp_id=32680|https://chile.mimusjobs.com/job/analista-financiero-las-condes/,2026-09-27T17:27:11.441910,https://cl.computrabajo.com/empleos-en-r.metropolitana-en-santiago-centro,17
350b95aefad55105,https://cl.computrabajo.com/ofertas-de-trabajo/oferta-de-trabajo-de-nike-factory-puente-alto-guardias-con-curso-os10-4x4-605000-puente-alto-en-santiago-la-florida-601785C5DD5E3AE361373E686DCF3405,Nike Factory Puente Alto Guardias con curso Os10 4x4 $605.000 - Puente Alto,posted|wp_id=32682|https://chile.mimusjobs.com/job/nike-factory-puente-alto-guardias-con-curso-os10-4x4-605-000-puente-alto/,2026-09-27T17:27:16.185992,https://cl.computrabajo.com/empleos-en-r.metropolitana-en-santiago-centro,17
6b289b654d8315d9,https://cl.computrabajo.com/ofertas-de-trabajo/oferta-de-trabajo-de-cajero-bancario-externo-con-experiencia-en-banca-financiera-sector-oriente-en-santiago-vitacura-BCA62B25233AD75461373E686DCF3405,Cajero bancario externo con experiencia en Banca Financiera/ Sector Oriente,posted|wp_id=32683|https://chile.mimusjobs.com/job/cajero-bancario-externo-con-experiencia-en-banca-financiera-sector-oriente/,2026-09-27T17:27:20.014319,https://cl.computrabajo.com/empleos-en-r.metropolitana-en-santiago-centro,17
5ac5e63c139f1a05,https://cl.computrabajo.com/ofertas-de-trabajo/oferta-de-trabajo-de-san-bernardo-603000-operario-de-bodega-de-lunes-a-sabadoapoyo-temporada-cyber-operario-de-bodega-en-san-bernardo-A5403E81DFBE3F2661373E686DCF3405,"San Bernardo, 603.000, Operario de Bodega de lunes a sábado,Apoyo temporada Cyber - Operario de Bodega",posted|wp_id=32685|https://chile.mimusjobs.com/job/san-bernardo-603-000-operario-de-bodega-de-lunes-a-sabadoapoyo-temporada-cyber-operario-de-bodega-7/,2026-09-27T17:27:24.966972,https://cl.computrabajo.com/empleos-en-r.metropolitana-en-santiago-centro,17
0d17f545f54a54bf,https://cl.computrabajo.com/ofertas-de-trabajo/oferta-de-trabajo-de-ayudante-de-cocina-turnos-rotativos-part-time-20-hrs-guacamole-irarrazabal-nunoa-en-santiago-nunoa-189B97CDC13ECE1161373E686DCF3405,Ayudante de Cocina Turnos Rotativos / Part time 20 hrs / Guacamole Irarrazabal / Ñuñoa,posted|wp_id=32686|https://chile.mimusjobs.com/job/ayudante-de-cocina-turnos-rotativos-part-time-20-hrs-guacamole-irarrazabal-nunoa/,2026-09-27T17:27:28.218320,https://cl.computrabajo.com/empleos-en-r.metropolitana-en-santiago-centro,17
49449c3207f0a8d2,https://cl.computrabajo.com/ofertas-de-trabajo/oferta-de-trabajo-de-auxiliar-de-aseo-quilicura-en-santiago-quilicura-57FC64BD509E8E3461373E686DCF3405,Auxiliar de aseo - Quilicura,posted|wp_id=32688|https://chile.mimusjobs.com/job/auxiliar-de-aseo-quilicura/,2026-09-27T17:27:33.323014,https://cl.computrabajo.com/empleos-en-r.metropolitana-en-santiago-centro,17
4fac7c899f7e2537,https://cl.computrabajo.com/ofertas-de-trabajo/oferta-de-trabajo-de-auxiliar-de-aseo-concepcion-reemplazo-en-concepcion-ACB75ED9E52BFA8D61373E686DCF3405,Auxiliar de aseo - Concepción / Reemplazo,posted|wp_id=32690|https://chile.mimusjobs.com/job/auxiliar-de-aseo-concepcion-reemplazo/,2026-09-27T17:27:38.876303,https://cl.computrabajo.com/empleos-en-r.metropolitana-en-santiago-centro,17
4165a85b01e9febc,https://cl.computrabajo.com/ofertas-de-trabajo/oferta-de-trabajo-de-jefe-de-venta-part-time-antofagasta-en-antofagasta-972C110078E707FA61373E686DCF3405,Jefe de Venta Part Time Antofagasta,posted|wp_id=32692|https://chile.mimusjobs.com/job/jefe-de-venta-part-time-antofagasta/,2026-09-27T17:27:43.359496,https://cl.computrabajo.com/empleos-en-r.metropolitana-en-santiago-centro,17
b61c630afc135a31,https://cl.computrabajo.com/ofertas-de-trabajo/oferta-de-trabajo-de-administrativo-a-de-repuestos-calama-7x7-rotativo-en-calama-F59D4175F09CBC2B61373E686DCF3405,Administrativo (a) de repuestos Calama 7x7 rotativo,posted|wp_id=11703|https://chile.mimusjobs.com/job/administrativo-a-de-repuestos-calama-7x7-rotativo/,2026-09-27T17:27:46.053392,https://cl.computrabajo.com/empleos-en-r.metropolitana-en-santiago-centro,17
299a474eca4439ef,https://cl.computrabajo.com/ofertas-de-trabajo/oferta-de-trabajo-de-operario-de-bodega-pudahuel-625000-turnos-rotativos-am-pm-y-noche-bus-y-colacion-en-santiago-pudahuel-E7218D14D51932BD61373E686DCF3405,"Operario de Bodega / Pudahuel / 625.000 - turnos rotativos am, pm y noche bus y colación",posted|wp_id=32694|https://chile.mimusjobs.com/job/operario-de-bodega-pudahuel-625-000-turnos-rotativos-am-pm-y-noche-bus-y-colacion-7/,2026-09-27T17:27:52.108213,https://cl.computrabajo.com/empleos-en-r.metropolitana-en-santiago-centro,17
d1452b53f01c7b16,https://cl.computrabajo.com/ofertas-de-trabajo/oferta-de-trabajo-de-operador-de-planta-de-tratamiento-de-aguas-servidas-ptas-zona-norte-en-taltal-0972686522CF06E161373E686DCF3405,Operador de Planta de Tratamiento de Aguas Servidas (PTAS) - Zona Norte,wp_post_failed,2026-09-27T17:27:58.906061,https://cl.computrabajo.com/empleos-en-r.metropolitana-en-santiago-centro,17
bfeb05a8b3601810,https://cl.computrabajo.com/ofertas-de-trabajo/oferta-de-trabajo-de-operarioa-de-bodega-pudahuel-646000-liquidos-bus-de-acercamiento-en-santiago-pudahuel-77EAC204F96337EB61373E686DCF3405,Operario(a) de Bodega Pudahuel / $646.000 líquidos + Bus de acercamiento,wp_post_failed,2026-09-27T17:28:03.417237,https://cl.computrabajo.com/empleos-en-r.metropolitana-en-santiago-centro,17
df05a285067cfca6,https://cl.computrabajo.com/ofertas-de-trabajo/oferta-de-trabajo-de-mantenedor-electrico-mejillones-en-mejillones-2D8EC344D89617B861373E686DCF3405,Mantenedor Eléctrico - Mejillones,wp_post_failed,2026-09-27T17:28:07.844565,https://cl.computrabajo.com/empleos-en-r.metropolitana-en-santiago-centro,17
d4575920331e6944,https://cl.computrabajo.com/ofertas-de-trabajo/oferta-de-trabajo-de-ejecutivo-comercial-pensionado-valparaiso-en-valparaiso-991CFD569E2104B461373E686DCF3405,Ejecutivo Comercial Pensionado - Valparaíso,wp_post_failed,2026-09-27T17:28:12.621602,https://cl.computrabajo.com/empleos-en-r.metropolitana-en-santiago-centro,18
7128c428115cee2c,https://cl.computrabajo.com/ofertas-de-trabajo/oferta-de-trabajo-de-vendedora-trainee-part-time-30hrs-4x3-rotativo-puerto-montt-en-puerto-montt-BA24EB54D42FD1EB61373E686DCF3405,Vendedor(a) Trainee / Part Time 30hrs (4x3 rotativo) /Puerto Montt,wp_post_failed,2026-09-27T17:28:17.096871,https://cl.computrabajo.com/empleos-en-r.metropolitana-en-santiago-centro,18
f17b00af56d2c9c2,https://cl.computrabajo.com/ofertas-de-trabajo/oferta-de-trabajo-de-especialista-de-medicina-del-trabajador-diego-de-almagro-el-salvador-turno-7x7-en-diego-de-almagro-BF0A249F4403B50D61373E686DCF3405,"Especialista de Medicina del Trabajador /Diego de Almagro, el Salvador/ Turno 7x7",wp_post_failed,2026-09-27T17:28:21.629995,https://cl.computrabajo.com/empleos-en-r.metropolitana-en-santiago-centro,18
da7bcd177fee9137,https://cl.computrabajo.com/ofertas-de-trabajo/oferta-de-trabajo-de-consultora-de-perfumeria-part-time-falabella-plaza-egana-en-santiago-la-reina-830A435B9E92964061373E686DCF3405,Consultor(a) de Perfumería Part Time Falabella Plaza Egaña,wp_post_failed,2026-09-27T17:28:26.063338,https://cl.computrabajo.com/empleos-en-r.metropolitana-en-santiago-centro,18
0ab0e14a105011e6,https://cl.computrabajo.com/ofertas-de-trabajo/oferta-de-trabajo-de-operariosas-de-produccion-30-vacantes-colina-en-colina-BFB27840C565A78261373E686DCF3405,Operarios/as de Producción 30 vacantes! - Colina,wp_post_failed,2026-09-27T17:28:30.549069,https://cl.computrabajo.com/empleos-en-r.metropolitana-en-santiago-centro,18
2bbc7e54eed91c62,https://cl.computrabajo.com/ofertas-de-trabajo/oferta-de-trabajo-de-reponedora-nocturno-para-supermercado-en-quillota-v-region-inicio-hoy-horario-rotativos-en-quillota-5DFED32B803A209861373E686DCF3405,"Reponedor/a Nocturno para Supermercado en Quillota, V Región. Inicio Hoy! - Horario Rotativos",wp_post_failed,2026-09-27T17:28:35.050522,https://cl.computrabajo.com/empleos-en-r.metropolitana-en-santiago-centro,18
b9200170ad69dc74,https://cl.computrabajo.com/ofertas-de-trabajo/oferta-de-trabajo-de-pizzeroa-part-time-la-serena-dominos-pizzas-en-la-serena-214063E6FBE48A6061373E686DCF3405,Pizzero/a Part Time La Serena - Domino's Pizzas,wp_post_failed,2026-09-27T17:28:39.662193,https://cl.computrabajo.com/empleos-en-r.metropolitana-en-santiago-centro,18
0265ba55a9f8b27c,https://cl.computrabajo.com/ofertas-de-trabajo/oferta-de-trabajo-de-ejecutivo-en-terreno-junior-b2b-en-santiago-providencia-9AAA68E7978B6C9C61373E686DCF3405,Ejecutivo en Terreno Junior (B2B),wp_post_failed,2026-09-27T17:28:44.083333,https://cl.computrabajo.com/empleos-en-r.metropolitana-en-santiago-centro,18
ec09dd3ecb44643e,https://cl.computrabajo.com/ofertas-de-trabajo/oferta-de-trabajo-de-operarios-de-produccioncerrillos-580000-beneficios-en-santiago-cerrillos-AEEA290F1C0667B861373E686DCF3405,Operarios de Producción/Cerrillos/ $580.000 + Beneficios,wp_post_failed,2026-09-27T17:28:48.514783,https://cl.computrabajo.com/empleos-en-r.metropolitana-en-santiago-centro,18
7714210432170fe7,https://cl.computrabajo.com/ofertas-de-trabajo/oferta-de-trabajo-de-ingreso-urgente-operador-de-grua-horquilla-y-apilador-turnos-rotativos-quilicura-planta-de-produccion-en-santiago-quilicura-76F076837820E04261373E686DCF3405,Ingreso Urgente Operador de Grúa Horquilla y Apilador (Turnos Rotativos) - Quilicura Planta de Producción,wp_post_failed,2026-09-27T17:28:52.954384,https://cl.computrabajo.com/empleos-en-r.metropolitana-en-santiago-centro,18
6d0793c8645973f5,https://cl.computrabajo.com/ofertas-de-trabajo/oferta-de-trabajo-de-auxiliar-de-bodega-en-santiago-providencia-716DF9780A99563A61373E686DCF3405,Auxiliar de bodega,wp_post_failed,2026-09-27T17:28:57.383822,https://cl.computrabajo.com/empleos-en-r.metropolitana-en-santiago-centro,18
94953e58c3ce2d33,https://cl.computrabajo.com/ofertas-de-trabajo/oferta-de-trabajo-de-tecnicao-en-prevencion-de-riesgos-sns-calama-ii-region-7x7-en-antofagasta-EC190DD388D8F57661373E686DCF3405,"Técnica/o en Prevención de Riesgos SNS - Calama, II Región 7x7",wp_post_failed,2026-09-27T17:29:01.766041,https://cl.computrabajo.com/empleos-en-r.metropolitana-en-santiago-centro,18
73f7b0e56ec16967,https://cl.computrabajo.com/ofertas-de-trabajo/oferta-de-trabajo-de-operario-de-bodega-para-empresa-rubro-retail-turno-rotativo-am-y-tarde-periodo-cyber-590000-av-lo-espejo-cerrillos-en-santiago-cerrillos-7F864A3FB93DFD1661373E686DCF3405,"Operario de bodega para empresa rubro retail turno rotativo am y tarde periodo cyber - 590.000 av lo espejo, Cerrillos",wp_post_failed,2026-09-27T17:29:06.260416,https://cl.computrabajo.com/empleos-en-r.metropolitana-en-santiago-centro,18
557eb50093bb456e,https://cl.computrabajo.com/ofertas-de-trabajo/oferta-de-trabajo-de-agente-de-seguros-agencia-osorno-banco-ripley-en-osorno-094EA095CAA93DA061373E686DCF3405,Agente de seguros Agencia Osorno Banco Ripley,wp_post_failed,2026-09-27T17:29:10.709010,https://cl.computrabajo.com/empleos-en-r.metropolitana-en-santiago-centro,18
d563b0c432705126,https://cl.computrabajo.com/ofertas-de-trabajo/oferta-de-trabajo-de-teleoperador-de-ventas-telefonia-santiago-rm-en-santiago-centro-01A79D261D88F68E61373E686DCF3405,Teleoperador de ventas (Telefonía) - Santiago RM,wp_post_failed,2026-09-27T17:29:15.093164,https://cl.computrabajo.com/empleos-en-r.metropolitana-en-santiago-centro,18
7744486807356985,https://cl.computrabajo.com/ofertas-de-trabajo/oferta-de-trabajo-de-guardia-de-seguridad-supermercado-en-concepcion-5290006x1turnos-extras-en-concepcion-93484C5514C4FAB861373E686DCF3405,Guardia de seguridad Supermercado en Concepción - $529.000/6x1/Turnos extras,wp_post_failed,2026-09-27T17:29:19.546100,https://cl.computrabajo.com/empleos-en-r.metropolitana-en-santiago-centro,18
11f93523e54cf985,https://cl.computrabajo.com/ofertas-de-trabajo/oferta-de-trabajo-de-reponedor-plan-refuerzo5-y-6-de-septiembre-maipu-en-santiago-maipu-F114F681661B8CC061373E686DCF3405,Reponedor Plan Refuerzo/5 y 6 de septiembre - Maipu,wp_post_failed,2026-09-27T17:29:23.999515,https://cl.computrabajo.com/empleos-en-r.metropolitana-en-santiago-centro,18
ab9611015e7e34c1,https://cl.computrabajo.com/ofertas-de-trabajo/oferta-de-trabajo-de-ingeniero-de-procesos-ingles-fluido-en-santiago-las-condes-B3F9BA81FB54780D61373E686DCF3405,Ingeniero de Procesos - Ingles fluido,wp_post_failed,2026-09-27T17:29:28.481775,https://cl.computrabajo.com/empleos-en-r.metropolitana-en-santiago-centro,18
b42772d04b28f5b0,https://cl.computrabajo.com/ofertas-de-trabajo/oferta-de-trabajo-de-auxiliar-de-aseo-copiapo-en-copiapo-1775036607A9B6F361373E686DCF3405,Auxiliar de aseo Copiapó,wp_post_failed,2026-09-27T17:29:32.833201,https://cl.computrabajo.com/empleos-en-r.metropolitana-en-santiago-centro,18
dfe1aa7cddd7a450,https://cl.computrabajo.com/ofertas-de-trabajo/oferta-de-trabajo-de-vendedora-en-terreno-recoleta-sin-experiencia-comisiones-sin-tope-en-santiago-recoleta-25ECCC717CB4F33061373E686DCF3405,Vendedor/a en Terreno – Recoleta ¡Sin experiencia + Comisiones Sin Tope!,wp_post_failed,2026-09-27T17:29:37.610633,https://cl.computrabajo.com/empleos-en-r.metropolitana-en-santiago-centro,19
c9b565f6e6cf0afa,https://cl.computrabajo.com/ofertas-de-trabajo/oferta-de-trabajo-de-auxiliar-de-aseo-part-timemetro-manquehue-en-santiago-las-condes-9A8613C449FF918461373E686DCF3405,Auxiliar de Aseo/ Part Time/Metro Manquehue,wp_post_failed,2026-09-27T17:29:41.987494,https://cl.computrabajo.com/empleos-en-r.metropolitana-en-santiago-centro,19
e5e288a7926d4467,https://cl.computrabajo.com/ofertas-de-trabajo/oferta-de-trabajo-de-administrativo-primera-milla-pudahuel-en-santiago-pudahuel-6589BD90E6E4D00661373E686DCF3405,"Administrativo Primera Milla, Pudahuel",wp_post_failed,2026-09-27T17:29:46.449631,https://cl.computrabajo.com/empleos-en-r.metropolitana-en-santiago-centro,19
ed49de48bf799e65,https://cl.computrabajo.com/ofertas-de-trabajo/oferta-de-trabajo-de-auxiliar-de-bodega-san-bernardo-en-san-bernardo-CBCE6F29DCDAA7CD61373E686DCF3405,Auxiliar de bodega (San Bernardo),wp_post_failed,2026-09-27T17:29:50.917854,https://cl.computrabajo.com/empleos-en-r.metropolitana-en-santiago-centro,19
29a2c9d7a0b7e675,https://cl.computrabajo.com/ofertas-de-trabajo/oferta-de-trabajo-de-practica-bodega-tecnica-mantenimiento-huechuraba-en-santiago-huechuraba-4FAA0CA3C5D99B0C61373E686DCF3405,"Práctica Bodega Técnica Mantenimiento, Huechuraba",wp_post_failed,2026-09-27T17:29:55.644743,https://cl.computrabajo.com/empleos-en-r.metropolitana-en-santiago-centro,19
3a21b8aca29a2d6f,https://cl.computrabajo.com/ofertas-de-trabajo/oferta-de-trabajo-de-administradora-de-casino-nutricionista-san-felipe-quinta-region-en-san-felipe-605728BEE5433F1261373E686DCF3405,"Administrador/a de Casino (Nutricionista) / San Felipe, Quinta Región",wp_post_failed,2026-09-27T17:30:00.050421,https://cl.computrabajo.com/empleos-en-r.metropolitana-en-santiago-centro,19
d03029d765f70563,https://cl.computrabajo.com/ofertas-de-trabajo/oferta-de-trabajo-de-vendedor-a-electro-belleza-y-cuidado-personal-temuco-en-temuco-C2860F31D1EFFACE61373E686DCF3405,Vendedor (a) Electro Belleza y Cuidado Personal / Temuco,wp_post_failed,2026-09-27T17:30:04.504557,https://cl.computrabajo.com/empleos-en-r.metropolitana-en-santiago-centro,19
6e03571804204e60,https://cl.computrabajo.com/ofertas-de-trabajo/oferta-de-trabajo-de-analista-programador-junior-recoleta-region-metropolitana-en-santiago-recoleta-48DBFBCB454116A661373E686DCF3405,Analista Programador Junior - Recoleta Región Metropolitana,wp_post_failed,2026-09-27T17:30:08.984914,https://cl.computrabajo.com/empleos-en-r.metropolitana-en-santiago-centro,19
bd9c03abf09b60a9,https://cl.computrabajo.com/ofertas-de-trabajo/oferta-de-trabajo-de-gestor-de-ventas-antofagasta-en-antofagasta-DF9C775618CFD69F61373E686DCF3405,Gestor de Ventas - Antofagasta,wp_post_failed,2026-09-27T17:30:13.455626,https://cl.computrabajo.com/empleos-en-r.metropolitana-en-santiago-centro,19
6d57effc4d0fc39a,https://cl.computrabajo.com/ofertas-de-trabajo/oferta-de-trabajo-de-operador-multifuncional-nocturno-chillan-190000-part-time-disponibilidad-inmediata-en-chillan-E2D7571FB78BFB3161373E686DCF3405,Operador Multifuncional Nocturno / Chillan / $190.000 Part Time - Disponibilidad Inmediata,wp_post_failed,2026-09-27T17:30:18.079748,https://cl.computrabajo.com/empleos-en-r.metropolitana-en-santiago-centro,19
c7ee8fb12a504ab4,https://cl.computrabajo.com/ofertas-de-trabajo/oferta-de-trabajo-de-supervisor-de-casino-antofagasta-en-antofagasta-9E49E77B0202579761373E686DCF3405,Supervisor de casino - Antofagasta,wp_post_failed,2026-09-27T17:30:22.541060,https://cl.computrabajo.com/empleos-en-r.metropolitana-en-santiago-centro,19
868937ea56e19053,https://cl.computrabajo.com/ofertas-de-trabajo/oferta-de-trabajo-de-especialista-en-climatizacion-quillota-en-quillota-3499DA1BA877330C61373E686DCF3405,Especialista en Climatización Quillota,wp_post_failed,2026-09-27T17:30:26.942308,https://cl.computrabajo.com/empleos-en-r.metropolitana-en-santiago-centro,19
22aa2557e3a58aa3,https://cl.computrabajo.com/ofertas-de-trabajo/oferta-de-trabajo-de-gestor-administrativo-1200000-metro-parque-almagro-en-santiago-centro-426A2713C0422A5361373E686DCF3405,Gestor administrativo - $1.200.000 Metro Parque Almagro,wp_post_failed,2026-09-27T17:30:31.394905,https://cl.computrabajo.com/empleos-en-r.metropolitana-en-santiago-centro,19
14d392aea9c37233,https://cl.computrabajo.com/ofertas-de-trabajo/oferta-de-trabajo-de-desarrolladores-salesforce-en-santiago-providencia-CA25675F4F18F44261373E686DCF3405,Desarrolladores Salesforce,wp_post_failed,2026-09-27T17:30:35.840493,https://cl.computrabajo.com/empleos-en-r.metropolitana-en-santiago-centro,19
c77892e21ef639d8,https://cl.computrabajo.com/ofertas-de-trabajo/oferta-de-trabajo-de-operariosas-de-bodega-con-experiencia-en-picking-ciudad-de-los-valles-en-santiago-pudahuel-598D70A45AA9055661373E686DCF3405,Operarios/as de Bodega con experiencia en Picking - Ciudad de los Valles,wp_post_failed,2026-09-27T17:30:40.309923,https://cl.computrabajo.com/empleos-en-r.metropolitana-en-santiago-centro,19
623b32a2533957e0,https://cl.computrabajo.com/ofertas-de-trabajo/oferta-de-trabajo-de-gestor-de-ventas-full-time-canal-tradicional-villarrica-861000-liquidos-est-km-en-villarrica-787FB431988331E361373E686DCF3405,Gestor de ventas Full Time – Canal Tradicional /Villarrica / $861.000 Líquidos Est. + KM,wp_post_failed,2026-09-27T17:30:44.833477,https://cl.computrabajo.com/empleos-en-r.metropolitana-en-santiago-centro,19
3a723f32d3ba5626,https://cl.computrabajo.com/ofertas-de-trabajo/oferta-de-trabajo-de-tecnico-informatico-1000000-liquidos-renca-en-santiago-renca-426A3403EDBA70D461373E686DCF3405,Técnico Informático $1.000.000 líquidos - Renca,wp_post_failed,2026-09-27T17:30:49.270392,https://cl.computrabajo.com/empleos-en-r.metropolitana-en-santiago-centro,19
57d9cb5c80a693db,https://cl.computrabajo.com/ofertas-de-trabajo/oferta-de-trabajo-de-soporte-tecnico-conductor-concepcion-750000-liquidos-en-concepcion-A01CEC2CAD63BCB161373E686DCF3405,Soporte Técnico Conductor Concepción ($750.000 líquidos),wp_post_failed,2026-09-27T17:30:53.606324,https://cl.computrabajo.com/empleos-en-r.metropolitana-en-santiago-centro,19
39a16d262cb444de,https://cl.computrabajo.com/ofertas-de-trabajo/oferta-de-trabajo-de-apoyo-multifuncional-retail-part-time-quilicura-en-santiago-quilicura-9D4CC4DB31485B1661373E686DCF3405,Apoyo Multifuncional Retail Part Time - Quilicura,wp_post_failed,2026-09-27T17:30:57.888138,https://cl.computrabajo.com/empleos-en-r.metropolitana-en-santiago-centro,19
73b194e954f75c84,https://cl.computrabajo.com/ofertas-de-trabajo/oferta-de-trabajo-de-practica-remota-customer-success-en-santiago-providencia-B31D1E1D20C4D47761373E686DCF3405,Práctica Remota (Customer Success),wp_post_failed,2026-09-27T17:31:02.731881,https://cl.computrabajo.com/empleos-en-r.metropolitana-en-santiago-centro,20
d44c93bf3295a562,https://cl.computrabajo.com/ofertas-de-trabajo/oferta-de-trabajo-de-prevencionista-de-riesgos-sso-servicio-operacion-negocio-oxidos-mineria-en-copiapo-B698A3682AE29B1B61373E686DCF3405,Prevencionista de Riesgos SSO – Servicio Operación Negocio Oxidos– Minería,wp_post_failed,2026-09-27T17:31:07.088616,https://cl.computrabajo.com/empleos-en-r.metropolitana-en-santiago-centro,20
003712dd9676a06c,https://cl.computrabajo.com/ofertas-de-trabajo/oferta-de-trabajo-de-reponedora-mercaderista-full-time-42-hrs--ruta-la-cruz-y-la-calera-lunes-a-sabado-turno-am-en-la-cruz-46EACD598F7C775661373E686DCF3405,Reponedor/a Mercaderista/ Full Time 42 hrs / Ruta La Cruz y La Calera - Lunes a Sábado Turno Am,wp_post_failed,2026-09-27T17:31:11.584075,https://cl.computrabajo.com/empleos-en-r.metropolitana-en-santiago-centro,20
cad608def901944d,https://cl.computrabajo.com/ofertas-de-trabajo/oferta-de-trabajo-de-maquinista-apilador-comuna-de-quilicura-en-santiago-quilicura-C9C2A134A0CB41F161373E686DCF3405,Maquinista ( Apilador) - Comuna de Quilicura,wp_post_failed,2026-09-27T17:31:16.068672,https://cl.computrabajo.com/empleos-en-r.metropolitana-en-santiago-centro,20
3fa1c8a2f225cd6e,https://cl.computrabajo.com/ofertas-de-trabajo/oferta-de-trabajo-de-tens-upc-800000-liquidos4to-turno-providencia-con-experiencia-y-cursos-de-iaas-y-rcp-excluyente-en-santiago-providencia-F4299BCC3B61639C61373E686DCF3405,"TENS UPC $800.000 líquidos/4to turno, Providencia - Con experiencia y cursos de IAAS y RCP (Excluyente)",wp_post_failed,2026-09-27T17:31:20.350570,https://cl.computrabajo.com/empleos-en-r.metropolitana-en-santiago-centro,20
fd4fbd7057257968,https://cl.computrabajo.com/ofertas-de-trabajo/oferta-de-trabajo-de-operarioa-cctv-diurno-lunes-a-jueves-las-condes-en-santiago-las-condes-6B52045F9735BFF061373E686DCF3405,Operario/a CCTV Diurno Lunes a Jueves Las Condes,wp_post_failed,2026-09-27T17:31:24.812536,https://cl.computrabajo.com/empleos-en-r.metropolitana-en-santiago-centro,20
e72800f2a50f2642,https://cl.computrabajo.com/ofertas-de-trabajo/oferta-de-trabajo-de-jornal-proyecto-parque-san-bernardo-en-san-bernardo-334A9B24C0B086E161373E686DCF3405,Jornal Proyecto Parque - San Bernardo,wp_post_failed,2026-09-27T17:31:29.247101,https://cl.computrabajo.com/empleos-en-r.metropolitana-en-santiago-centro,20
127a74a4bc341140,https://cl.computrabajo.com/ofertas-de-trabajo/oferta-de-trabajo-de-bodegueroa-con-licencia-clase-d-deseable-en-pudahuel-en-santiago-pudahuel-802953AF103F570B61373E686DCF3405,Bodeguero/a con Licencia Clase D ( deseable) en Pudahuel,wp_post_failed,2026-09-27T17:31:33.713703,https://cl.computrabajo.com/empleos-en-r.metropolitana-en-santiago-centro,20
91406281720a06e9,https://cl.computrabajo.com/ofertas-de-trabajo/oferta-de-trabajo-de-guardia-de-seguridad-5x2-la-florida-en-santiago-la-florida-C23880B142DC83B061373E686DCF3405,Guardia de Seguridad 5x2 La Florida,wp_post_failed,2026-09-27T17:31:38.183603,https://cl.computrabajo.com/empleos-en-r.metropolitana-en-santiago-centro,20
0da5819abc057ff6,https://cl.computrabajo.com/ofertas-de-trabajo/oferta-de-trabajo-de-operarios-de-producciontottus-quilicura-633000-a-658000-en-santiago-quilicura-1184D84C25AFCB4361373E686DCF3405,Operarios de Producción/Tottus Quilicura $633.000 a $658.000,wp_post_failed,2026-09-27T17:31:42.637922,https://cl.computrabajo.com/empleos-en-r.metropolitana-en-santiago-centro,20
b0b055803c894902,https://cl.computrabajo.com/ofertas-de-trabajo/oferta-de-trabajo-de-operario-de-produccion-seccion-de-maquila-lunes-a-viernes-580000-san-bernardo-operario-de-produccion-en-san-bernardo-4C8B880926D4BE0461373E686DCF3405,Operario De Producción (Sección De Maquila) Lunes a viernes $580.000 San Bernardo - operario de produccion,wp_post_failed,2026-09-27T17:31:47.072795,https://cl.computrabajo.com/empleos-en-r.metropolitana-en-santiago-centro,20
5b272fdee1394ad0,https://cl.computrabajo.com/ofertas-de-trabajo/oferta-de-trabajo-de-devops-oci-gcp-devops-oci-gcp-en-santiago-providencia-EF45EBDB331FA08961373E686DCF3405,DevOps OCI / GCP,wp_post_failed,2026-09-27T17:31:51.518620,https://cl.computrabajo.com/empleos-en-r.metropolitana-en-santiago-centro,20
f56cc3aa58658838,https://cl.computrabajo.com/ofertas-de-trabajo/oferta-de-trabajo-de-vendedora-promotora-de-productos-de-belleza-y-cuidado-personal--25000-liquidos-por-dia-trabajado-puente-alto-en-puente-alto-3101887D1AB62B9961373E686DCF3405,Vendedor(a) Promotor(a) de Productos de Belleza y Cuidado Personal – - $25.000 Líquidos por Día Trabajado Puente alto,wp_post_failed,2026-09-27T17:31:55.959409,https://cl.computrabajo.com/empleos-en-r.metropolitana-en-santiago-centro,20
a0020ed68238915f,https://cl.computrabajo.com/ofertas-de-trabajo/oferta-de-trabajo-de-vendedora-promotora-de-productos-de-belleza-y-cuidado-personal--25000-liquidos-por-dia-trabajado-huechuraba-en-santiago-huechuraba-143B37076083727E61373E686DCF3405,Vendedor(a) Promotor(a) de Productos de Belleza y Cuidado Personal – - $25.000 Líquidos por Día Trabajado Huechuraba,wp_post_failed,2026-09-27T17:32:00.498347,https://cl.computrabajo.com/empleos-en-r.metropolitana-en-santiago-centro,20
a846d6cedc054d9e,https://cl.computrabajo.com/ofertas-de-trabajo/oferta-de-trabajo-de-vendedor-canal-tradicional-reemplazo-region-metropolitana-en-colina-22FFD7681B9354BD61373E686DCF3405,Vendedor Canal Tradicional (Reemplazo) - Región Metropolitana,wp_post_failed,2026-09-27T17:32:04.937616,https://cl.computrabajo.com/empleos-en-r.metropolitana-en-santiago-centro,20
a612f6c8b5656fb3,https://cl.computrabajo.com/ofertas-de-trabajo/oferta-de-trabajo-de-auxiliar-de-farmacia-santiago-centro-en-santiago-centro-4AB9F2CD6C29D5BA61373E686DCF3405,Auxiliar de Farmacia Santiago Centro,wp_post_failed,2026-09-27T17:32:09.293689,https://cl.computrabajo.com/empleos-en-r.metropolitana-en-santiago-centro,20
0513961a4179350e,https://cl.computrabajo.com/ofertas-de-trabajo/oferta-de-trabajo-de-auxiliar-de-produccion-turnos-rotativos-osorno-con-licencia-clase-d-en-osorno-5F9E2507A474C48E61373E686DCF3405,Auxiliar de produccion turnos rotativos - Osorno Con Licencia Clase D,wp_post_failed,2026-09-27T17:32:13.775030,https://cl.computrabajo.com/empleos-en-r.metropolitana-en-santiago-centro,20
8a91dc7d6dba4291,https://cl.computrabajo.com/ofertas-de-trabajo/oferta-de-trabajo-de-operarioa-de-bodega-turno-noche-570000-san-bernardo-ingresos-inmediatos-en-san-bernardo-09C4C55A8DE00BA961373E686DCF3405,Operario/a de Bodega /Turno Noche / $570.000 / San Bernardo/ Ingresos Inmediatos,wp_post_failed,2026-09-27T17:32:18.263008,https://cl.computrabajo.com/empleos-en-r.metropolitana-en-santiago-centro,20
f1cc782c8e35ef2f,https://cl.computrabajo.com/ofertas-de-trabajo/oferta-de-trabajo-de-operarios-de-bodega-san-bernardo-tradis-falabella-ingresos-inmediatos-en-san-bernardo-534796E6AAB1A39961373E686DCF3405,Operarios de Bodega / San Bernardo / Tradis Falabella / Ingresos Inmediatos!,wp_post_failed,2026-09-27T17:32:22.733666,https://cl.computrabajo.com/empleos-en-r.metropolitana-en-santiago-centro,20
4a72b67e86c59a3c,https://cl.computrabajo.com/ofertas-de-trabajo/oferta-de-trabajo-de-mecanico-de-primera-camiones-y-maquinaria-pesada-en-santiago-providencia-B387D200CD34C0FF61373E686DCF3405,Mecanico de Primera - Camiones y Maquinaria Pesada,wp_post_failed,2026-09-27T17:32:27.171438,https://cl.computrabajo.com/empleos-en-r.metropolitana-en-santiago-centro,20
4ce4b258ba93f6ab,https://cl.computrabajo.com/ofertas-de-trabajo/oferta-de-trabajo-de-practicante-analisis-de-datos-area-revenue-en-santiago-las-condes-976E7F1636CCC20461373E686DCF3405,"Practicante Análisis de Datos, área Revenue",wp_post_failed,2026-09-27T17:32:31.977960,https://cl.computrabajo.com/empleos-en-r.metropolitana-en-santiago-centro,21
93d12810adeb81f0,https://cl.computrabajo.com/ofertas-de-trabajo/oferta-de-trabajo-de-ingenieroa-especialista-nivel-a-mantencion-y-operacion-antofagasta-ep094-en-antofagasta-60FD53467A7CC19F61373E686DCF3405,Ingeniero(a) Especialista Nivel A / Mantención y Operación / Antofagasta / EP094,wp_post_failed,2026-09-27T17:32:36.432280,https://cl.computrabajo.com/empleos-en-r.metropolitana-en-santiago-centro,21
dff88b22b4c6a49a,https://cl.computrabajo.com/ofertas-de-trabajo/oferta-de-trabajo-de-guardias-tacticos-para-quilicura-con-bus-de-acercamiento-y-alimentacion-incluida-en-santiago-renca-A7D2F2DFDB1E6ECE61373E686DCF3405,Guardias Tácticos para Quilicura (con Bus de Acercamiento y Alimentación incluída),wp_post_failed,2026-09-27T17:32:40.937592,https://cl.computrabajo.com/empleos-en-r.metropolitana-en-santiago-centro,21
96f41f483073625d,https://cl.computrabajo.com/ofertas-de-trabajo/oferta-de-trabajo-de-operarioa-fabricacion-especializadoa-en-santiago-independencia-CAB1293874B60E7561373E686DCF3405,Operario/a fabricación especializado/a,wp_post_failed,2026-09-27T17:32:45.305642,https://cl.computrabajo.com/empleos-en-r.metropolitana-en-santiago-centro,21
97a1c64898dd19bc,https://cl.computrabajo.com/ofertas-de-trabajo/oferta-de-trabajo-de-operarioa-multifuncional-part-time-comida-rapida-wendys-cenco-alto-las-condes-en-santiago-las-condes-8A9263C0B7A7237B61373E686DCF3405,Operario/a Multifuncional Part Time Comida Rápida Wendys / Cenco Alto Las Condes,wp_post_failed,2026-09-27T17:32:49.904871,https://cl.computrabajo.com/empleos-en-r.metropolitana-en-santiago-centro,21
e3be227116e8faf1,https://cl.computrabajo.com/ofertas-de-trabajo/oferta-de-trabajo-de-tecnico-operador-de-calderas-tecnico-multiproposito-6x1-cerca-del-metro-santa-ana-en-santiago-recoleta-50F5CE48947EF4D561373E686DCF3405,"Técnico Operador de Calderas / Técnico Multipropósito, 6X1 ,Cerca del metro Santa Ana.",wp_post_failed,2026-09-27T17:32:54.204097,https://cl.computrabajo.com/empleos-en-r.metropolitana-en-santiago-centro,21
b676b793d90c55b3,https://cl.computrabajo.com/ofertas-de-trabajo/oferta-de-trabajo-de-preparador-de-pedidos-pickers-fin-de-semana-antofagasta-en-antofagasta-9B1D27CA8A16619961373E686DCF3405,Preparador de pedidos (Pickers)/ Fin de semana - Antofagasta,wp_post_failed,2026-09-27T17:32:58.638355,https://cl.computrabajo.com/empleos-en-r.metropolitana-en-santiago-centro,21
0e760ce461c2cb2c,https://cl.computrabajo.com/ofertas-de-trabajo/oferta-de-trabajo-de-medico-rehabilitacion-concepcion-39-hrs-achs-en-concepcion-2CF9168E987A411E61373E686DCF3405,Médico Rehabilitación Concepción - 39 Hrs ACHS,wp_post_failed,2026-09-27T17:33:03.079017,https://cl.computrabajo.com/empleos-en-r.metropolitana-en-santiago-centro,21
7091e8b7494da34a,https://cl.computrabajo.com/ofertas-de-trabajo/oferta-de-trabajo-de-subgerente-de-local-rubro-gastronomico-guacamole-santiago-en-santiago-providencia-32E1A9315C63BA5061373E686DCF3405,Subgerente de local Rubro Gastronómico Guacamole - Santiago,wp_post_failed,2026-09-27T17:33:07.450587,https://cl.computrabajo.com/empleos-en-r.metropolitana-en-santiago-centro,21
1673e31c7e0e02ee,https://cl.computrabajo.com/ofertas-de-trabajo/oferta-de-trabajo-de-torre-de-control-en-terreno-para-material-publicitario-las-condes-en-santiago-las-condes-5519F29D232E54E961373E686DCF3405,Torre de control en Terreno para material publicitario - Las Condes,wp_post_failed,2026-09-27T17:33:11.976747,https://cl.computrabajo.com/empleos-en-r.metropolitana-en-santiago-centro,21
0fd04b1ccd2680da,https://cl.computrabajo.com/ofertas-de-trabajo/oferta-de-trabajo-de-ingenieroa-de-control-de-kilometraje-concepcion-en-concepcion-09ABD3478CD612CA61373E686DCF3405,Ingeniero/a de Control de Kilometraje / Concepción,wp_post_failed,2026-09-27T17:33:16.324817,https://cl.computrabajo.com/empleos-en-r.metropolitana-en-santiago-centro,21
3aa2aa6d1973fbe0,https://cl.computrabajo.com/ofertas-de-trabajo/oferta-de-trabajo-de-ejecutivoa-de-ventas-en-terreno-cartera-tradicional-prepago-en-chillan-CB7BE871E3E3DA5D61373E686DCF3405,Ejecutivo/a de Ventas en Terreno - Cartera Tradicional Prepago,wp_post_failed,2026-09-27T17:33:20.817439,https://cl.computrabajo.com/empleos-en-r.metropolitana-en-santiago-centro,21
f33434fa4fd98c9a,https://cl.computrabajo.com/ofertas-de-trabajo/oferta-de-trabajo-de-operario-area-de-incidencias-proyecto-cyber-pudahuel-pudahuel-en-santiago-providencia-E6DB3FAA07738E8461373E686DCF3405,Operario Área de Incidencias – Proyecto Cyber / Pudahuel - Pudahuel,wp_post_failed,2026-09-27T17:33:25.106510,https://cl.computrabajo.com/empleos-en-r.metropolitana-en-santiago-centro,21
6451f9849317f6e7,https://cl.computrabajo.com/ofertas-de-trabajo/oferta-de-trabajo-de-ejecutivo-comercial-en-terreno-servicios-de-ambulancia-santiago-sueldo-comisiones-sin-tope-sueldo-base-mas-comisiones-sin-tope-en-concepcion-CB531C0A33798EF061373E686DCF3405,Ejecutivo Comercial en Terreno – Servicios de Ambulancia Santiago Sueldo + Comisiones sin tope - Sueldo base mas comisiones sin tope,wp_post_failed,2026-09-27T17:33:29.563091,https://cl.computrabajo.com/empleos-en-r.metropolitana-en-santiago-centro,21
01a90a10428bf319,https://cl.computrabajo.com/ofertas-de-trabajo/oferta-de-trabajo-de-encargadoa-de-cafeteria-en-talca-767DBEF50B73970161373E686DCF3405,Encargado/a de Cafetería,wp_post_failed,2026-09-27T17:33:33.908531,https://cl.computrabajo.com/empleos-en-r.metropolitana-en-santiago-centro,21
63d1ace11a949e90,https://cl.computrabajo.com/ofertas-de-trabajo/oferta-de-trabajo-de-practica-profesional-alumnoa-practica-reclutamiento-y-seleccion-en-santiago-providencia-A808E8B6B88ED79461373E686DCF3405,Práctica Profesional / Alumno/a Práctica Reclutamiento y Selección,wp_post_failed,2026-09-27T17:33:38.396029,https://cl.computrabajo.com/empleos-en-r.metropolitana-en-santiago-centro,21
3c9026cb27407620,https://cl.computrabajo.com/ofertas-de-trabajo/oferta-de-trabajo-de-cajeroa-fuente-chilena-chicureo-chicureo-en-colina-73BDE6BDF62C304561373E686DCF3405,"Cajero/a Fuente Chilena, Chicureo - Chicureo",wp_post_failed,2026-09-27T17:33:42.876687,https://cl.computrabajo.com/empleos-en-r.metropolitana-en-santiago-centro,21
e29b2fec0dd46df1,https://cl.computrabajo.com/ofertas-de-trabajo/oferta-de-trabajo-de-operariosas-de-bodega-647000-almuerzo-renca-sector-lo-boza-operarios-de-bodega-lo-boza-647000-liquido-en-santiago-renca-2D50D63C7A9F4A2D61373E686DCF3405,"Operarios/as de bodega / $647.000 + Almuerzo/ Renca (Sector Lo boza) - Operarios de bodega, Lo Boza, 647.000 liquido",wp_post_failed,2026-09-27T17:33:47.338978,https://cl.computrabajo.com/empleos-en-r.metropolitana-en-santiago-centro,21
411eca4f8cb81aa0,https://cl.computrabajo.com/ofertas-de-trabajo/oferta-de-trabajo-de-cajeroa-jornada-completa-en-curacautin-F59D050B6718675061373E686DCF3405,Cajero/a Jornada Completa,wp_post_failed,2026-09-27T17:33:51.784444,https://cl.computrabajo.com/empleos-en-r.metropolitana-en-santiago-centro,21
5c4c8f720907a0ed,https://cl.computrabajo.com/ofertas-de-trabajo/oferta-de-trabajo-de-tecnico-de-suministros-en-santiago-providencia-332E756E76DDBEE761373E686DCF3405,Técnico de Suministros,wp_post_failed,2026-09-27T17:33:56.223114,https://cl.computrabajo.com/empleos-en-r.metropolitana-en-santiago-centro,21
2c7a895717a743b8,https://cl.computrabajo.com/ofertas-de-trabajo/oferta-de-trabajo-de-ingenieroa-de-proyectos-sap-reemplazo-renca-en-santiago-centro-F7695EEC47CEB47A61373E686DCF3405,Ingeniero/a de Proyectos SAP Reemplazo - Renca,wp_post_failed,2026-09-27T17:34:01.058358,https://cl.computrabajo.com/empleos-en-r.metropolitana-en-santiago-centro,22
f3360f4f260fc887,https://cl.computrabajo.com/ofertas-de-trabajo/oferta-de-trabajo-de-jefe-de-ventas-30hrs-arica-en-arica-CABF58E8E369C38761373E686DCF3405,Jefe de Ventas 30hrs Arica,wp_post_failed,2026-09-27T17:34:05.402985,https://cl.computrabajo.com/empleos-en-r.metropolitana-en-santiago-centro,22
834e836c37452fcb,https://cl.computrabajo.com/ofertas-de-trabajo/oferta-de-trabajo-de-especialista-en-respuesta-de-emergencia-antofagasta-en-antofagasta-33C222EF48C2377B61373E686DCF3405,Especialista en Respuesta de Emergencia - Antofagasta,wp_post_failed,2026-09-27T17:34:09.840351,https://cl.computrabajo.com/empleos-en-r.metropolitana-en-santiago-centro,22
28eefdb085d9eb0c,https://cl.computrabajo.com/ofertas-de-trabajo/oferta-de-trabajo-de-operario-de-bodega-pudahuel-625000-turnos-rotativos-bus-y-colacion-en-santiago-pudahuel-01DBF14AC87623BE61373E686DCF3405,Operario de Bodega / Pudahuel $625.000 - Turnos Rotativos Bus y Colación,wp_post_failed,2026-09-27T17:34:14.316142,https://cl.computrabajo.com/empleos-en-r.metropolitana-en-santiago-centro,22
086a3d9c871eb89d,https://cl.computrabajo.com/ofertas-de-trabajo/oferta-de-trabajo-de-operarioa-de-bodega-san-bernardo--640000-liquidos-turnos-rotativos-en-san-bernardo-888295BD914FF50661373E686DCF3405,Operario/a de Bodega / San Bernardo / $ 640.000 Liquidos / Turnos Rotativos,wp_post_failed,2026-09-27T17:34:18.764408,https://cl.computrabajo.com/empleos-en-r.metropolitana-en-santiago-centro,22
faa14ead2bb14ef8,https://cl.computrabajo.com/ofertas-de-trabajo/oferta-de-trabajo-de-guardia-de-seguridad-4x4-diadistintos-parisos10-vigente-610000-liquidoshheeingresos-inmediatos-en-santiago-centro-37C10F5E54EF9E4D61373E686DCF3405,Guardia de Seguridad 4x4 Dia/Distintos Paris/Os10 Vigente $610.000 líquidos+HHEE/Ingresos inmediatos,wp_post_failed,2026-09-27T17:34:23.236541,https://cl.computrabajo.com/empleos-en-r.metropolitana-en-santiago-centro,22
e5051c701a2558c9,https://cl.computrabajo.com/ofertas-de-trabajo/oferta-de-trabajo-de-supervisor-electrico-campamento-sec-a-b-zona-norte-en-taltal-AB7E5E5C9BC8A21361373E686DCF3405,"Supervisor Eléctrico Campamento (SEC A / B, Zona norte)",wp_post_failed,2026-09-27T17:34:27.665685,https://cl.computrabajo.com/empleos-en-r.metropolitana-en-santiago-centro,22
4d6ebc40e0c6ab9c,https://cl.computrabajo.com/ofertas-de-trabajo/oferta-de-trabajo-de-consultora-de-perfumeria-part-time-paris-arauco-maipu-en-santiago-maipu-7EB6BDBA84A5BB0A61373E686DCF3405,Consultor(a) de Perfumería Part Time Paris Arauco Maipú,wp_post_failed,2026-09-27T17:34:32.113187,https://cl.computrabajo.com/empleos-en-r.metropolitana-en-santiago-centro,22
28a28cf39adbc3d1,https://cl.computrabajo.com/ofertas-de-trabajo/oferta-de-trabajo-de-ejecutivo-comercial-pensionado-vina-del-mar-en-vina-del-mar-5A0210963D467DA761373E686DCF3405,Ejecutivo Comercial Pensionado - Viña Del Mar,wp_post_failed,2026-09-27T17:34:36.535277,https://cl.computrabajo.com/empleos-en-r.metropolitana-en-santiago-centro,22
49fcddf7e7da5004,https://cl.computrabajo.com/ofertas-de-trabajo/oferta-de-trabajo-de-vendedora-trainee-part-time-30hrs-4x3-rotativo-talca-en-talca-0067BBE87EAA2A6E61373E686DCF3405,Vendedor(a) Trainee / Part Time 30hrs (4x3 rotativo) /Talca,wp_post_failed,2026-09-27T17:34:40.894133,https://cl.computrabajo.com/empleos-en-r.metropolitana-en-santiago-centro,22
9e558f7c4d3ed893,https://cl.computrabajo.com/ofertas-de-trabajo/oferta-de-trabajo-de-despachador-recepcionista-quilicura-en-santiago-quilicura-9E8A2794836CCE6D61373E686DCF3405,Despachador Recepcionista - Quilicura,wp_post_failed,2026-09-27T17:34:45.360800,https://cl.computrabajo.com/empleos-en-r.metropolitana-en-santiago-centro,22
fb248637c1afafea,https://cl.computrabajo.com/ofertas-de-trabajo/oferta-de-trabajo-de-analista-contable-ingles-intermedio-recien-egresado-en-santiago-las-condes-21B20C7335A60E0F61373E686DCF3405,Analista Contable – Inglés Intermedio (Recién Egresado),wp_post_failed,2026-09-27T17:34:49.810674,https://cl.computrabajo.com/empleos-en-r.metropolitana-en-santiago-centro,22
f1ef2e0a3ba9666d,https://cl.computrabajo.com/ofertas-de-trabajo/oferta-de-trabajo-de-bodeguero-logistico-nocturno-650000-lo-barnechea-en-santiago-las-condes-C6259822B667ED1261373E686DCF3405,Bodeguero Logístico Nocturno $650.000 Lo Barnechea,wp_post_failed,2026-09-27T17:34:54.285502,https://cl.computrabajo.com/empleos-en-r.metropolitana-en-santiago-centro,22
ea0ce4efe3b49c51,https://cl.computrabajo.com/ofertas-de-trabajo/oferta-de-trabajo-de-reclutadora-en-terreno-antofagasta-en-antofagasta-4CF42FE1E2EA944961373E686DCF3405,Reclutador/a en Terreno Antofagasta,wp_post_failed,2026-09-27T17:34:58.751136,https://cl.computrabajo.com/empleos-en-r.metropolitana-en-santiago-centro,22
78e254d2200a65f4,https://cl.computrabajo.com/ofertas-de-trabajo/oferta-de-trabajo-de-especialista-de-medicina-del-trabajador-diego-de-almagro-el-salvador-turno-4x3-en-diego-de-almagro-BD17E30B1354232F61373E686DCF3405,"Especialista de Medicina del Trabajador /Diego de Almagro, el Salvador/ Turno 4x3",wp_post_failed,2026-09-27T17:35:03.283199,https://cl.computrabajo.com/empleos-en-r.metropolitana-en-santiago-centro,22
845708ee89b3284d,https://cl.computrabajo.com/ofertas-de-trabajo/oferta-de-trabajo-de-control-tecnologico-puente-alto-en-puente-alto-553D0478DE09268561373E686DCF3405,Control tecnológico - Puente Alto,wp_post_failed,2026-09-27T17:35:07.646695,https://cl.computrabajo.com/empleos-en-r.metropolitana-en-santiago-centro,22
0b2dadc1a432fcd0,https://cl.computrabajo.com/ofertas-de-trabajo/oferta-de-trabajo-de-asistente-de-venta-integral-ripley-coquimbo-venta-electrodomesticos-en-coquimbo-E8F8D6EC5E71CAC661373E686DCF3405,Asistente de venta integral Ripley Coquimbo (Venta electrodomésticos),wp_post_failed,2026-09-27T17:35:12.142098,https://cl.computrabajo.com/empleos-en-r.metropolitana-en-santiago-centro,22
8a83d6473aa9703c,https://cl.computrabajo.com/ofertas-de-trabajo/oferta-de-trabajo-de-encargado-de-electricidad-y-automatizacion-industrial-sec-pudahuel-en-santiago-pudahuel-31E22BD6B5B5406E61373E686DCF3405,Encargado de Electricidad y Automatización Industrial - SEC / Pudahuel,wp_post_failed,2026-09-27T17:35:16.569116,https://cl.computrabajo.com/empleos-en-r.metropolitana-en-santiago-centro,22
c39661629339cd9d,https://cl.computrabajo.com/ofertas-de-trabajo/oferta-de-trabajo-de-supervisoraor-electricao-instrumentista-y-dcs-ingenieria-ejecucion-mecanico-industrial-o-a-fin-en-antofagasta-E31764376EB9444861373E686DCF3405,Supervisora/or Eléctrica/o Instrumentista y DCS - ingeniería Ejecución Mecánico Industrial o a fin,wp_post_failed,2026-09-27T17:35:21.022780,https://cl.computrabajo.com/empleos-en-r.metropolitana-en-santiago-centro,22
6abd97884f4e07b1,https://cl.computrabajo.com/ofertas-de-trabajo/oferta-de-trabajo-de-encargado-de-obra-en-santiago-vitacura-9F46295DAF123B6761373E686DCF3405,Encargado de Obra,wp_post_failed,2026-09-27T17:35:25.925999,https://cl.computrabajo.com/empleos-en-r.metropolitana-en-santiago-centro,23
28071161fa4a8ca0,https://cl.computrabajo.com/ofertas-de-trabajo/oferta-de-trabajo-de-encargadoa-de-turno-la-serena-dominos-pizza-full-time-en-la-serena-E0C69109FF290B1161373E686DCF3405,Encargado/a de turno La Serena - Domino's pizza Full time,wp_post_failed,2026-09-27T17:35:30.448521,https://cl.computrabajo.com/empleos-en-r.metropolitana-en-santiago-centro,23
c08523138fcb3d94,https://cl.computrabajo.com/ofertas-de-trabajo/oferta-de-trabajo-de-guardia-de-seguridad-supermercado-en-concepcion-5500006x1turnos-extras-en-concepcion-5350DA3AD1C4267B61373E686DCF3405,Guardia de seguridad Supermercado en Concepción - $550.000/6x1/Turnos extras,wp_post_failed,2026-09-27T17:35:34.874613,https://cl.computrabajo.com/empleos-en-r.metropolitana-en-santiago-centro,23
85f4a1229e34ca2a,https://cl.computrabajo.com/ofertas-de-trabajo/oferta-de-trabajo-de-reponedor-plan-refuerzo5-y-6-de-septiembre-la-reina-en-santiago-la-reina-52DC5AACE96B56E661373E686DCF3405,Reponedor Plan Refuerzo/5 y 6 de septiembre - La reina,wp_post_failed,2026-09-27T17:35:39.314060,https://cl.computrabajo.com/empleos-en-r.metropolitana-en-santiago-centro,23
de6b3b0fca8b1064,https://cl.computrabajo.com/ofertas-de-trabajo/oferta-de-trabajo-de-senior-fullstack-developer-java-presencial-en-puerto-montt-en-puerto-montt-1200B14F6F102B3D61373E686DCF3405,Senior Fullstack Developer Java - Presencial en Puerto Montt,wp_post_failed,2026-09-27T17:35:43.769343,https://cl.computrabajo.com/empleos-en-r.metropolitana-en-santiago-centro,23
b30e434e8e929e49,https://cl.computrabajo.com/ofertas-de-trabajo/oferta-de-trabajo-de-ejecutivoa-integral-sucursal-osorno-area-de-telecomunicaciones-en-osorno-AE9F6BE895ABC56461373E686DCF3405,Ejecutivo/a Integral Sucursal Osorno - Área de Telecomunicaciones,wp_post_failed,2026-09-27T17:35:48.215450,https://cl.computrabajo.com/empleos-en-r.metropolitana-en-santiago-centro,23
59409bab9a7e1986,https://cl.computrabajo.com/ofertas-de-trabajo/oferta-de-trabajo-de-reponedor-nocturno-para-supermercado-en-copiapo-ingresos-hoy-en-copiapo-2AC2A63E1E1E961061373E686DCF3405,Reponedor Nocturno para supermercado en Copiapó - Ingresos hoy,wp_post_failed,2026-09-27T17:35:52.681759,https://cl.computrabajo.com/empleos-en-r.metropolitana-en-santiago-centro,23
4c538a2e237c1540,https://cl.computrabajo.com/ofertas-de-trabajo/oferta-de-trabajo-de-operario-de-bodega-en-santiago-providencia-891F397946F4F20B61373E686DCF3405,Operario de bodega,wp_post_failed,2026-09-27T17:35:57.130213,https://cl.computrabajo.com/empleos-en-r.metropolitana-en-santiago-centro,23
87798610ebf739c9,https://cl.computrabajo.com/ofertas-de-trabajo/oferta-de-trabajo-de-prevencionista-de-riesgos-en-santiago-quilicura-0C937332EAB723FD61373E686DCF3405,Prevencionista de Riesgos,wp_post_failed,2026-09-27T17:36:01.433998,https://cl.computrabajo.com/empleos-en-r.metropolitana-en-santiago-centro,23
a35a8b57177a2b3e,https://cl.computrabajo.com/ofertas-de-trabajo/oferta-de-trabajo-de-ejecutivoa-contact-seguros-automotrices-santiago-centro-en-santiago-centro-C01AF001130D0E6F61373E686DCF3405,Ejecutivo/a Contact Seguros Automotrices - Santiago Centro,wp_post_failed,2026-09-27T17:36:05.858163,https://cl.computrabajo.com/empleos-en-r.metropolitana-en-santiago-centro,23
88d50f76659a7e9a,https://cl.computrabajo.com/ofertas-de-trabajo/oferta-de-trabajo-de-reponedora-laminador-part-time-21-hrs-lo-barnechea-turno-pm-lunes-a-sabado-en-santiago-lo-barnechea-CBBCE4A814A468F461373E686DCF3405,Reponedor/a / Laminador / Part Time 21 hrs / Lo Barnechea - Turno PM: Lunes a Sábado,wp_post_failed,2026-09-27T17:36:10.305527,https://cl.computrabajo.com/empleos-en-r.metropolitana-en-santiago-centro,23
4185bf698fd51c9a,https://cl.computrabajo.com/ofertas-de-trabajo/oferta-de-trabajo-de-devsecops-jornada-hibrida-en-santiago-providencia-887212564FDF28C361373E686DCF3405,DevSecOps - Jornada Hibrida,wp_post_failed,2026-09-27T17:36:14.777246,https://cl.computrabajo.com/empleos-en-r.metropolitana-en-santiago-centro,23
d4bc027d027096ef,https://cl.computrabajo.com/ofertas-de-trabajo/oferta-de-trabajo-de-vendedora-en-terrenocerro-navia-sin-experiencia-comisiones-sin-tope-en-santiago-cerro-navia-74BDD0257CF978F561373E686DCF3405,Vendedor/a en Terreno–Cerro Navia ¡Sin experiencia + Comisiones Sin Tope!,wp_post_failed,2026-09-27T17:36:19.249094,https://cl.computrabajo.com/empleos-en-r.metropolitana-en-santiago-centro,23
69641aa40cda1a5d,https://cl.computrabajo.com/ofertas-de-trabajo/oferta-de-trabajo-de-buscamos-administrativo-de-flota-en-santiago-pudahuel-B086625090DD977961373E686DCF3405,¡Buscamos Administrativo de Flota!,wp_post_failed,2026-09-27T17:36:23.552237,https://cl.computrabajo.com/empleos-en-r.metropolitana-en-santiago-centro,23
3f34f36590ebf028,https://cl.computrabajo.com/ofertas-de-trabajo/oferta-de-trabajo-de-administrativo-y-coordinador-de-transporte-para-san-bernardo-san-bernardo-en-san-bernardo-14CFD21801B898BE61373E686DCF3405,"Administrativo y Coordinador de Transporte, para San Bernardo San Bernardo",wp_post_failed,2026-09-27T17:36:27.978480,https://cl.computrabajo.com/empleos-en-r.metropolitana-en-santiago-centro,23
6eeca9f469d9d1da,https://cl.computrabajo.com/ofertas-de-trabajo/oferta-de-trabajo-de-auxiliar-de-farmacia-concepcion-en-concepcion-F3043FDF250A461161373E686DCF3405,Auxiliar de Farmacia - Concepción,wp_post_failed,2026-09-27T17:36:32.397249,https://cl.computrabajo.com/empleos-en-r.metropolitana-en-santiago-centro,23
cc584b9956c27c4e,https://cl.computrabajo.com/ofertas-de-trabajo/oferta-de-trabajo-de-auxiliar-de-casino-alimentacion-colectiva-full-providencia-en-santiago-providencia-22F46DA54F0CE10361373E686DCF3405,Auxiliar de Casino (Alimentación Colectiva)/ Full / Providencia,wp_post_failed,2026-09-27T17:36:36.867671,https://cl.computrabajo.com/empleos-en-r.metropolitana-en-santiago-centro,23
ec9c411416271fb2,https://cl.computrabajo.com/ofertas-de-trabajo/oferta-de-trabajo-de-vendedor-a-electro-belleza-y-cuidado-personal-los-angeles-en-los-angeles-1263C12B1830376961373E686DCF3405,Vendedor (a) Electro Belleza y Cuidado Personal / Los Ángeles,wp_post_failed,2026-09-27T17:36:41.427951,https://cl.computrabajo.com/empleos-en-r.metropolitana-en-santiago-centro,23
38ae2af8ab25268f,https://cl.computrabajo.com/ofertas-de-trabajo/oferta-de-trabajo-de-analista-de-redes-junior-recoleta-region-metropolitana-en-santiago-recoleta-0905BFF4E435A58861373E686DCF3405,Analista de Redes Junior - Recoleta Región Metropolitana,wp_post_failed,2026-09-27T17:36:45.898643,https://cl.computrabajo.com/empleos-en-r.metropolitana-en-santiago-centro,23
2166bdf8034c8eea,https://cl.computrabajo.com/ofertas-de-trabajo/oferta-de-trabajo-de-operador-electricista-liniero-mtbt-ovalle-en-ovalle-43575D4C7E1F79F261373E686DCF3405,Operador electricista liniero MT/BT - Ovalle,wp_post_failed,2026-09-27T17:36:50.793650,https://cl.computrabajo.com/empleos-en-r.metropolitana-en-santiago-centro,24
f5700f32b74dc9cb,https://cl.computrabajo.com/ofertas-de-trabajo/oferta-de-trabajo-de-auxiliar-de-aseo-copiapo-en-copiapo-B4D7901B27BF8A8161373E686DCF3405,Auxiliar de aseo Copiapo,wp_post_failed,2026-09-27T17:36:55.155981,https://cl.computrabajo.com/empleos-en-r.metropolitana-en-santiago-centro,24
609053bc621e5ea4,https://cl.computrabajo.com/ofertas-de-trabajo/oferta-de-trabajo-de-electromecanicocerrillos850000-liquidos-en-santiago-cerrillos-088B2C06361EF95F61373E686DCF3405,Electromecánico/Cerrillos/$850.000 líquidos!!!,wp_post_failed,2026-09-27T17:36:59.608667,https://cl.computrabajo.com/empleos-en-r.metropolitana-en-santiago-centro,24
a12e871e80c4a2aa,https://cl.computrabajo.com/ofertas-de-trabajo/oferta-de-trabajo-de-asesor-multifuncional-full-time-llay-llay-en-llaillay-682884C4A912575361373E686DCF3405,Asesor Multifuncional Full Time - Llay Llay,wp_post_failed,2026-09-27T17:37:04.037010,https://cl.computrabajo.com/empleos-en-r.metropolitana-en-santiago-centro,24
9c6479c7778e3101,https://cl.computrabajo.com/ofertas-de-trabajo/oferta-de-trabajo-de-mercaderista-volante-con-experiencia-en-lacteos-full-time-region-metropolitana-680000-liquidos-contratacion-inmediata-en-santiago-centro-25C7735D5E88925D61373E686DCF3405,Mercaderista Volante con experiencia en Lácteos / Full Time / Región Metropolitana - $680.000 Líquidos / Contratación inmediata,wp_post_failed,2026-09-27T17:37:08.487293,https://cl.computrabajo.com/empleos-en-r.metropolitana-en-santiago-centro,24
2180a0aa5436e405,https://cl.computrabajo.com/ofertas-de-trabajo/oferta-de-trabajo-de-soporte-tecnico-conductor-castro-750000-liquidos-en-castro-E560F139C7F5751061373E686DCF3405,Soporte Técnico Conductor Castro ($750.000 líquidos),wp_post_failed,2026-09-27T17:37:12.909081,https://cl.computrabajo.com/empleos-en-r.metropolitana-en-santiago-centro,24
4b980db9b64a90c0,https://cl.computrabajo.com/ofertas-de-trabajo/oferta-de-trabajo-de-operario-de-produccion-san-bernardo-570000-en-san-bernardo-5B7E5E2D4E16B3D361373E686DCF3405,Operario de Producción / San Bernardo / $570.000,wp_post_failed,2026-09-27T17:37:17.350433,https://cl.computrabajo.com/empleos-en-r.metropolitana-en-santiago-centro,24
67dbe148897b0ec9,https://cl.computrabajo.com/ofertas-de-trabajo/oferta-de-trabajo-de-psicologo-o-trabajador-social-part-time-20-horas-semanales-atencion-ciudadana-en-santiago-providencia-FAFBA37039646F8E61373E686DCF3405,Psicólogo o Trabajador social Part time (20 horas semanales) atención ciudadana,wp_post_failed,2026-09-27T17:37:21.653566,https://cl.computrabajo.com/empleos-en-r.metropolitana-en-santiago-centro,24
5281b2c5a41038a3,https://cl.computrabajo.com/ofertas-de-trabajo/oferta-de-trabajo-de-consultor-comercial-chillanlos-angeles-en-chillan-17F65BD7743E027F61373E686DCF3405,Consultor Comercial (Chillán/Los Angeles),wp_post_failed,2026-09-27T17:37:26.146361,https://cl.computrabajo.com/empleos-en-r.metropolitana-en-santiago-centro,24
0ebe3011271567c8,https://cl.computrabajo.com/ofertas-de-trabajo/oferta-de-trabajo-de-coordinador-chancado-lixiviacion-sxew-servicio-operacion-negocio-oxidos-mineria-en-copiapo-21930C35B0B2471861373E686DCF3405,Coordinador Chancado Lixiviación SX–EW – Servicio Operación Negocio Oxidos– Minería,wp_post_failed,2026-09-27T17:37:30.520188,https://cl.computrabajo.com/empleos-en-r.metropolitana-en-santiago-centro,24
11d335cb4c444a9b,https://cl.computrabajo.com/ofertas-de-trabajo/oferta-de-trabajo-de-operador-grua-horquilla-order-picker-y-trilateral-en-pudahuel-en-santiago-pudahuel-FB9F08AE83878EA561373E686DCF3405,Operador Grúa Horquilla / Order Picker Y Trilateral en Pudahuel,wp_post_failed,2026-09-27T17:37:34.963122,https://cl.computrabajo.com/empleos-en-r.metropolitana-en-santiago-centro,24
317c78bc89f0379a,https://cl.computrabajo.com/ofertas-de-trabajo/oferta-de-trabajo-de-apoyo-multifuncional-retail-part-time-la-calera-en-calera-3EE0D961A901FD5A61373E686DCF3405,Apoyo Multifuncional Retail Part Time - La Calera,wp_post_failed,2026-09-27T17:37:39.334814,https://cl.computrabajo.com/empleos-en-r.metropolitana-en-santiago-centro,24
ade283adc97c9c61,https://cl.computrabajo.com/ofertas-de-trabajo/oferta-de-trabajo-de-maquinista-con-experiencia-en-grua-y-apilador-comuna-de-lampa-en-santiago-quilicura-87C27517112BE7E561373E686DCF3405,Maquinista (Con experiencia en Grua y Apilador) - Comuna de Lampa,wp_post_failed,2026-09-27T17:37:43.772742,https://cl.computrabajo.com/empleos-en-r.metropolitana-en-santiago-centro,24
1897078e0b56225b,https://cl.computrabajo.com/ofertas-de-trabajo/oferta-de-trabajo-de-guardia-de-seguridad-5x2-mall-vespucio-en-santiago-la-florida-56BD8A7232DD620661373E686DCF3405,Guardia de Seguridad 5x2 Mall Vespucio,wp_post_failed,2026-09-27T17:37:48.608543,https://cl.computrabajo.com/empleos-en-r.metropolitana-en-santiago-centro,25
23e8c63eb6d20496,https://cl.computrabajo.com/ofertas-de-trabajo/oferta-de-trabajo-de-operario-de-bodega-tradis-falabella-turno-de-noche-2000-a-0600-am-cerrillos-600000-5-x-2-en-santiago-cerrillos-3327E094BA0BD2C961373E686DCF3405,Operario de bodega Tradis Falabella turno de noche 20:00 a 06:00 am Cerrillos 600.000 5 x 2,wp_post_failed,2026-09-27T17:37:53.074795,https://cl.computrabajo.com/empleos-en-r.metropolitana-en-santiago-centro,25
5a7c73fff358a2f8,https://cl.computrabajo.com/ofertas-de-trabajo/oferta-de-trabajo-de-auxiliares-de-aseo-clinico-turnos-2x2-hospital-sotero-del-rio-en-puente-alto-195D68737CB97CFF61373E686DCF3405,"Auxiliares de aseo clínico turnos 2x2, Hospital Sótero del Rio",wp_post_failed,2026-09-27T17:37:57.427908,https://cl.computrabajo.com/empleos-en-r.metropolitana-en-santiago-centro,25
fcc63883fbb8ffa1,https://cl.computrabajo.com/ofertas-de-trabajo/oferta-de-trabajo-de-customer-delivery-executive-quilicura-en-santiago-quilicura-78AFDF7058A9A12661373E686DCF3405,Customer Delivery Executive - Quilicura,wp_post_failed,2026-09-27T17:38:01.891498,https://cl.computrabajo.com/empleos-en-r.metropolitana-en-santiago-centro,25
6ac91c0e65e9140c,https://cl.computrabajo.com/ofertas-de-trabajo/oferta-de-trabajo-de-recepcionista-de-proveedores-colina-turno-fijo-de-lunes-a-viernes-en-colina-D0611BAE2076B71161373E686DCF3405,"Recepcionista de proveedores, Colina - Turno fijo de lunes a viernes",wp_post_failed,2026-09-27T17:38:06.419990,https://cl.computrabajo.com/empleos-en-r.metropolitana-en-santiago-centro,25
29ce24778845418a,https://cl.computrabajo.com/ofertas-de-trabajo/oferta-de-trabajo-de-cobradores-as-telefonicos-part-time-valparaiso-inclusion-teletrabajo-en-valparaiso-84E61EDEA79CA79F61373E686DCF3405,"Cobradores (as) Telefónicos Part Time Valparaíso, Inclusión Teletrabajo",wp_post_failed,2026-09-27T17:38:10.785696,https://cl.computrabajo.com/empleos-en-r.metropolitana-en-santiago-centro,25
afbe1b3e20fb756d,https://cl.computrabajo.com/ofertas-de-trabajo/oferta-de-trabajo-de-ejecutivo-de-inversiones-en-santiago-providencia-C73E030B8238C59661373E686DCF3405,Ejecutivo de Inversiones,wp_post_failed,2026-09-27T17:38:15.230641,https://cl.computrabajo.com/empleos-en-r.metropolitana-en-santiago-centro,25
16158c33afbfb042,https://cl.computrabajo.com/ofertas-de-trabajo/oferta-de-trabajo-de-quimico-farmaceutico-alessandri-coquimbo-en-coquimbo-943F2CC7DC4A23B261373E686DCF3405,Quimico Farmaceutico - Alessandri Coquimbo,wp_post_failed,2026-09-27T17:38:19.662062,https://cl.computrabajo.com/empleos-en-r.metropolitana-en-santiago-centro,25
4707bb524b91408e,https://cl.computrabajo.com/ofertas-de-trabajo/oferta-de-trabajo-de-guardia-tactico-en-quilicura-con-bus-de-acercamiento-en-santiago-quilicura-E3A59517C3802AF361373E686DCF3405,Guardia Táctico en Quilicura con bus de acercamiento,wp_post_failed,2026-09-27T17:38:24.111582,https://cl.computrabajo.com/empleos-en-r.metropolitana-en-santiago-centro,25
25b59edf1674c9a7,https://cl.computrabajo.com/ofertas-de-trabajo/oferta-de-trabajo-de-ingenieroa-de-control-y-gestion-sanitaria-y-hse-nivel-a-antofagasta-ep094-en-antofagasta-BA52E6198C11654C61373E686DCF3405,Ingeniero(a) de Control y Gestión Sanitaria y HSE Nivel A / Antofagasta / EP094,wp_post_failed,2026-09-27T17:38:28.560332,https://cl.computrabajo.com/empleos-en-r.metropolitana-en-santiago-centro,25
163108ccf95cbd34,https://cl.computrabajo.com/ofertas-de-trabajo/oferta-de-trabajo-de-operarioa-multifuncional-part-time-comida-rapida-30-horas-y-20-horas-kfc-general-velasquez-en-santiago-estacion-central-6CFBD61450E8DD0761373E686DCF3405,Operario/a Multifuncional Part Time Comida Rápida – 30 horas y 20 horas KFC General Velásquez,wp_post_failed,2026-09-27T17:38:32.946913,https://cl.computrabajo.com/empleos-en-r.metropolitana-en-santiago-centro,25
bc76e50ca1ab3c54,https://cl.computrabajo.com/ofertas-de-trabajo/oferta-de-trabajo-de-guardia-de-seguridad-para-requinoa-en-requinoa-D734AC7E86348FE861373E686DCF3405,Guardia de seguridad para Requinoa,wp_post_failed,2026-09-27T17:38:37.597341,https://cl.computrabajo.com/empleos-en-r.metropolitana-en-santiago-centro,25
65b87ec1eb01e230,https://cl.computrabajo.com/ofertas-de-trabajo/oferta-de-trabajo-de-preparador-de-pedidos-pickers-turnos-rotativos-antofagasta-en-antofagasta-73FF9E2292F506B661373E686DCF3405,Preparador de pedidos (Pickers)/ turnos rotativos - Antofagasta,wp_post_failed,2026-09-27T17:38:42.083052,https://cl.computrabajo.com/empleos-en-r.metropolitana-en-santiago-centro,25
d0e4ba5844bb40bd,https://cl.computrabajo.com/ofertas-de-trabajo/oferta-de-trabajo-de-quimico-control-operaciones-y-seguridad-suspel-en-lampa-A99BC8661A76A4DB61373E686DCF3405,"Químico, Control Operaciones y seguridad Suspel.",wp_post_failed,2026-09-27T17:38:46.560622,https://cl.computrabajo.com/empleos-en-r.metropolitana-en-santiago-centro,25
584fe6d9de02024a,https://cl.computrabajo.com/ofertas-de-trabajo/oferta-de-trabajo-de-chef-ejecutivo-restaurante-concon-en-concon-DA14A9D223AE0B4F61373E686DCF3405,Chef Ejecutivo Restaurante Concón.,wp_post_failed,2026-09-27T17:38:51.095571,https://cl.computrabajo.com/empleos-en-r.metropolitana-en-santiago-centro,25
cf47f929a6de9e94,https://cl.computrabajo.com/ofertas-de-trabajo/oferta-de-trabajo-de-ejecutivo-comercial-b2b-seguridad-y-tecnologia-en-santiago-providencia-68711FB9B8F546EC61373E686DCF3405,Ejecutivo Comercial B2B. Seguridad y Tecnología.,wp_post_failed,2026-09-27T17:38:55.552349,https://cl.computrabajo.com/empleos-en-r.metropolitana-en-santiago-centro,25
d7a22979b3819dd4,https://cl.computrabajo.com/ofertas-de-trabajo/oferta-de-trabajo-de-operario-de-bodega-rotativo-am-cerrillos-rotativo-am-en-santiago-el-bosque-6024E07647C9E58F61373E686DCF3405,Operario de bodega/ rotativo am - Cerrillos/ rotativo am,wp_post_failed,2026-09-27T17:39:00.044308,https://cl.computrabajo.com/empleos-en-r.metropolitana-en-santiago-centro,25
30246729001c845a,https://cl.computrabajo.com/ofertas-de-trabajo/oferta-de-trabajo-de-ingeniero-en-rrhh-para-gestion-de-clientes-en-santiago-centro-AC95AD9660AC86FF61373E686DCF3405,Ingeniero en RRHH para Gestión de Clientes,posted|wp_id=32696|https://chile.mimusjobs.com/job/ingeniero-en-rrhh-para-gestion-de-clientes/,2026-09-27T17:39:06.560334,https://cl.computrabajo.com/empleos-en-r.metropolitana-en-santiago-centro,25
4bfceb43617e66fe,https://cl.computrabajo.com/ofertas-de-trabajo/oferta-de-trabajo-de-jefe-de-capacitacion-santiago-centro-en-santiago-centro-2848C00451B5E47461373E686DCF3405,Jefe de Capacitación - Santiago Centro,posted|wp_id=32697|https://chile.mimusjobs.com/job/jefe-de-capacitacion-santiago-centro/,2026-09-27T17:39:11.857703,https://cl.computrabajo.com/empleos-en-r.metropolitana-en-santiago-centro,25
26786babe0861dfa,https://cl.computrabajo.com/ofertas-de-trabajo/oferta-de-trabajo-de-ingenieroa-recursos-humanos-en-santiago-centro-934B0AC123212ECE61373E686DCF3405,Ingeniero(a) Recursos Humanos,posted|wp_id=32699|https://chile.mimusjobs.com/job/ingenieroa-recursos-humanos/,2026-09-27T17:39:19.398394,https://cl.computrabajo.com/empleos-en-r.metropolitana-en-santiago-centro,25
811765668df01a25,https://cl.computrabajo.com/ofertas-de-trabajo/oferta-de-trabajo-de-analista-de-seleccion-en-santiago-centro-6D9D02F82F72054061373E686DCF3405,Analista de Selección,posted|wp_id=32700|https://chile.mimusjobs.com/job/analista-de-seleccion-4/,2026-09-27T17:39:24.617104,https://cl.computrabajo.com/empleos-en-r.metropolitana-en-santiago-centro,26
aa2043c4c124160f,https://cl.computrabajo.com/ofertas-de-trabajo/oferta-de-trabajo-de-ingenieroa-comercial-experiencia-en-rrhh-en-santiago-centro-FB3F29D0C6B898DD61373E686DCF3405,Ingeniero(a) Comercial/ Experiencia en RRHH,posted|wp_id=32702|https://chile.mimusjobs.com/job/ingenieroa-comercial-experiencia-en-rrhh/,2026-09-27T17:39:33.136858,https://cl.computrabajo.com/empleos-en-r.metropolitana-en-santiago-centro,26
984278c9ea981881,https://cl.computrabajo.com/ofertas-de-trabajo/oferta-de-trabajo-de-gestor-de-ventas-para-marca-de-ceramicas-cerrillos-rom-en-santiago-cerrillos-AC61D5E5375FECC661373E686DCF3405,Gestor de ventas para marca de Cerámicas/ Cerrillos Rom,posted|wp_id=32704|https://chile.mimusjobs.com/job/gestor-de-ventas-para-marca-de-ceramicas-cerrillos-rom-5/,2026-09-27T17:39:41.209138,https://cl.computrabajo.com/empleos-en-r.metropolitana-en-santiago-centro,26
7cde2398b4ea8761,https://cl.computrabajo.com/ofertas-de-trabajo/oferta-de-trabajo-de-asesor-canal-tradicional-telecomunicaciones-en-calama-CCC233A24F1E8A9761373E686DCF3405,Asesor Canal Tradicional - Telecomunicaciones,posted|wp_id=15129|https://chile.mimusjobs.com/job/asesor-canal-tradicional-telecomunicaciones/,2026-09-27T17:39:45.002904,https://cl.computrabajo.com/empleos-en-r.metropolitana-en-santiago-centro,26
ef3d042010316750,https://cl.computrabajo.com/ofertas-de-trabajo/oferta-de-trabajo-de-coffe-especialista-para-reconocida-marca-de-cafe-mall-plaza-oeste-cerrillo-en-santiago-cerrillos-60DA9C42B9943CB761373E686DCF3405,Coffe especialista para reconocida marca de cafe Mall plaza oeste - Cerrillo,posted|wp_id=32706|https://chile.mimusjobs.com/job/coffe-especialista-para-reconocida-marca-de-cafe-mall-plaza-oeste-cerrillo/,2026-09-27T17:39:52.791930,https://cl.computrabajo.com/empleos-en-r.metropolitana-en-santiago-centro,26
609bb62a1df952d0,https://cl.computrabajo.com/ofertas-de-trabajo/oferta-de-trabajo-de-subgerente-de-local-rubro-gastronomico-holding-niu-foods-santiago-en-santiago-providencia-2F9C2922FA6774CA61373E686DCF3405,Subgerente de local Rubro Gastronómico Holding NIU Foods - Santiago,posted|wp_id=32707|https://chile.mimusjobs.com/job/subgerente-de-local-rubro-gastronomico-holding-niu-foods-santiago/,2026-09-27T17:39:58.426639,https://cl.computrabajo.com/empleos-en-r.metropolitana-en-santiago-centro,26
72d652b5b2671c16,https://cl.computrabajo.com/ofertas-de-trabajo/oferta-de-trabajo-de-ingeniero-en-prevencion-industria-alimenticia-quilicura-en-santiago-quilicura-50E9E8D65B0D1C7C61373E686DCF3405,Ingeniero en Prevención / Industria Alimenticia - Quilicura,posted|wp_id=32709|https://chile.mimusjobs.com/job/ingeniero-en-prevencion-industria-alimenticia-quilicura/,2026-09-27T17:40:07.059689,https://cl.computrabajo.com/empleos-en-r.metropolitana-en-santiago-centro,26
725154d51d1517be,https://cl.computrabajo.com/ofertas-de-trabajo/oferta-de-trabajo-de-auxiliar-de-linea-para-casino-en-talca-F4CF42A306E5277D61373E686DCF3405,Auxiliar de línea para Casino,posted|wp_id=32710|https://chile.mimusjobs.com/job/auxiliar-de-linea-para-casino-5/,2026-09-27T17:40:12.758176,https://cl.computrabajo.com/empleos-en-r.metropolitana-en-santiago-centro,26
8a7b1cf581ba1cb3,https://cl.computrabajo.com/ofertas-de-trabajo/oferta-de-trabajo-de-auxiliar-de-aseo-turno-tarde-500000-liquido-santiago-centro-en-santiago-centro-B67A049223C55E0261373E686DCF3405,Auxiliar de aseo turno tarde - $500.000 liquido Santiago centro,posted|wp_id=32712|https://chile.mimusjobs.com/job/auxiliar-de-aseo-turno-tarde-500-000-liquido-santiago-centro/,2026-09-27T17:40:23.358262,https://cl.computrabajo.com/empleos-en-r.metropolitana-en-santiago-centro,26
6408955682243bdc,https://cl.computrabajo.com/ofertas-de-trabajo/oferta-de-trabajo-de-oportunidad-laboral-conductores-de-bus-residencia-calama-4x35x2-faena-minera-conductores-profesionales-de-bus-en-faena-minera-con-residencia-en-calama-en-calama-16AFC187102C64C761373E686DCF3405,¡Oportunidad laboral! Conductores de Bus Residencia Calama 4x3/5x2 Faena Minera - Conductores profesionales de bus en faena minera con residencia en Calama,posted|wp_id=32716|https://chile.mimusjobs.com/job/oportunidad-laboral-conductores-de-bus-residencia-calama-4x3-5x2-faena-minera-conductores-profesionales-de-bus-en-faena-minera-con-residencia-en-calama/,2026-09-27T17:40:32.004965,https://cl.computrabajo.com/empleos-en-r.metropolitana-en-santiago-centro,26
4a0fc39b2a32fd42,https://cl.computrabajo.com/ofertas-de-trabajo/oferta-de-trabajo-de-supervisora-de-operaciones-logisticas-turno-noche-pudahuel-en-santiago-providencia-AB3083DC75B3AF1C61373E686DCF3405,Supervisor/a de Operaciones Logísticas – Turno Noche - Pudahuel,posted|wp_id=32717|https://chile.mimusjobs.com/job/supervisor-a-de-operaciones-logisticas-turno-noche-pudahuel-6/,2026-09-27T17:40:36.252863,https://cl.computrabajo.com/empleos-en-r.metropolitana-en-santiago-centro,26
752860351c11b856,https://cl.computrabajo.com/ofertas-de-trabajo/oferta-de-trabajo-de-ayudante-de-garzon-part-time-30-hrs-domino-mall-florida-center-en-santiago-la-florida-4082FA84FE2EB23D61373E686DCF3405,Ayudante de garzón Part time 30 hrs Dominó Mall Florida Center,posted|wp_id=32721|https://chile.mimusjobs.com/job/ayudante-de-garzon-part-time-30-hrs-domino-mall-florida-center/,2026-09-27T17:40:45.287617,https://cl.computrabajo.com/empleos-en-r.metropolitana-en-santiago-centro,26
cdf3f4e19aa322c1,https://cl.computrabajo.com/ofertas-de-trabajo/oferta-de-trabajo-de-mezcladora-industria-farmaceutica-san-bernardo-en-san-bernardo-7DAC71E09FA78FCC61373E686DCF3405,Mezclador/a – Industria Farmacéutica - San Bernardo,posted|wp_id=32723|https://chile.mimusjobs.com/job/mezclador-a-industria-farmaceutica-san-bernardo/,2026-09-27T17:40:53.308713,https://cl.computrabajo.com/empleos-en-r.metropolitana-en-santiago-centro,26
48a28b6c0ea95872,https://cl.computrabajo.com/ofertas-de-trabajo/oferta-de-trabajo-de-operadora-de-grua-horquilla-san-bernardo-en-san-bernardo-E8814071143FC5B361373E686DCF3405,Operador/a de Grúa Horquilla - San Bernardo,posted|wp_id=32725|https://chile.mimusjobs.com/job/operador-a-de-grua-horquilla-san-bernardo/,2026-09-27T17:40:58.696353,https://cl.computrabajo.com/empleos-en-r.metropolitana-en-santiago-centro,26
436fdc67e15e44ea,https://cl.computrabajo.com/ofertas-de-trabajo/oferta-de-trabajo-de-cajeroa-jornada-completa-en-los-muermos-F91D5B58A52FD86F61373E686DCF3405,Cajero/a Jornada Completa,posted|wp_id=28412|https://chile.mimusjobs.com/job/cajero-a-jornada-completa/,2026-09-27T17:41:03.121898,https://cl.computrabajo.com/empleos-en-r.metropolitana-en-santiago-centro,26
7d76019acdbf1601,https://cl.computrabajo.com/ofertas-de-trabajo/oferta-de-trabajo-de-ingreso-inmediato-operario-de-bodega-con-licencia-clase-d-670000-bono-pudahuel-colacion-bus-en-santiago-pudahuel-F6404DCA7A58876261373E686DCF3405,Ingreso Inmediato Operario de Bodega Con licencia Clase D $670.000 + Bono Pudahuel - Colación + Bus,posted|wp_id=32727|https://chile.mimusjobs.com/job/ingreso-inmediato-operario-de-bodega-con-licencia-clase-d-670-000-bono-pudahuel-colacion-bus-4/,2026-09-27T17:41:12.208740,https://cl.computrabajo.com/empleos-en-r.metropolitana-en-santiago-centro,26
b6ac66f82906d99a,https://cl.computrabajo.com/ofertas-de-trabajo/oferta-de-trabajo-de-especialista-de-marketing-y-diseno-jr-en-santiago-las-condes-4CF50BCC53F57DA461373E686DCF3405,Especialista de Marketing y Diseño Jr.,posted|wp_id=32729|https://chile.mimusjobs.com/job/especialista-de-marketing-y-diseno-jr-3/,2026-09-27T17:41:18.581032,https://cl.computrabajo.com/empleos-en-r.metropolitana-en-santiago-centro,26
eabd5189a1477ee6,https://cl.computrabajo.com/ofertas-de-trabajo/oferta-de-trabajo-de-brigadista-instructor-santiago-en-puente-alto-C01735815CB840E861373E686DCF3405,Brigadista Instructor - Santiago,posted|wp_id=32731|https://chile.mimusjobs.com/job/brigadista-instructor-santiago/,2026-09-27T17:41:27.299453,https://cl.computrabajo.com/empleos-en-r.metropolitana-en-santiago-centro,26
96557867ac8fef27,https://cl.computrabajo.com/ofertas-de-trabajo/oferta-de-trabajo-de-especialista-en-biodiversidad-en-calama-451A7C3DA8FC17E661373E686DCF3405,Especialista en Biodiversidad,posted|wp_id=32733|https://chile.mimusjobs.com/job/especialista-en-biodiversidad/,2026-09-27T17:41:36.859214,https://cl.computrabajo.com/empleos-en-r.metropolitana-en-santiago-centro,26
50736faab9613572,https://cl.computrabajo.com/ofertas-de-trabajo/oferta-de-trabajo-de-tecnico-en-terreno-santiago-en-santiago-huechuraba-40FD90B9F707E1BF61373E686DCF3405,Técnico en Terreno - Santiago,posted|wp_id=32735|https://chile.mimusjobs.com/job/tecnico-en-terreno-santiago-2/,2026-09-27T17:41:45.213703,https://cl.computrabajo.com/empleos-en-r.metropolitana-en-santiago-centro,26
c13f8045714c48c3,https://cl.computrabajo.com/ofertas-de-trabajo/oferta-de-trabajo-de-apilador-electrico-quilicura-lunes-a-viernes-697000-liquido-en-santiago-renca-B7D88A2CCC866A3D61373E686DCF3405,Apilador eléctrico/ Quilicura/ Lunes a Viernes/ 697.000 Líquido,posted|wp_id=32737|https://chile.mimusjobs.com/job/apilador-electrico-quilicura-lunes-a-viernes-697-000-liquido/,2026-09-27T17:41:53.910265,https://cl.computrabajo.com/empleos-en-r.metropolitana-en-santiago-centro,27
e394ec97ec315998,https://cl.computrabajo.com/ofertas-de-trabajo/oferta-de-trabajo-de-guardias-de-seguridad-4x4-dia-curacavi-627000-mensual-en-curacavi-C5F7661E4C6C19A761373E686DCF3405,¡Guardias de Seguridad! 4x4 Dia – Curacavi - $627.000 Mensual,posted|wp_id=32739|https://chile.mimusjobs.com/job/guardias-de-seguridad-4x4-dia-curacavi-627-000-mensual/,2026-09-27T17:42:01.524552,https://cl.computrabajo.com/empleos-en-r.metropolitana-en-santiago-centro,27
fd4a32ee9845c534,https://cl.computrabajo.com/ofertas-de-trabajo/oferta-de-trabajo-de-operario-de-bodega-picker-de-lampa-o-batuco563932-en-lampa-CEAD1CDF494A5A4361373E686DCF3405,Operario de bodega picker de lampa o batuco/$563.932,posted|wp_id=32741|https://chile.mimusjobs.com/job/operario-de-bodega-picker-de-lampa-o-batuco-563-932/,2026-09-27T17:42:08.761105,https://cl.computrabajo.com/empleos-en-r.metropolitana-en-santiago-centro,27
6ea818d2fd783e3b,https://cl.computrabajo.com/ofertas-de-trabajo/oferta-de-trabajo-de-enfermerao-unidad-de-apoyo-quilpue-en-quilpue-7F075492E63A68BE61373E686DCF3405,Enfermera(o) unidad de apoyo - Quilpue,posted|wp_id=32743|https://chile.mimusjobs.com/job/enfermerao-unidad-de-apoyo-quilpue/,2026-09-27T17:42:16.249340,https://cl.computrabajo.com/empleos-en-r.metropolitana-en-santiago-centro,27
4336e061e1777862,https://cl.computrabajo.com/ofertas-de-trabajo/oferta-de-trabajo-de-vendedora-trainee-pt-20hrs-3x4-sabado-domingo-y-1-dia-a-la-semana-rotativo-providencia-en-santiago-providencia-5DFBED9278B3686661373E686DCF3405,"Vendedor(a) Trainee / PT 20hrs /3x4 (sábado, domingo y 1 día a la semana rotativo)/ Providencia",posted|wp_id=32744|https://chile.mimusjobs.com/job/vendedora-trainee-pt-20hrs-3x4-sabado-domingo-y-1-dia-a-la-semana-rotativo-providencia/,2026-09-27T17:42:20.044450,https://cl.computrabajo.com/empleos-en-r.metropolitana-en-santiago-centro,27
ecb4eeff15040350,https://cl.computrabajo.com/ofertas-de-trabajo/oferta-de-trabajo-de-maestro-mantencion-carpintero-en-taltal-97B8232D1849D4A861373E686DCF3405,Maestro mantención carpintero,posted|wp_id=32745|https://chile.mimusjobs.com/job/maestro-mantencion-carpintero/,2026-09-27T17:42:24.552425,https://cl.computrabajo.com/empleos-en-r.metropolitana-en-santiago-centro,27
7862358f8460a1fa,https://cl.computrabajo.com/ofertas-de-trabajo/oferta-de-trabajo-de-ejecutivo-comercial-pensionado-coquimbo-en-coquimbo-DE84DEFB61E981B861373E686DCF3405,Ejecutivo Comercial Pensionado - Coquimbo,posted|wp_id=32749|https://chile.mimusjobs.com/job/ejecutivo-comercial-pensionado-coquimbo/,2026-09-27T17:42:34.786721,https://cl.computrabajo.com/empleos-en-r.metropolitana-en-santiago-centro,27
e10e6d778b937a9c,https://cl.computrabajo.com/ofertas-de-trabajo/oferta-de-trabajo-de-planner-en-santiago-centro-367FF01ED4A15CDA61373E686DCF3405,Planner,posted|wp_id=32750|https://chile.mimusjobs.com/job/planner/,2026-09-27T17:42:41.259367,https://cl.computrabajo.com/empleos-en-r.metropolitana-en-santiago-centro,27
d64852c586eb1d79,https://cl.computrabajo.com/ofertas-de-trabajo/oferta-de-trabajo-de-operador-perecederos-de-supermercado-en-lo-barnechea-turnos-continuos-en-santiago-lo-barnechea-6DA9E4AD607D810861373E686DCF3405,Operador Perecederos de Supermercado en Lo Barnechea. Turnos continuos,posted|wp_id=28466|https://chile.mimusjobs.com/job/operador-perecederos-de-supermercado-en-lo-barnechea-turnos-continuos/,2026-09-27T17:42:45.918133,https://cl.computrabajo.com/empleos-en-r.metropolitana-en-santiago-centro,27
6ed8fa85a22421fb,https://cl.computrabajo.com/ofertas-de-trabajo/oferta-de-trabajo-de-operario-con-experiencia-en-reciclaje-para-quilicura-proyecto-de-1-mes-en-santiago-quilicura-9BA1BA432C621E8761373E686DCF3405,Operario con experiencia en Reciclaje para Quilicura / Proyecto de 1 mes,posted|wp_id=30463|https://chile.mimusjobs.com/job/operario-con-experiencia-en-reciclaje-para-quilicura-proyecto-de-1-mes/,2026-09-27T17:42:49.232169,https://cl.computrabajo.com/empleos-en-r.metropolitana-en-santiago-centro,27
e8ebfcff3b558e81,https://cl.computrabajo.com/ofertas-de-trabajo/oferta-de-trabajo-de-jefe-de-dpto-de-prevencion-de-riesgos-rubro-industrial-en-santiago-centro-6EB16AEA617A949961373E686DCF3405,Jefe de Dpto de Prevencion de Riesgos - Rubro Industrial,posted|wp_id=32752|https://chile.mimusjobs.com/job/jefe-de-dpto-de-prevencion-de-riesgos-rubro-industrial/,2026-09-27T17:42:57.362194,https://cl.computrabajo.com/empleos-en-r.metropolitana-en-santiago-centro,27
07ed4650c4933d02,https://cl.computrabajo.com/ofertas-de-trabajo/oferta-de-trabajo-de-pizzeroa-part-time-melipilla-dominos-pizza-en-melipilla-9973A616000D38F861373E686DCF3405,Pizzero/a Part Time Melipilla - Domino's pizza,posted|wp_id=32756|https://chile.mimusjobs.com/job/pizzero-a-part-time-melipilla-dominos-pizza/,2026-09-27T17:43:09.377366,https://cl.computrabajo.com/empleos-en-r.metropolitana-en-santiago-centro,27
a7fe2b40460f7b31,https://cl.computrabajo.com/ofertas-de-trabajo/oferta-de-trabajo-de-operador-de-bodega-pudahuel-licencia-clase-d-en-santiago-pudahuel-A747C78A769436A761373E686DCF3405,Operador de bodega (Pudahuel) - Licencia Clase D,posted|wp_id=32758|https://chile.mimusjobs.com/job/operador-de-bodega-pudahuel-licencia-clase-d/,2026-09-27T17:43:15.651260,https://cl.computrabajo.com/empleos-en-r.metropolitana-en-santiago-centro,27
9aa64b910afe671c,https://cl.computrabajo.com/ofertas-de-trabajo/oferta-de-trabajo-de-chef-ejecutivoa-hospitalarioclinica-region-metropolitana-en-santiago-providencia-4F0A4DCE7C787CB161373E686DCF3405,Chef Ejecutivo/a Hospitalario/Clínica - Región Metropolitana,posted|wp_id=32760|https://chile.mimusjobs.com/job/chef-ejecutivo-a-hospitalario-clinica-region-metropolitana/,2026-09-27T17:43:23.338514,https://cl.computrabajo.com/empleos-en-r.metropolitana-en-santiago-centro,27
cab2091c21d85720,https://cl.computrabajo.com/ofertas-de-trabajo/oferta-de-trabajo-de-administradora-de-contrato-food-para-faena-minera-en-antofagasta-F654C05BA0D2154761373E686DCF3405,Administrador(a) de Contrato Food - Para Faena Minera,posted|wp_id=32762|https://chile.mimusjobs.com/job/administradora-de-contrato-food-para-faena-minera/,2026-09-27T17:43:30.881170,https://cl.computrabajo.com/empleos-en-r.metropolitana-en-santiago-centro,27
5cba2a3221ea3be5,https://cl.computrabajo.com/ofertas-de-trabajo/oferta-de-trabajo-de-promotor-equipos-de-limpieza-full-time-santiago-martes-a-sabado-en-santiago-centro-5C5CD25FA123B4B561373E686DCF3405,Promotor Equipos de limpieza Full Time/ Santiago - Martes a Sábado,posted|wp_id=32764|https://chile.mimusjobs.com/job/promotor-equipos-de-limpieza-full-time-santiago-martes-a-sabado-3/,2026-09-27T17:43:38.547350,https://cl.computrabajo.com/empleos-en-r.metropolitana-en-santiago-centro,27
bebf6ac0a135a791,https://cl.computrabajo.com/ofertas-de-trabajo/oferta-de-trabajo-de-ingenieroa-trainee-de-equipos-analiticos-de-laboratorio-de-muestras-en-santiago-conchali-693D4F228BAE969D61373E686DCF3405,Ingeniero/a Trainee de Equipos Analíticos de Laboratorio de Muestras,posted|wp_id=32766|https://chile.mimusjobs.com/job/ingeniero-a-trainee-de-equipos-analiticos-de-laboratorio-de-muestras/,2026-09-27T17:43:45.191745,https://cl.computrabajo.com/empleos-en-r.metropolitana-en-santiago-centro,27
b4392ba9e02df9ae,https://cl.computrabajo.com/ofertas-de-trabajo/oferta-de-trabajo-de-asistente-de-produccion-en-santiago-quilicura-B5E2752E5389A4D761373E686DCF3405,Asistente de Producción,posted|wp_id=32768|https://chile.mimusjobs.com/job/asistente-de-produccion/,2026-09-27T17:43:50.005191,https://cl.computrabajo.com/empleos-en-r.metropolitana-en-santiago-centro,27
e51b8d95cd40a43b,https://cl.computrabajo.com/ofertas-de-trabajo/oferta-de-trabajo-de-reponedor-plan-refuerzo-6-de-septiembre-punta-arenas-en-punta-arenas-A838DCA2CFBB0D2761373E686DCF3405,Reponedor Plan Refuerzo/ 6 de septiembre - Punta arenas,posted|wp_id=32770|https://chile.mimusjobs.com/job/reponedor-plan-refuerzo-6-de-septiembre-punta-arenas/,2026-09-27T17:43:56.121266,https://cl.computrabajo.com/empleos-en-r.metropolitana-en-santiago-centro,27
2d27bbe1232ce21a,https://cl.computrabajo.com/ofertas-de-trabajo/oferta-de-trabajo-de-prevencionista-de-riesgos-antofagasta-en-antofagasta-A72F7F504FC253F161373E686DCF3405,Prevencionista de Riesgos - Antofagasta,posted|wp_id=15955|https://chile.mimusjobs.com/job/prevencionista-de-riesgos-antofagasta/,2026-09-27T17:43:59.602263,https://cl.computrabajo.com/empleos-en-r.metropolitana-en-santiago-centro,27
9a758fa8ccc49d24,https://cl.computrabajo.com/ofertas-de-trabajo/oferta-de-trabajo-de-qa-automatizador-en-santiago-centro-F923E7F09C05B99861373E686DCF3405,Qa automatizador,posted|wp_id=30467|https://chile.mimusjobs.com/job/qa-automatizador/,2026-09-27T17:44:02.751298,https://cl.computrabajo.com/empleos-en-r.metropolitana-en-santiago-centro,28
acd4be7670c9c1b7,https://cl.computrabajo.com/ofertas-de-trabajo/oferta-de-trabajo-de-vendedora-en-terreno-para-maipu-sin-experiencia-altas-comisiones-en-santiago-maipu-39283DFE649B69FC61373E686DCF3405,Vendedor/a en terreno para Maipú ¡Sin experiencia + Altas Comisiones!,posted|wp_id=32772|https://chile.mimusjobs.com/job/vendedor-a-en-terreno-para-maipu-sin-experiencia-altas-comisiones-4/,2026-09-27T17:44:08.685112,https://cl.computrabajo.com/empleos-en-r.metropolitana-en-santiago-centro,28
2e8d0b7d4c7596d0,https://cl.computrabajo.com/ofertas-de-trabajo/oferta-de-trabajo-de-analista-comercial-consumo-masivo-en-santiago-nunoa-3A31645B9ABCED9961373E686DCF3405,Analista Comercial Consumo masivo,posted|wp_id=32774|https://chile.mimusjobs.com/job/analista-comercial-consumo-masivo/,2026-09-27T17:44:17.765923,https://cl.computrabajo.com/empleos-en-r.metropolitana-en-santiago-centro,28
96dc0b1564b7dce8,https://cl.computrabajo.com/ofertas-de-trabajo/oferta-de-trabajo-de-jefe-zonal-ventas-canal-tradicional-en-santiago-providencia-9069F00458DE086561373E686DCF3405,Jefe Zonal Ventas Canal Tradicional,posted|wp_id=32778|https://chile.mimusjobs.com/job/jefe-zonal-ventas-canal-tradicional/,2026-09-27T17:44:26.268920,https://cl.computrabajo.com/empleos-en-r.metropolitana-en-santiago-centro,28
d934cef185f49398,https://cl.computrabajo.com/ofertas-de-trabajo/oferta-de-trabajo-de-operarioa-de-planta-juan-elias-domingos-28200-liquidos-x-dia-en-santiago-recoleta-FD4A53BED6D6B2EF61373E686DCF3405,Operario/a de Planta Juan Elias Domingos 28.200 Liquidos x dia,posted|wp_id=11757|https://chile.mimusjobs.com/job/operario-a-de-planta-juan-elias-domingos-28-200-liquidos-x-dia/,2026-09-27T17:44:29.813329,https://cl.computrabajo.com/empleos-en-r.metropolitana-en-santiago-centro,28
8c92eb8096067352,https://cl.computrabajo.com/ofertas-de-trabajo/oferta-de-trabajo-de-jefea-de-proyectos-especiales-en-supermercados-ciudad-empresarial-en-santiago-huechuraba-F13BA87C5ABA1F3961373E686DCF3405,Jefe(a) de Proyectos Especiales en Supermercados - Ciudad Empresarial,posted|wp_id=32780|https://chile.mimusjobs.com/job/jefea-de-proyectos-especiales-en-supermercados-ciudad-empresarial/,2026-09-27T17:44:36.432953,https://cl.computrabajo.com/empleos-en-r.metropolitana-en-santiago-centro,28
c1888afdfec265a0,https://cl.computrabajo.com/ofertas-de-trabajo/oferta-de-trabajo-de-abogado-junior-especialidad-area-laboral-en-santiago-providencia-7108CB5E33DCA91561373E686DCF3405,Abogado Junior Especialidad Área Laboral,posted|wp_id=32781|https://chile.mimusjobs.com/job/abogado-junior-especialidad-area-laboral/,2026-09-27T17:44:40.317234,https://cl.computrabajo.com/empleos-en-r.metropolitana-en-santiago-centro,28
23b25dd5918eda15,https://cl.computrabajo.com/ofertas-de-trabajo/oferta-de-trabajo-de-gestor-de-ventas-full-time-canal-tradicional-arauco-861000-liquidos-est-km-en-arauco-55410CD1632AA4C161373E686DCF3405,Gestor de ventas Full Time – Canal Tradicional /Arauco/ $861.000 Líquidos Est. + KM,posted|wp_id=32783|https://chile.mimusjobs.com/job/gestor-de-ventas-full-time-canal-tradicional-arauco-861-000-liquidos-est-km/,2026-09-27T17:44:47.734714,https://cl.computrabajo.com/empleos-en-r.metropolitana-en-santiago-centro,28
9d554df3b5f3a379,https://cl.computrabajo.com/ofertas-de-trabajo/oferta-de-trabajo-de-asesor-multifuncional-pt-25-llay-llay-en-llaillay-6A2BAF68F886121B61373E686DCF3405,Asesor Multifuncional - PT 25 Llay Llay,posted|wp_id=32785|https://chile.mimusjobs.com/job/asesor-multifuncional-pt-25-llay-llay/,2026-09-27T17:44:52.458738,https://cl.computrabajo.com/empleos-en-r.metropolitana-en-santiago-centro,28
817b5e95a753bd06,https://cl.computrabajo.com/ofertas-de-trabajo/oferta-de-trabajo-de-coordinador-compras-senior-cerrillos-en-santiago-cerrillos-183EFDD9B1FE24DD61373E686DCF3405,Coordinador Compras Senior - Cerrillos,posted|wp_id=32786|https://chile.mimusjobs.com/job/coordinador-compras-senior-cerrillos/,2026-09-27T17:44:56.802749,https://cl.computrabajo.com/empleos-en-r.metropolitana-en-santiago-centro,28
6df7895d976f96bd,https://cl.computrabajo.com/ofertas-de-trabajo/oferta-de-trabajo-de-conductoresras-a3-alvaro-casanova-penalolen-en-santiago-penalolen-B5ADF78A3224317161373E686DCF3405,Conductores/ras A3 / Álvaro Casanova - Peñalolén,posted|wp_id=32787|https://chile.mimusjobs.com/job/conductores-ras-a3-alvaro-casanova-penalolen/,2026-09-27T17:45:01.129170,https://cl.computrabajo.com/empleos-en-r.metropolitana-en-santiago-centro,28
375d52dc0a1640f8,https://cl.computrabajo.com/ofertas-de-trabajo/oferta-de-trabajo-de-auxiliar-de-casino-lampa-en-lampa-64A312BB6D8979D861373E686DCF3405,Auxiliar de Casino - Lampa,posted|wp_id=32789|https://chile.mimusjobs.com/job/auxiliar-de-casino-lampa/,2026-09-27T17:45:09.095623,https://cl.computrabajo.com/empleos-en-r.metropolitana-en-santiago-centro,28
92a510043d08ef60,https://cl.computrabajo.com/ofertas-de-trabajo/oferta-de-trabajo-de-asistente-de-servicio-al-cliente-jp-25-ripley-parque-arauco-parque-arauco-en-santiago-las-condes-208D93FF01C7F44561373E686DCF3405,Asistente de Servicio al Cliente Jp 25 Ripley Parque Arauco - Parque Arauco,posted|wp_id=32791|https://chile.mimusjobs.com/job/asistente-de-servicio-al-cliente-jp-25-ripley-parque-arauco-parque-arauco/,2026-09-27T17:45:16.137884,https://cl.computrabajo.com/empleos-en-r.metropolitana-en-santiago-centro,28
de24739f558832c8,https://cl.computrabajo.com/ofertas-de-trabajo/oferta-de-trabajo-de-jefe-de-operaciones-bodega-y-logistica-pudahuel-en-santiago-pudahuel-AA48464EB6F125D361373E686DCF3405,Jefe de Operaciones Bodega y Logística Pudahuel,posted|wp_id=32793|https://chile.mimusjobs.com/job/jefe-de-operaciones-bodega-y-logistica-pudahuel/,2026-09-27T17:45:21.731474,https://cl.computrabajo.com/empleos-en-r.metropolitana-en-santiago-centro,28
3a9d0d76a0db996b,https://cl.computrabajo.com/ofertas-de-trabajo/oferta-de-trabajo-de-consultor-clinico-chillanlos-angeles-insumos-medicos-en-chillan-8166E5FBFE4582E661373E686DCF3405,Consultor Clínico (Chillán/Los Angeles) - Insumos Médicos,posted|wp_id=32795|https://chile.mimusjobs.com/job/consultor-clinico-chillan-los-angeles-insumos-medicos-2/,2026-09-27T17:45:29.440427,https://cl.computrabajo.com/empleos-en-r.metropolitana-en-santiago-centro,28
1287e75854bd4c1e,https://cl.computrabajo.com/ofertas-de-trabajo/oferta-de-trabajo-de-auxiliar-de-farmacia-trainee-sin-experiencia-en-farmacia-chillan-en-chillan-E1AA02234E5604B961373E686DCF3405,Auxiliar de Farmacia Trainee (sin experiencia en farmacia) - Chillan,posted|wp_id=32797|https://chile.mimusjobs.com/job/auxiliar-de-farmacia-trainee-sin-experiencia-en-farmacia-chillan/,2026-09-27T17:45:35.727002,https://cl.computrabajo.com/empleos-en-r.metropolitana-en-santiago-centro,28
6c45f5cb856aaf8f,https://cl.computrabajo.com/ofertas-de-trabajo/oferta-de-trabajo-de-jefe-zonal-en-santiago-pudahuel-551352904B31755A61373E686DCF3405,Jefe Zonal,posted|wp_id=32798|https://chile.mimusjobs.com/job/jefe-zonal/,2026-09-27T17:45:39.141989,https://cl.computrabajo.com/empleos-en-r.metropolitana-en-santiago-centro,28
025da507abdac167,https://cl.computrabajo.com/ofertas-de-trabajo/oferta-de-trabajo-de-operarios-de-bodega-san-bernardo-turno-dia-560000-liquidos-logistica-falabella-tradis-cyber-en-san-bernardo-E613FE426E86AC7061373E686DCF3405,Operarios de bodega /san bernardo/ turno día/ $560.000 líquidos / Logística falabella (Tradis) Cyber,posted|wp_id=32799|https://chile.mimusjobs.com/job/operarios-de-bodega-san-bernardo-turno-dia-560-000-liquidos-logistica-falabella-tradis-cyber/,2026-09-27T17:45:44.104400,https://cl.computrabajo.com/empleos-en-r.metropolitana-en-santiago-centro,28
52991c98c07309a9,https://cl.computrabajo.com/ofertas-de-trabajo/oferta-de-trabajo-de-abogadoa-atencion-juridica-ciudadana-violencia-de-genero-en-santiago-providencia-F03CD5784117884061373E686DCF3405,Abogado(a) Atención Jurídica Ciudadana (violencia de Género),posted|wp_id=32800|https://chile.mimusjobs.com/job/abogadoa-atencion-juridica-ciudadana-violencia-de-genero/,2026-09-27T17:45:48.014855,https://cl.computrabajo.com/empleos-en-r.metropolitana-en-santiago-centro,28
49e5c49e1edcf1f7,https://cl.computrabajo.com/ofertas-de-trabajo/oferta-de-trabajo-de-operarioa-de-bodega-pudahuel-sector-enea-en-santiago-pudahuel-8CEAA7F63491E22861373E686DCF3405,Operario/a de Bodega Pudahuel Sector enea,posted|wp_id=31799|https://chile.mimusjobs.com/job/operario-a-de-bodega-pudahuel-sector-enea/,2026-09-27T17:45:51.230041,https://cl.computrabajo.com/empleos-en-r.metropolitana-en-santiago-centro,28
16b4229cd2e56251,https://cl.computrabajo.com/ofertas-de-trabajo/oferta-de-trabajo-de-ejecutivoa-comercial-empresas-gestion-cartera-clientes-talca-conecta-empresas-con-soluciones-tecnologicas-en-talca-F40B3F3A86E6137C61373E686DCF3405,Ejecutivo/a Comercial Empresas – Gestión Cartera Clientes Talca - ¡Conecta empresas con soluciones tecnológicas!,posted|wp_id=32802|https://chile.mimusjobs.com/job/ejecutivo-a-comercial-empresas-gestion-cartera-clientes-talca-conecta-empresas-con-soluciones-tecnologicas/,2026-09-27T17:45:58.817475,https://cl.computrabajo.com/empleos-en-r.metropolitana-en-santiago-centro,29
7380f538d5818295,https://cl.computrabajo.com/ofertas-de-trabajo/oferta-de-trabajo-de-mercaderista-reponerdor-full-time-lunes-a-sabado-las-condes-en-santiago-las-condes-1EC4D7F13267EA7A61373E686DCF3405,Mercaderista reponerdor Full Time Lunes a Sábado - Las Condes,posted|wp_id=32804|https://chile.mimusjobs.com/job/mercaderista-reponerdor-full-time-lunes-a-sabado-las-condes/,2026-09-27T17:46:05.193951,https://cl.computrabajo.com/empleos-en-r.metropolitana-en-santiago-centro,29
72be2be69885df54,https://cl.computrabajo.com/ofertas-de-trabajo/oferta-de-trabajo-de-apilador-lampa-en-lampa-8A23D46CC97D3C4F61373E686DCF3405,Apilador - Lampa,posted|wp_id=32806|https://chile.mimusjobs.com/job/apilador-lampa/,2026-09-27T17:46:11.092331,https://cl.computrabajo.com/empleos-en-r.metropolitana-en-santiago-centro,29
66e5feaa9ace578d,https://cl.computrabajo.com/ofertas-de-trabajo/oferta-de-trabajo-de-encargado-lavador-movilizador-de-vehiculos-huechuraba-en-santiago-huechuraba-CC9E85D323B678DE61373E686DCF3405,Encargado Lavador / Movilizador de Vehículos/ Huechuraba,posted|wp_id=32807|https://chile.mimusjobs.com/job/encargado-lavador-movilizador-de-vehiculos-huechuraba-2/,2026-09-27T17:46:15.880793,https://cl.computrabajo.com/empleos-en-r.metropolitana-en-santiago-centro,29
d6083e0e216cc372,https://cl.computrabajo.com/ofertas-de-trabajo/oferta-de-trabajo-de-jefe-de-servicios-aseo-industrial-maule-en-san-javier-57B06AEEA027180861373E686DCF3405,"Jefe de servicios Aseo Industrial, Maule",posted|wp_id=32808|https://chile.mimusjobs.com/job/jefe-de-servicios-aseo-industrial-maule/,2026-09-27T17:46:20.969522,https://cl.computrabajo.com/empleos-en-r.metropolitana-en-santiago-centro,29
c824b6ce21bf16de,https://cl.computrabajo.com/ofertas-de-trabajo/oferta-de-trabajo-de-asistente-de-capacitacion-copiapo-full-time-cupo-fijo-en-copiapo-CE55E50CBE91D0DB61373E686DCF3405,Asistente de Capacitación/ Copiapó - Full Time / Cupo Fijo,posted|wp_id=32809|https://chile.mimusjobs.com/job/asistente-de-capacitacion-copiapo-full-time-cupo-fijo-2/,2026-09-27T17:46:26.728672,https://cl.computrabajo.com/empleos-en-r.metropolitana-en-santiago-centro,29
7cb5045960f30de2,https://cl.computrabajo.com/ofertas-de-trabajo/oferta-de-trabajo-de-asistente-de-local-fast-food-tarragona-la-cisterna-en-santiago-la-cisterna-F3653AA4B60C74EE61373E686DCF3405,Asistente de Local Fast Food Tarragona La Cisterna,posted|wp_id=32811|https://chile.mimusjobs.com/job/asistente-de-local-fast-food-tarragona-la-cisterna/,2026-09-27T17:46:32.788959,https://cl.computrabajo.com/empleos-en-r.metropolitana-en-santiago-centro,29
a5bbf11d2970f045,https://cl.computrabajo.com/ofertas-de-trabajo/oferta-de-trabajo-de-vendedor-a-electro-belleza-y-cuidado-personal-concepcion-en-concepcion-B45E7A65C901424261373E686DCF3405,Vendedor (a) Electro Belleza y Cuidado Personal / Concepción,posted|wp_id=32813|https://chile.mimusjobs.com/job/vendedor-a-electro-belleza-y-cuidado-personal-concepcion/,2026-09-27T17:46:39.088548,https://cl.computrabajo.com/empleos-en-r.metropolitana-en-santiago-centro,29
648306b51b2ab391,https://cl.computrabajo.com/ofertas-de-trabajo/oferta-de-trabajo-de-analista-de-rrhh-iquique-en-iquique-43240AF0417A9B5E61373E686DCF3405,Analista de RR.HH - Iquique,posted|wp_id=32815|https://chile.mimusjobs.com/job/analista-de-rr-hh-iquique/,2026-09-27T17:46:46.999093,https://cl.computrabajo.com/empleos-en-r.metropolitana-en-santiago-centro,29
5d00518fa864a7cc,https://cl.computrabajo.com/ofertas-de-trabajo/oferta-de-trabajo-de-soporte-tecnico-conductor-la-serena-750000-liquidos-en-la-serena-700C9B1A915F419461373E686DCF3405,Soporte Técnico Conductor La Serena ($750.000 líquidos),posted|wp_id=32816|https://chile.mimusjobs.com/job/soporte-tecnico-conductor-la-serena-750-000-liquidos/,2026-09-27T17:46:51.245570,https://cl.computrabajo.com/empleos-en-r.metropolitana-en-santiago-centro,29
a0b74141d47077c6,https://cl.computrabajo.com/ofertas-de-trabajo/oferta-de-trabajo-de-apoyo-multifuncional-retail-25-hrs-de-lunes-a-viernes-la-calera-en-calera-5EF1CDE440AB7B5261373E686DCF3405,Apoyo Multifuncional Retail 25 hrs de lunes a viernes - La Calera,posted|wp_id=32817|https://chile.mimusjobs.com/job/apoyo-multifuncional-retail-25-hrs-de-lunes-a-viernes-la-calera/,2026-09-27T17:46:55.774881,https://cl.computrabajo.com/empleos-en-r.metropolitana-en-santiago-centro,29
0081ec518d884075,https://cl.computrabajo.com/ofertas-de-trabajo/oferta-de-trabajo-de-operador-mtbt-ovalle-en-ovalle-64CCE3C0A73828D561373E686DCF3405,Operador MT/BT - Ovalle,posted|wp_id=32819|https://chile.mimusjobs.com/job/operador-mt-bt-ovalle/,2026-09-27T17:47:02.161832,https://cl.computrabajo.com/empleos-en-r.metropolitana-en-santiago-centro,29
d5afcd3c089f7d32,https://cl.computrabajo.com/ofertas-de-trabajo/oferta-de-trabajo-de-carniceroa-para-supermercado-en-buin-en-buin-13797D15E3E0F72A61373E686DCF3405,Carnicero/a Para Supermercado en Buin,posted|wp_id=32821|https://chile.mimusjobs.com/job/carnicero-a-para-supermercado-en-buin/,2026-09-27T17:47:07.594194,https://cl.computrabajo.com/empleos-en-r.metropolitana-en-santiago-centro,29
6e29b8cb3c222ade,https://cl.computrabajo.com/ofertas-de-trabajo/oferta-de-trabajo-de-operador-instructor-sala-de-control-servicio-operacion-negocio-oxidos-mineria-en-copiapo-086D6DC7BB7082F661373E686DCF3405,Operador Instructor Sala de Control – Servicio Operación Negocio Oxidos– Minería,posted|wp_id=32822|https://chile.mimusjobs.com/job/operador-instructor-sala-de-control-servicio-operacion-negocio-oxidos-mineria/,2026-09-27T17:47:11.563613,https://cl.computrabajo.com/empleos-en-r.metropolitana-en-santiago-centro,29
a9a4af363dfd6b05,https://cl.computrabajo.com/ofertas-de-trabajo/oferta-de-trabajo-de-administrativo-marketplace-ecommerce-pudahuel-en-santiago-pudahuel-353293CFB7CB9CAE61373E686DCF3405,Administrativo Marketplace Ecommerce / Pudahuel,posted|wp_id=32824|https://chile.mimusjobs.com/job/administrativo-marketplace-ecommerce-pudahuel/,2026-09-27T17:47:17.444018,https://cl.computrabajo.com/empleos-en-r.metropolitana-en-santiago-centro,29
ad21eb4facaa8276,https://cl.computrabajo.com/ofertas-de-trabajo/oferta-de-trabajo-de-analista-de-cmh-afp-en-santiago-centro-3BF4E6B08B8C5FAD61373E686DCF3405,Analista de CMH AFP,posted|wp_id=32828|https://chile.mimusjobs.com/job/analista-de-cmh-afp/,2026-09-27T17:47:26.951865,https://cl.computrabajo.com/empleos-en-r.metropolitana-en-santiago-centro,29
0f53cb30511f05b7,https://cl.computrabajo.com/ofertas-de-trabajo/oferta-de-trabajo-de-auxiliar-de-aseo-cuadrilla-550000-liquidos-en-santiago-recoleta-5AB0FB3C2E403E3C61373E686DCF3405,Auxiliar de aseo Cuadrilla - $550.000 líquidos,posted|wp_id=32830|https://chile.mimusjobs.com/job/auxiliar-de-aseo-cuadrilla-550-000-liquidos-2/,2026-09-27T17:47:32.797027,https://cl.computrabajo.com/empleos-en-r.metropolitana-en-santiago-centro,29
329dbe073198044b,https://cl.computrabajo.com/ofertas-de-trabajo/oferta-de-trabajo-de-ejecutivo-telemarketing-providencia-en-santiago-providencia-88352D4FFA9C8DD261373E686DCF3405,Ejecutivo telemarketing - Providencia,posted|wp_id=16842|https://chile.mimusjobs.com/job/ejecutivo-telemarketing-providencia/,2026-09-27T17:47:36.095343,https://cl.computrabajo.com/empleos-en-r.metropolitana-en-santiago-centro,30
a08dd07267b01e94,https://cl.computrabajo.com/ofertas-de-trabajo/oferta-de-trabajo-de-operarios-de-produccion-tottus-quilicura-580000-a-609000-en-santiago-quilicura-F9F8F1C6E2BC9CFA61373E686DCF3405,Operarios de Producción / Tottus Quilicura / $580.000 a $609.000,posted|wp_id=32832|https://chile.mimusjobs.com/job/operarios-de-produccion-tottus-quilicura-580-000-a-609-000/,2026-09-27T17:47:42.348622,https://cl.computrabajo.com/empleos-en-r.metropolitana-en-santiago-centro,30
c34c32347bba22cc,https://cl.computrabajo.com/ofertas-de-trabajo/oferta-de-trabajo-de-asistente-de-matricula-en-santiago-vitacura-240CC69AD4F26C9361373E686DCF3405,Asistente de Matricula,posted|wp_id=9999|https://chile.mimusjobs.com/job/asistente-de-matricula/,2026-09-27T17:47:45.210935,https://cl.computrabajo.com/empleos-en-r.metropolitana-en-santiago-centro,30
15a05255d030298d,https://cl.computrabajo.com/ofertas-de-trabajo/oferta-de-trabajo-de-operarioa-bodega-cyber-tarde-pudahuel-679000-liquidos-en-santiago-pudahuel-73E4567D4AB3C5C261373E686DCF3405,Operario/a Bodega Cyber Tarde Pudahuel $679.000 líquidos,posted|wp_id=32834|https://chile.mimusjobs.com/job/operario-a-bodega-cyber-tarde-pudahuel-679-000-liquidos-5/,2026-09-27T17:47:50.213046,https://cl.computrabajo.com/empleos-en-r.metropolitana-en-santiago-centro,30
eb097073f30e6ae5,https://cl.computrabajo.com/ofertas-de-trabajo/oferta-de-trabajo-de-operarioa-bodega-cyber-noche-pudahuel-749400-liquidos-en-santiago-pudahuel-F9613C0565E2A44861373E686DCF3405,Operario/a Bodega Cyber Noche Pudahuel $749.400 líquidos,posted|wp_id=32836|https://chile.mimusjobs.com/job/operario-a-bodega-cyber-noche-pudahuel-749-400-liquidos-5/,2026-09-27T17:47:55.861479,https://cl.computrabajo.com/empleos-en-r.metropolitana-en-santiago-centro,30
05317e168a9c0132,https://cl.computrabajo.com/ofertas-de-trabajo/oferta-de-trabajo-de-reponedor-nocturno-ovalle-en-ovalle-A7457AAB0D0ACCAB61373E686DCF3405,Reponedor Nocturno Ovalle,posted|wp_id=10005|https://chile.mimusjobs.com/job/reponedor-nocturno-ovalle/,2026-09-27T17:47:59.652958,https://cl.computrabajo.com/empleos-en-r.metropolitana-en-santiago-centro,30
436f90fcaec9fa29,https://cl.computrabajo.com/ofertas-de-trabajo/oferta-de-trabajo-de-maestro-m1-piping-en-coronel-CB60A6D4DAB443B461373E686DCF3405,Maestro M1 Piping,posted|wp_id=10007|https://chile.mimusjobs.com/job/maestro-m1-piping/,2026-09-27T17:48:02.696224,https://cl.computrabajo.com/empleos-en-r.metropolitana-en-santiago-centro,30
63ef811ea132caab,https://cl.computrabajo.com/ofertas-de-trabajo/oferta-de-trabajo-de-vendedor-de-consumo-masivo-reemplazo-temporal-region-metropolitana-en-colina-9F50F50599D087D561373E686DCF3405,Vendedor de Consumo Masivo (Reemplazo Temporal) - Región Metropolitana,posted|wp_id=32838|https://chile.mimusjobs.com/job/vendedor-de-consumo-masivo-reemplazo-temporal-region-metropolitana-5/,2026-09-27T17:48:09.911424,https://cl.computrabajo.com/empleos-en-r.metropolitana-en-santiago-centro,30
743d4a58c18f9314,https://cl.computrabajo.com/ofertas-de-trabajo/oferta-de-trabajo-de-operador-apilador-reach-729000-pudahuel-lo-boza-en-santiago-pudahuel-6EA766E59D0F002561373E686DCF3405,Operador Apilador Reach / 729000 / Pudahuel Lo Boza,posted|wp_id=10015|https://chile.mimusjobs.com/job/operador-apilador-reach-729000-pudahuel-lo-boza/,2026-09-27T17:48:13.691012,https://cl.computrabajo.com/empleos-en-r.metropolitana-en-santiago-centro,30
1f64d75701833284,https://cl.computrabajo.com/ofertas-de-trabajo/oferta-de-trabajo-de-operario-bodega-comuna-de-cerrillos-en-santiago-cerrillos-E6EEE4105C18208F61373E686DCF3405,Operario Bodega Comuna de Cerrillos,posted|wp_id=10019|https://chile.mimusjobs.com/job/operario-bodega-comuna-de-cerrillos/,2026-09-27T17:48:16.978638,https://cl.computrabajo.com/empleos-en-r.metropolitana-en-santiago-centro,30
0b67b3a5d3566486,https://cl.computrabajo.com/ofertas-de-trabajo/oferta-de-trabajo-de-supervisor-de-ventas-consumo-masivo-antofagasta-rubro-alimentos-en-antofagasta-092800FF4AF86A0261373E686DCF3405,Supervisor de Ventas Consumo Masivo / Antofagasta - Rubro Alimentos,posted|wp_id=10020|https://chile.mimusjobs.com/job/supervisor-de-ventas-consumo-masivo-antofagasta-rubro-alimentos/,2026-09-27T17:48:21.050817,https://cl.computrabajo.com/empleos-en-r.metropolitana-en-santiago-centro,30
86a290bc9e754be9,https://cl.computrabajo.com/ofertas-de-trabajo/oferta-de-trabajo-de-supervisor-de-ventas-terreno-canal-tradicional-antofagasta-rubro-alimentos-en-antofagasta-14DD26AF7EC0525461373E686DCF3405,Supervisor de Ventas Terreno / Canal Tradicional/ Antofagasta - Rubro Alimentos,posted|wp_id=10025|https://chile.mimusjobs.com/job/supervisor-de-ventas-terreno-canal-tradicional-antofagasta-rubro-alimentos/,2026-09-27T17:48:25.047478,https://cl.computrabajo.com/empleos-en-r.metropolitana-en-santiago-centro,30
0d54ba2bbbfcbdb8,https://cl.computrabajo.com/ofertas-de-trabajo/oferta-de-trabajo-de-enfermeroa-mq-reemplazo-de-verano-clinica-san-carlos-en-santiago-las-condes-BDDC636AA9431E1861373E686DCF3405,"Enfermero(a) MQ, Reemplazo de Verano, Clínica San Carlos",posted|wp_id=32840|https://chile.mimusjobs.com/job/enfermeroa-mq-reemplazo-de-verano-clinica-san-carlos-5/,2026-09-27T17:48:32.145906,https://cl.computrabajo.com/empleos-en-r.metropolitana-en-santiago-centro,30
a4ed506ea96ddf90,https://cl.computrabajo.com/ofertas-de-trabajo/oferta-de-trabajo-de-analista-de-inventariocoquimbo-turno-dia-en-coquimbo-284E98AB176C107D61373E686DCF3405,Analista de Inventario/Coquimbo/ Turno Día,posted|wp_id=32842|https://chile.mimusjobs.com/job/analista-de-inventario-coquimbo-turno-dia-5/,2026-09-27T17:48:37.269610,https://cl.computrabajo.com/empleos-en-r.metropolitana-en-santiago-centro,30
8eabca4a43288e92,https://cl.computrabajo.com/ofertas-de-trabajo/oferta-de-trabajo-de-jefe-zonal-de-ventas-consumo-masivo-antofagasta-rubro-alimentos-en-antofagasta-F50AD307E1B2AE8861373E686DCF3405,Jefe Zonal de Ventas Consumo Masivo / Antofagasta - Rubro Alimentos,posted|wp_id=10029|https://chile.mimusjobs.com/job/jefe-zonal-de-ventas-consumo-masivo-antofagasta-rubro-alimentos/,2026-09-27T17:48:40.036245,https://cl.computrabajo.com/empleos-en-r.metropolitana-en-santiago-centro,30
16dae1d413a26217,https://cl.computrabajo.com/ofertas-de-trabajo/oferta-de-trabajo-de-supervisor-comercial-canal-tradicional-y-mayorista--antofagasta-rubro-alimentos-consumo-masivo-en-antofagasta-46E43F9481CC66A861373E686DCF3405,Supervisor Comercial Canal Tradicional y Mayorista / Antofagasta - Rubro Alimentos – Consumo Masivo,posted|wp_id=32843|https://chile.mimusjobs.com/job/supervisor-comercial-canal-tradicional-y-mayorista-antofagasta-rubro-alimentos-consumo-masivo-5/,2026-09-27T17:48:44.254554,https://cl.computrabajo.com/empleos-en-r.metropolitana-en-santiago-centro,30
1b11fbee972dcea6,https://cl.computrabajo.com/ofertas-de-trabajo/oferta-de-trabajo-de-enfermeroa-utm-toma-de-muestras-reemplazo-de-verano-clinica-san-carlos-en-santiago-las-condes-59153EDBCA5E442861373E686DCF3405,"Enfermero(a) UTM (Toma de Muestras), Reemplazo de Verano, Clínica San Carlos",posted|wp_id=32845|https://chile.mimusjobs.com/job/enfermeroa-utm-toma-de-muestras-reemplazo-de-verano-clinica-san-carlos-5/,2026-09-27T17:48:50.012071,https://cl.computrabajo.com/empleos-en-r.metropolitana-en-santiago-centro,30
cd2e1d5fc05b9e04,https://cl.computrabajo.com/ofertas-de-trabajo/oferta-de-trabajo-de-guardia-de-seguridad-tactico-con-bus-de-acercamiento-y-alimentacion-rotativo-4x4-en-santiago-quilicura-7199AA3D8759B3D461373E686DCF3405,Guardia de seguridad táctico con bus de acercamiento y alimentacion - Rotativo 4x4,posted|wp_id=32847|https://chile.mimusjobs.com/job/guardia-de-seguridad-tactico-con-bus-de-acercamiento-y-alimentacion-rotativo-4x4/,2026-09-27T17:48:56.335702,https://cl.computrabajo.com/empleos-en-r.metropolitana-en-santiago-centro,30
7507f80be1d0b846,https://cl.computrabajo.com/ofertas-de-trabajo/oferta-de-trabajo-de-operarios-de-bodega-lampa-turnos-dia-en-lampa-472004BE7D505F5761373E686DCF3405,Operarios de bodega - Lampa turnos dia,posted|wp_id=32849|https://chile.mimusjobs.com/job/operarios-de-bodega-lampa-turnos-dia/,2026-09-27T17:49:01.913098,https://cl.computrabajo.com/empleos-en-r.metropolitana-en-santiago-centro,30
2da30edb07370d4f,https://cl.computrabajo.com/ofertas-de-trabajo/oferta-de-trabajo-de-reclutador-de-personal-part-time-en-santiago-las-condes-B47FC2EE876BA21C61373E686DCF3405,Reclutador de personal / Part Time,posted|wp_id=32851|https://chile.mimusjobs.com/job/reclutador-de-personal-part-time/,2026-09-27T17:49:07.559843,https://cl.computrabajo.com/empleos-en-r.metropolitana-en-santiago-centro,30
c16f0d988bcb8670,https://cl.computrabajo.com/ofertas-de-trabajo/oferta-de-trabajo-de-practica-psicologia-laboral-en-santiago-conchali-E4615E3F11C8F3DA61373E686DCF3405,Práctica Psicología laboral,posted|wp_id=32852|https://chile.mimusjobs.com/job/practica-psicologia-laboral/,2026-09-27T17:49:12.283109,https://cl.computrabajo.com/empleos-en-r.metropolitana-en-santiago-centro,31
2c8e3495212a5ca7,https://cl.computrabajo.com/ofertas-de-trabajo/oferta-de-trabajo-de-desarrollador-ti-quilicura-en-santiago-quilicura-B144AF1356911BAC61373E686DCF3405,Desarrollador TI - Quilicura,posted|wp_id=32853|https://chile.mimusjobs.com/job/desarrollador-ti-quilicura/,2026-09-27T17:49:16.109822,https://cl.computrabajo.com/empleos-en-r.metropolitana-en-santiago-centro,31
aeab12a6a85789ee,https://cl.computrabajo.com/ofertas-de-trabajo/oferta-de-trabajo-de-ingenieroa-de-control-y-gestion-transporte-y-facilities-nivel-a-antofagasta-ep094-en-antofagasta-522B5A3B767D2B2361373E686DCF3405,Ingeniero(a) de Control y Gestión Transporte y Facilities Nivel A / Antofagasta / EP094,posted|wp_id=32855|https://chile.mimusjobs.com/job/ingenieroa-de-control-y-gestion-transporte-y-facilities-nivel-a-antofagasta-ep094/,2026-09-27T17:49:21.485308,https://cl.computrabajo.com/empleos-en-r.metropolitana-en-santiago-centro,31
a49ad931132b85b9,https://cl.computrabajo.com/ofertas-de-trabajo/oferta-de-trabajo-de-gasfiter-instalador-sanitario-colina-en-colina-3FFB428303DCA23661373E686DCF3405,Gasfiter / Instalador Sanitario – Colina,posted|wp_id=32857|https://chile.mimusjobs.com/job/gasfiter-instalador-sanitario-colina/,2026-09-27T17:49:27.029772,https://cl.computrabajo.com/empleos-en-r.metropolitana-en-santiago-centro,31
4731ccffae7573d4,https://cl.computrabajo.com/ofertas-de-trabajo/oferta-de-trabajo-de-promo-reponedor-para-reconocida-marca-deportiva-mall-el-trebol-en-talcahuano-725947466316C91761373E686DCF3405,Promo reponedor para reconocida marca deportiva Mall El trebol,posted|wp_id=32859|https://chile.mimusjobs.com/job/promo-reponedor-para-reconocida-marca-deportiva-mall-el-trebol/,2026-09-27T17:49:33.266543,https://cl.computrabajo.com/empleos-en-r.metropolitana-en-santiago-centro,31
ec0b1e13a591067f,https://cl.computrabajo.com/ofertas-de-trabajo/oferta-de-trabajo-de-operarioa-multifuncional-part-time-comida-rapida-wendys-costanera-center-en-santiago-providencia-0809E820CAEEEE1E61373E686DCF3405,Operario/a Multifuncional Part Time Comida Rápida Wendys / Costanera Center,posted|wp_id=32860|https://chile.mimusjobs.com/job/operario-a-multifuncional-part-time-comida-rapida-wendys-costanera-center/,2026-09-27T17:49:37.109987,https://cl.computrabajo.com/empleos-en-r.metropolitana-en-santiago-centro,31
f760f88d820a9c09,https://cl.computrabajo.com/ofertas-de-trabajo/oferta-de-trabajo-de-control-de-plagas-certificado-de-aplicador-de-control-de-plagas-region-metropolitana-macul-en-santiago-macul-A260B004816E89B161373E686DCF3405,"Control de plagas (certificado de aplicador de control de plagas), Región metropolitana (Macul)",posted|wp_id=32861|https://chile.mimusjobs.com/job/control-de-plagas-certificado-de-aplicador-de-control-de-plagas-region-metropolitana-macul-2/,2026-09-27T17:49:40.492216,https://cl.computrabajo.com/empleos-en-r.metropolitana-en-santiago-centro,31
e5583860272886ae,https://cl.computrabajo.com/ofertas-de-trabajo/oferta-de-trabajo-de-oportunidad-laboral-conductores-de-minibus-residencia-en-antofagasta-faena-minera-conductores-profesionales-de-minibus-en-faena-minera-con-residencia-en-calama-en-calama-BB682E90B372930961373E686DCF3405,¡Oportunidad laboral! Conductores de Minibús Residencia en Antofagasta Faena Minera - Conductores profesionales de Minibus en faena minera con residencia en Calama,posted|wp_id=32865|https://chile.mimusjobs.com/job/oportunidad-laboral-conductores-de-minibus-residencia-en-antofagasta-faena-minera-conductores-profesionales-de-minibus-en-faena-minera-con-residencia-en-calama/,2026-09-27T17:49:49.808435,https://cl.computrabajo.com/empleos-en-r.metropolitana-en-santiago-centro,31
281ca4784d13fffb,https://cl.computrabajo.com/ofertas-de-trabajo/oferta-de-trabajo-de-preparador-de-pedidos-pickers-turnos-rotativos-en-santiago-estacion-central-FD4CE5E2AFB0FB2661373E686DCF3405,Preparador de pedidos (Pickers)/ turnos rotativos,posted|wp_id=28393|https://chile.mimusjobs.com/job/preparador-de-pedidos-pickers-turnos-rotativos/,2026-09-27T17:49:53.599465,https://cl.computrabajo.com/empleos-en-r.metropolitana-en-santiago-centro,31
e4ff7327783aadd3,https://cl.computrabajo.com/ofertas-de-trabajo/oferta-de-trabajo-de-ejecutivoa-de-tienda-wom-vina-del-mar-valparaiso-en-santiago-centro-A8B21AB89C280B3E61373E686DCF3405,Ejecutivo/a de Tienda WOM - Viña del Mar / Valparaiso,posted|wp_id=32867|https://chile.mimusjobs.com/job/ejecutivo-a-de-tienda-wom-vina-del-mar-valparaiso-2/,2026-09-27T17:50:00.734658,https://cl.computrabajo.com/empleos-en-r.metropolitana-en-santiago-centro,31
b2363df99e65c94b,https://cl.computrabajo.com/ofertas-de-trabajo/oferta-de-trabajo-de-auxiliar-de-aseo-turno-tarde-500000-liquido-santiago-centro-en-santiago-centro-2A6BD116A681FC0961373E686DCF3405,Auxiliar de aseo turno tarde - $500.000 liquido Santiago centro,posted|wp_id=32712|https://chile.mimusjobs.com/job/auxiliar-de-aseo-turno-tarde-500-000-liquido-santiago-centro/,2026-09-27T17:50:04.706255,https://cl.computrabajo.com/empleos-en-r.metropolitana-en-santiago-centro,31
9e1e2ab5a4db8c4d,https://cl.computrabajo.com/ofertas-de-trabajo/oferta-de-trabajo-de-operador-de-estacionamiento-part-time-20-horas-mall-plaza-oeste-cerrillos-en-santiago-nunoa-FE6FB5294DC6179F61373E686DCF3405,Operador de Estacionamiento Part Time 20 horas Mall Plaza Oeste - Cerrillos,posted|wp_id=32869|https://chile.mimusjobs.com/job/operador-de-estacionamiento-part-time-20-horas-mall-plaza-oeste-cerrillos/,2026-09-27T17:50:11.049877,https://cl.computrabajo.com/empleos-en-r.metropolitana-en-santiago-centro,31
f0503826b2f21598,https://cl.computrabajo.com/ofertas-de-trabajo/oferta-de-trabajo-de-ingeniero-en-prevencion-industria-alimenticia-retail-quilicura-en-santiago-quilicura-EDAAB901FD83D5FB61373E686DCF3405,Ingeniero en Prevención / Industria Alimenticia / Retail - Quilicura,posted|wp_id=32871|https://chile.mimusjobs.com/job/ingeniero-en-prevencion-industria-alimenticia-retail-quilicura/,2026-09-27T17:50:17.099336,https://cl.computrabajo.com/empleos-en-r.metropolitana-en-santiago-centro,31
673224c5cb69bfb7,https://cl.computrabajo.com/ofertas-de-trabajo/oferta-de-trabajo-de-construccion-y-albanileria-para-trabajar-en-espana-en-santiago-maipu-9659CAAE7BD380D861373E686DCF3405,Construccion y albañileria para trabajar en España,posted|wp_id=32873|https://chile.mimusjobs.com/job/construccion-y-albanileria-para-trabajar-en-espana-5/,2026-09-27T17:50:24.729916,https://cl.computrabajo.com/empleos-en-r.metropolitana-en-santiago-centro,31
92f156fe1df9fdfa,https://cl.computrabajo.com/ofertas-de-trabajo/oferta-de-trabajo-de-garzon-part-time-20-hrs-semana-domino-mall-plaza-sur-en-san-bernardo-0A8BDE8F68F24CB561373E686DCF3405,Garzón Part Time 20 hrs Semana Dominó Mall Plaza Sur,posted|wp_id=32877|https://chile.mimusjobs.com/job/garzon-part-time-20-hrs-semana-domino-mall-plaza-sur/,2026-09-27T17:50:33.657885,https://cl.computrabajo.com/empleos-en-r.metropolitana-en-santiago-centro,31
bd8b53c56e23c251,https://cl.computrabajo.com/ofertas-de-trabajo/oferta-de-trabajo-de-brigadista-instructor-lider-santiago-en-puente-alto-C4A822AD7E07546261373E686DCF3405,Brigadista Instructor Líder - Santiago,posted|wp_id=32879|https://chile.mimusjobs.com/job/brigadista-instructor-lider-santiago/,2026-09-27T17:50:39.172532,https://cl.computrabajo.com/empleos-en-r.metropolitana-en-santiago-centro,31
bc56e5f774d43d69,https://cl.computrabajo.com/ofertas-de-trabajo/oferta-de-trabajo-de-guardia-de-seguridad-640000-4x4-fijo-diacon-os10-vigentemall-costanera-center-providencia-en-santiago-providencia-3C6ADA0252474AC661373E686DCF3405,Guardia de Seguridad $640.000 4x4 Fijo Dia/Con OS10 Vigente/Mall Costanera Center - Providencia,posted|wp_id=32881|https://chile.mimusjobs.com/job/guardia-de-seguridad-640-000-4x4-fijo-dia-con-os10-vigente-mall-costanera-center-providencia-7/,2026-09-27T17:50:45.914295,https://cl.computrabajo.com/empleos-en-r.metropolitana-en-santiago-centro,31
03a74d15f6dde337,https://cl.computrabajo.com/ofertas-de-trabajo/oferta-de-trabajo-de-operario-produccion-experiencia-en-capacitaciones-san-bernardo-en-san-bernardo-F7487443F212F9F361373E686DCF3405,Operario Producción Experiencia en Capacitaciones - San Bernardo,posted|wp_id=32883|https://chile.mimusjobs.com/job/operario-produccion-experiencia-en-capacitaciones-san-bernardo/,2026-09-27T17:50:54.673844,https://cl.computrabajo.com/empleos-en-r.metropolitana-en-santiago-centro,31
4ac29898edb43add,https://cl.computrabajo.com/ofertas-de-trabajo/oferta-de-trabajo-de-asistente-de-mantencion-y-servicios-generales-bio-ritmo-en-chile-DBF400E35AF6419561373E686DCF3405,Asistente de Mantención y Servicios Generales (Bio Ritmo),posted|wp_id=32885|https://chile.mimusjobs.com/job/asistente-de-mantencion-y-servicios-generales-bio-ritmo/,2026-09-27T17:50:59.863963,https://cl.computrabajo.com/empleos-en-r.metropolitana-en-santiago-centro,31
c4200f79d800df16,https://cl.computrabajo.com/ofertas-de-trabajo/oferta-de-trabajo-de-cajeroa-jornada-completa-en-panguipulli-3F7DB1BE854854D161373E686DCF3405,Cajero/a Jornada Completa,posted|wp_id=28412|https://chile.mimusjobs.com/job/cajero-a-jornada-completa/,2026-09-27T17:51:03.304394,https://cl.computrabajo.com/empleos-en-r.metropolitana-en-santiago-centro,32
efdfcef6e6bcd6e0,https://cl.computrabajo.com/ofertas-de-trabajo/oferta-de-trabajo-de-nutricionista-alimentacion-colectiva-en-talca-19725732419D102461373E686DCF3405,Nutricionista Alimentación Colectiva,posted|wp_id=32886|https://chile.mimusjobs.com/job/nutricionista-alimentacion-colectiva/,2026-09-27T17:51:07.620904,https://cl.computrabajo.com/empleos-en-r.metropolitana-en-santiago-centro,32
3aeb67aa0f4e3ffc,https://cl.computrabajo.com/ofertas-de-trabajo/oferta-de-trabajo-de-niu-san-pedro-de-la-paz-ayudante-de-cocina-pm-en-san-pedro-de-la-paz-873D927659EDE45461373E686DCF3405,Niu San Pedro de la Paz. Ayudante de Cocina PM,posted|wp_id=32887|https://chile.mimusjobs.com/job/niu-san-pedro-de-la-paz-ayudante-de-cocina-pm/,2026-09-27T17:51:13.836760,https://cl.computrabajo.com/empleos-en-r.metropolitana-en-santiago-centro,32
cfe67a681bbec2eb,https://cl.computrabajo.com/ofertas-de-trabajo/oferta-de-trabajo-de-jefea-de-sostenibilidad-proyecto-altoandinos-santiago-en-santiago-centro-E80E1DFD0568237361373E686DCF3405,Jefe/a de Sostenibilidad Proyecto Altoandinos - Santiago,posted|wp_id=32889|https://chile.mimusjobs.com/job/jefe-a-de-sostenibilidad-proyecto-altoandinos-santiago/,2026-09-27T17:51:21.997964,https://cl.computrabajo.com/empleos-en-r.metropolitana-en-santiago-centro,32
4e5a319f7894867f,https://cl.computrabajo.com/ofertas-de-trabajo/oferta-de-trabajo-de-maestro-electrico-hotel-modular-copiapo-en-copiapo-04ABB56C1F09768B61373E686DCF3405,Maestro Eléctrico Hotel modular Copiapó,posted|wp_id=32891|https://chile.mimusjobs.com/job/maestro-electrico-hotel-modular-copiapo/,2026-09-27T17:51:28.431934,https://cl.computrabajo.com/empleos-en-r.metropolitana-en-santiago-centro,32
8f7e334f337ac1d4,https://cl.computrabajo.com/ofertas-de-trabajo/oferta-de-trabajo-de-operario-transpaleta-electrica-sin-licencia-pudahuel-lunes-a-viernes-648000-liquidos-en-santiago-pudahuel-86952B1524E053B061373E686DCF3405,Operario Transpaleta Eléctrica (sin licencia) Pudahuel / Lunes a Viernes / $648.000 líquidos,posted|wp_id=32893|https://chile.mimusjobs.com/job/operario-transpaleta-electrica-sin-licencia-pudahuel-lunes-a-viernes-648-000-liquidos/,2026-09-27T17:51:34.041823,https://cl.computrabajo.com/empleos-en-r.metropolitana-en-santiago-centro,32
8f2caddb3be7dd87,https://cl.computrabajo.com/ofertas-de-trabajo/oferta-de-trabajo-de-operarios-de-bodega-cyber-day-pudahuel-650000-en-santiago-pudahuel-FBC4A12834B248A061373E686DCF3405,Operarios de Bodega Cyber Day Pudahuel 650.000,posted|wp_id=10026|https://chile.mimusjobs.com/job/operarios-de-bodega-cyber-day-pudahuel-650-000/,2026-09-27T17:51:36.531358,https://cl.computrabajo.com/empleos-en-r.metropolitana-en-santiago-centro,32
6b2a15bb1a78f6f5,https://cl.computrabajo.com/ofertas-de-trabajo/oferta-de-trabajo-de-vendedora-trainee-part-time-30hrs-4x3-rotativo-angamos-en-antofagasta-2FEE5147D2B4304F61373E686DCF3405,Vendedor(a) Trainee / Part Time 30hrs (4x3 rotativo) /Angamos,posted|wp_id=32894|https://chile.mimusjobs.com/job/vendedora-trainee-part-time-30hrs-4x3-rotativo-angamos/,2026-09-27T17:51:41.847076,https://cl.computrabajo.com/empleos-en-r.metropolitana-en-santiago-centro,32
324c7e5014d4d3be,https://cl.computrabajo.com/ofertas-de-trabajo/oferta-de-trabajo-de-especialista-en-desarrollo-comercial-y-canales-amd-hp-en-santiago-las-condes-925E0013CCBEE44E61373E686DCF3405,Especialista en Desarrollo Comercial y Canales AMD HP,posted|wp_id=32896|https://chile.mimusjobs.com/job/especialista-en-desarrollo-comercial-y-canales-amd-hp/,2026-09-27T17:51:48.572830,https://cl.computrabajo.com/empleos-en-r.metropolitana-en-santiago-centro,32
3898339c594d1af0,https://cl.computrabajo.com/ofertas-de-trabajo/oferta-de-trabajo-de-ejecutivo-comercial-pensionado-santiago-en-puente-alto-141E8565C3393CE161373E686DCF3405,Ejecutivo Comercial Pensionado - Santiago,posted|wp_id=32900|https://chile.mimusjobs.com/job/ejecutivo-comercial-pensionado-santiago/,2026-09-27T17:51:55.939480,https://cl.computrabajo.com/empleos-en-r.metropolitana-en-santiago-centro,32
31180b8fc5ed9d34,https://cl.computrabajo.com/ofertas-de-trabajo/oferta-de-trabajo-de-operaria-de-bodega-maquila-turnos-rotativos563932lampa-en-lampa-6CDD01379810922261373E686DCF3405,Operaria de bodega maquila turnos rotativos/$563.932./Lampa,posted|wp_id=32902|https://chile.mimusjobs.com/job/operaria-de-bodega-maquila-turnos-rotativos-563-932-lampa/,2026-09-27T17:52:01.265937,https://cl.computrabajo.com/empleos-en-r.metropolitana-en-santiago-centro,32
cf1051bc017bd308,https://cl.computrabajo.com/ofertas-de-trabajo/oferta-de-trabajo-de-especialista-senior-planificacion-y-programacion-manejo-de-sappm-y-zpmo-las-condes-en-santiago-las-condes-893F7BC3BB1305FF61373E686DCF3405,"Especialista senior planificación y programación, manejo de SAP/PM y ZPMO - Las Condes",posted|wp_id=32904|https://chile.mimusjobs.com/job/especialista-senior-planificacion-y-programacion-manejo-de-sap-pm-y-zpmo-las-condes/,2026-09-27T17:52:08.537626,https://cl.computrabajo.com/empleos-en-r.metropolitana-en-santiago-centro,32
0ba4c604451441b3,https://cl.computrabajo.com/ofertas-de-trabajo/oferta-de-trabajo-de-ingeniero-de-inteligencia-artificial-santiago-centro-en-santiago-centro-435BD440DB4D85B161373E686DCF3405,Ingeniero de Inteligencia Artificial - Santiago Centro,posted|wp_id=32906|https://chile.mimusjobs.com/job/ingeniero-de-inteligencia-artificial-santiago-centro/,2026-09-27T17:52:18.778016,https://cl.computrabajo.com/empleos-en-r.metropolitana-en-santiago-centro,32
aa8ae29d42d8b0e1,https://cl.computrabajo.com/ofertas-de-trabajo/oferta-de-trabajo-de-ingeniero-de-calidad-y-aseguramiento-de-procesos-industria-alimentaria-tener-disponibilidad-o-residir-en-la-union-en-la-union-1A2FF28DF3631C1E61373E686DCF3405,Ingeniero de Calidad y Aseguramiento de Procesos Industria Alimentaria - Tener disponibilidad o residir en La Unión,posted|wp_id=32908|https://chile.mimusjobs.com/job/ingeniero-de-calidad-y-aseguramiento-de-procesos-industria-alimentaria-tener-disponibilidad-o-residir-en-la-union-5/,2026-09-27T17:52:24.873714,https://cl.computrabajo.com/empleos-en-r.metropolitana-en-santiago-centro,32
3aed25214a0f9d25,https://cl.computrabajo.com/ofertas-de-trabajo/oferta-de-trabajo-de-enfermeroa-uci-neonatologia-y-pediatria-reemplazo-de-verano-clinica-san-carlos-en-santiago-las-condes-9E8D964F80959DF461373E686DCF3405,"Enfermero(a) UCI Neonatología y Pediatría, Reemplazo de Verano, Clínica San Carlos",posted|wp_id=32910|https://chile.mimusjobs.com/job/enfermeroa-uci-neonatologia-y-pediatria-reemplazo-de-verano-clinica-san-carlos-5/,2026-09-27T17:52:30.076404,https://cl.computrabajo.com/empleos-en-r.metropolitana-en-santiago-centro,32
936a9e4ba6bf473e,https://cl.computrabajo.com/ofertas-de-trabajo/oferta-de-trabajo-de-ejecutivoa-de-gestion-de-reclamos-y-experiencia-cliente-tecnologia-las-condes-en-santiago-las-condes-0D76B2E47C8D978B61373E686DCF3405,"Ejecutivo/a de Gestión de Reclamos y Experiencia Cliente, tecnología - Las Condes",posted|wp_id=32912|https://chile.mimusjobs.com/job/ejecutivo-a-de-gestion-de-reclamos-y-experiencia-cliente-tecnologia-las-condes/,2026-09-27T17:52:37.002378,https://cl.computrabajo.com/empleos-en-r.metropolitana-en-santiago-centro,32
c82f3b3978fe9844,https://cl.computrabajo.com/ofertas-de-trabajo/oferta-de-trabajo-de-analista-de-finanzas-region-metropolitana-en-santiago-centro-785A87B4EB093CD361373E686DCF3405,Analista de Finanzas - Region Metropolitana,posted|wp_id=32914|https://chile.mimusjobs.com/job/analista-de-finanzas-region-metropolitana/,2026-09-27T17:52:42.959106,https://cl.computrabajo.com/empleos-en-r.metropolitana-en-santiago-centro,32
992eb3afda1928ed,https://cl.computrabajo.com/ofertas-de-trabajo/oferta-de-trabajo-de-ingeniero-de-calidad-e-inocuidad-en-produccion-alimentaria-tener-disponibilidad-o-residir-en-la-union-en-la-union-0D0175B92B679ADA61373E686DCF3405,Ingeniero de Calidad e Inocuidad en Producción Alimentaria - Tener disponibilidad o residir en La Unión,posted|wp_id=32916|https://chile.mimusjobs.com/job/ingeniero-de-calidad-e-inocuidad-en-produccion-alimentaria-tener-disponibilidad-o-residir-en-la-union-5/,2026-09-27T17:52:48.746061,https://cl.computrabajo.com/empleos-en-r.metropolitana-en-santiago-centro,32
0c7b256ef570e336,https://cl.computrabajo.com/ofertas-de-trabajo/oferta-de-trabajo-de-mecanico-especialista-de-mantenimiento-en-mejillones-D8D874E5EB6BE37761373E686DCF3405,Mecánico Especialista de Mantenimiento,posted|wp_id=32918|https://chile.mimusjobs.com/job/mecanico-especialista-de-mantenimiento/,2026-09-27T17:52:53.570817,https://cl.computrabajo.com/empleos-en-r.metropolitana-en-santiago-centro,32
cbc9f6f3149a6388,https://cl.computrabajo.com/ofertas-de-trabajo/oferta-de-trabajo-de-guardias-sin-os10-te-preparamos-gratis-en-santiago-la-florida-B7CC4E6F281CCB4A61373E686DCF3405,Guardias sin OS10 te preparamos gratis,posted|wp_id=12538|https://chile.mimusjobs.com/job/guardias-sin-os10-te-preparamos-gratis/,2026-09-27T17:52:55.887057,https://cl.computrabajo.com/empleos-en-r.metropolitana-en-santiago-centro,33
bdcee7a8adfd5336,https://cl.computrabajo.com/ofertas-de-trabajo/oferta-de-trabajo-de-administrativoa-de-operacionescoquimbo-turno-noche-en-coquimbo-463C6DD36397AC9E61373E686DCF3405,Administrativo(a) de Operaciones/Coquimbo/ Turno Noche,posted|wp_id=32920|https://chile.mimusjobs.com/job/administrativoa-de-operaciones-coquimbo-turno-noche-5/,2026-09-27T17:53:02.122835,https://cl.computrabajo.com/empleos-en-r.metropolitana-en-santiago-centro,33
60f2577be6563c53,https://cl.computrabajo.com/ofertas-de-trabajo/oferta-de-trabajo-de-quimico-b-analisis-clasicos-800000-liquidos-pudahuel-puerto-madero-en-santiago-pudahuel-8F5D1DC5B265248F61373E686DCF3405,"Quimico B, Análisis Clásicos, 800.000 líquidos - Pudahuel, Puerto Madero",posted|wp_id=32922|https://chile.mimusjobs.com/job/quimico-b-analisis-clasicos-800-000-liquidos-pudahuel-puerto-madero/,2026-09-27T17:53:08.883275,https://cl.computrabajo.com/empleos-en-r.metropolitana-en-santiago-centro,33
d645cb742b371721,https://cl.computrabajo.com/ofertas-de-trabajo/oferta-de-trabajo-de-ayudante-de-laboratorio-minerales-pudahuel-puerto-madero-en-santiago-pudahuel-FEC797BBB49C78FB61373E686DCF3405,"Ayudante de laboratorio (minerales) - Pudahuel, Puerto Madero",posted|wp_id=32924|https://chile.mimusjobs.com/job/ayudante-de-laboratorio-minerales-pudahuel-puerto-madero/,2026-09-27T17:53:14.713263,https://cl.computrabajo.com/empleos-en-r.metropolitana-en-santiago-centro,33
aa73ec2f9013b531,https://cl.computrabajo.com/ofertas-de-trabajo/oferta-de-trabajo-de-ayudante-de-laboratorio-minerales-puerto-varas-en-puerto-varas-A9B1EB3708DA29FF61373E686DCF3405,"Ayudante de laboratorio (minerales), Puerto Varas",posted|wp_id=32926|https://chile.mimusjobs.com/job/ayudante-de-laboratorio-minerales-puerto-varas/,2026-09-27T17:53:21.422092,https://cl.computrabajo.com/empleos-en-r.metropolitana-en-santiago-centro,33
828eb5a9a0e0c675,https://cl.computrabajo.com/ofertas-de-trabajo/oferta-de-trabajo-de-guardias-tacticos-para-lampa-en-4x4-fijo-dia-en-lampa-A0FFF7966FF0031461373E686DCF3405,Guardias Tácticos para Lampa en 4x4 Fijo dia,posted|wp_id=32927|https://chile.mimusjobs.com/job/guardias-tacticos-para-lampa-en-4x4-fijo-dia/,2026-09-27T17:53:25.145957,https://cl.computrabajo.com/empleos-en-r.metropolitana-en-santiago-centro,33
1b3eb82b9241f571,https://cl.computrabajo.com/ofertas-de-trabajo/oferta-de-trabajo-de-analista-de-finiquitos-pudahuel-puerto-madero-en-santiago-pudahuel-E4BE8FAB664E517561373E686DCF3405,"Analista de Finiquitos - Pudahuel, Puerto Madero",posted|wp_id=32929|https://chile.mimusjobs.com/job/analista-de-finiquitos-pudahuel-puerto-madero/,2026-09-27T17:53:31.502409,https://cl.computrabajo.com/empleos-en-r.metropolitana-en-santiago-centro,33
e4122b2097b77c8a,https://cl.computrabajo.com/ofertas-de-trabajo/oferta-de-trabajo-de-analista-de-datos-financiero-providencia-en-santiago-providencia-282FA624181AD44F61373E686DCF3405,Analista de Datos Financiero - Providencia,posted|wp_id=32931|https://chile.mimusjobs.com/job/analista-de-datos-financiero-providencia/,2026-09-27T17:53:37.971056,https://cl.computrabajo.com/empleos-en-r.metropolitana-en-santiago-centro,33
0cc3a47d15ebfd5a,https://cl.computrabajo.com/ofertas-de-trabajo/oferta-de-trabajo-de-analista-de-recursos-humanos-900000-liquidos-pudahuel-puerto-madero-en-santiago-pudahuel-D293CE2E3DE7EC2E61373E686DCF3405,"Analista de Recursos Humanos, 900.000 líquidos - Pudahuel, Puerto Madero",posted|wp_id=32933|https://chile.mimusjobs.com/job/analista-de-recursos-humanos-900-000-liquidos-pudahuel-puerto-madero/,2026-09-27T17:53:45.179557,https://cl.computrabajo.com/empleos-en-r.metropolitana-en-santiago-centro,33
58fd4657fb40044e,https://cl.computrabajo.com/ofertas-de-trabajo/oferta-de-trabajo-de-analista-de-datos-bi-las-condes-en-santiago-las-condes-B83960836153198E61373E686DCF3405,Analista de Datos BI - Las Condes,posted|wp_id=32935|https://chile.mimusjobs.com/job/analista-de-datos-bi-las-condes/,2026-09-27T17:53:51.221211,https://cl.computrabajo.com/empleos-en-r.metropolitana-en-santiago-centro,33
1a78345b9a5c7079,https://cl.computrabajo.com/ofertas-de-trabajo/oferta-de-trabajo-de-analista-administrativo-providencia-en-santiago-providencia-2F57AEAA128F2F5961373E686DCF3405,Analista Administrativo - Providencia,posted|wp_id=32937|https://chile.mimusjobs.com/job/analista-administrativo-providencia/,2026-09-27T17:53:57.376250,https://cl.computrabajo.com/empleos-en-r.metropolitana-en-santiago-centro,33
93b3c31576f86eee,https://cl.computrabajo.com/ofertas-de-trabajo/oferta-de-trabajo-de-ingeniero-de-calidad-agroindustrial-tener-disponibilidad-o-residir-en-la-union-en-la-union-B8CC5703B0A0BEDB61373E686DCF3405,Ingeniero de Calidad Agroindustrial - Tener disponibilidad o residir en La Unión,posted|wp_id=32939|https://chile.mimusjobs.com/job/ingeniero-de-calidad-agroindustrial-tener-disponibilidad-o-residir-en-la-union-5/,2026-09-27T17:54:03.197827,https://cl.computrabajo.com/empleos-en-r.metropolitana-en-santiago-centro,33
7841d2c490908994,https://cl.computrabajo.com/ofertas-de-trabajo/oferta-de-trabajo-de-guardias-de-seguridad-para-arica-en-arica-E4A811D2F0D0CF5D61373E686DCF3405,Guardias de seguridad para Arica,posted|wp_id=32940|https://chile.mimusjobs.com/job/guardias-de-seguridad-para-arica/,2026-09-27T17:54:07.620033,https://cl.computrabajo.com/empleos-en-r.metropolitana-en-santiago-centro,33
311ae59ad8f94462,https://cl.computrabajo.com/ofertas-de-trabajo/oferta-de-trabajo-de-guardias-con-os10-empresa-en-estacion-central-4x4-dia-en-santiago-estacion-central-2F95D67416BEBBAB61373E686DCF3405,Guardias con OS10 Empresa en Estación Central 4x4 dia,posted|wp_id=32941|https://chile.mimusjobs.com/job/guardias-con-os10-empresa-en-estacion-central-4x4-dia/,2026-09-27T17:54:10.981951,https://cl.computrabajo.com/empleos-en-r.metropolitana-en-santiago-centro,33
019260738f222bf8,https://cl.computrabajo.com/ofertas-de-trabajo/oferta-de-trabajo-de-guardias-de-seguridad-para-iquique-en-iquique-675D6618AD718CB861373E686DCF3405,Guardias de Seguridad para Iquique,posted|wp_id=32942|https://chile.mimusjobs.com/job/guardias-de-seguridad-para-iquique/,2026-09-27T17:54:15.408399,https://cl.computrabajo.com/empleos-en-r.metropolitana-en-santiago-centro,33
44fac5201fb3e366,https://cl.computrabajo.com/ofertas-de-trabajo/oferta-de-trabajo-de-contratacion-masiva-de-guardias-con-y-sin-os10-en-santiago-centro-39BB8B965DF5E8C361373E686DCF3405,Contratación masiva de guardias con y sin OS10,posted|wp_id=32943|https://chile.mimusjobs.com/job/contratacion-masiva-de-guardias-con-y-sin-os10-10/,2026-09-27T17:54:18.958885,https://cl.computrabajo.com/empleos-en-r.metropolitana-en-santiago-centro,33
f545b76868ef7146,https://cl.computrabajo.com/ofertas-de-trabajo/oferta-de-trabajo-de-guardias-con-os10-al-dia-en-4x4-fijo-dia-importante-instalacion-en-antofagasta-A2566633AECA0AD061373E686DCF3405,Guardias con OS10 al dia en 4x4 fijo dia importante instalación,posted|wp_id=32944|https://chile.mimusjobs.com/job/guardias-con-os10-al-dia-en-4x4-fijo-dia-importante-instalacion/,2026-09-27T17:54:22.717211,https://cl.computrabajo.com/empleos-en-r.metropolitana-en-santiago-centro,33
1f9a63b1e3418b43,https://cl.computrabajo.com/ofertas-de-trabajo/oferta-de-trabajo-de-supervisor-de-seguridad-para-importante-mall-en-antofagasta-en-antofagasta-B8FC3D04C083F66D61373E686DCF3405,Supervisor de Seguridad para importante Mall en Antofagasta,posted|wp_id=30735|https://chile.mimusjobs.com/job/supervisor-de-seguridad-para-importante-mall-en-antofagasta/,2026-09-27T17:54:25.291187,https://cl.computrabajo.com/empleos-en-r.metropolitana-en-santiago-centro,33
1ffce5e356cb50c4,https://cl.computrabajo.com/ofertas-de-trabajo/oferta-de-trabajo-de-guardias-con-os10-al-dia-en-4x4-fijo-noche-importante-instalacion-en-antofagasta-D6E650BDA7EF5E3761373E686DCF3405,Guardias con OS10 al dia en 4x4 fijo Noche importante instalación,posted|wp_id=32945|https://chile.mimusjobs.com/job/guardias-con-os10-al-dia-en-4x4-fijo-noche-importante-instalacion/,2026-09-27T17:54:29.253665,https://cl.computrabajo.com/empleos-en-r.metropolitana-en-santiago-centro,33
da96b82980c31494,https://cl.computrabajo.com/ofertas-de-trabajo/oferta-de-trabajo-de-supervisor-de-seguridad-privada-para-calama-en-calama-B6EAB7E2536201AC61373E686DCF3405,Supervisor de seguridad Privada para Calama,posted|wp_id=32946|https://chile.mimusjobs.com/job/supervisor-de-seguridad-privada-para-calama/,2026-09-27T17:54:32.969133,https://cl.computrabajo.com/empleos-en-r.metropolitana-en-santiago-centro,33
67ed7d3d388a3b20,https://cl.computrabajo.com/ofertas-de-trabajo/oferta-de-trabajo-de-ingeniero-de-aseguramiento-de-calidad-planta-productiva-experiencia-industria-alimentaria-tener-disponibilidad-o-residir-en-la-union-en-la-union-2EEB07A61DAD409361373E686DCF3405,Ingeniero de Aseguramiento de Calidad Planta Productiva /Experiencia Industria Alimentaria - Tener disponibilidad o residir en La Unión,posted|wp_id=32948|https://chile.mimusjobs.com/job/ingeniero-de-aseguramiento-de-calidad-planta-productiva-experiencia-industria-alimentaria-tener-disponibilidad-o-residir-en-la-union-5/,2026-09-27T17:54:39.896126,https://cl.computrabajo.com/empleos-en-r.metropolitana-en-santiago-centro,34
2ce2b64fde26f558,https://cl.computrabajo.com/ofertas-de-trabajo/oferta-de-trabajo-de-administrativoa-de-operacionesantofagasta-turno-en-antofagasta-A784E660E1CBC04261373E686DCF3405,Administrativo(a) de Operaciones/Antofagasta/ Turno,posted|wp_id=32950|https://chile.mimusjobs.com/job/administrativoa-de-operaciones-antofagasta-turno-5/,2026-09-27T17:54:45.517723,https://cl.computrabajo.com/empleos-en-r.metropolitana-en-santiago-centro,34
a15aa582df2debc1,https://cl.computrabajo.com/ofertas-de-trabajo/oferta-de-trabajo-de-jefe-a-de-centro-financiero-punta-arenas-en-punta-arenas-E40B3611C304BCC161373E686DCF3405,Jefe a de Centro Financiero Punta Arenas,posted|wp_id=32952|https://chile.mimusjobs.com/job/jefe-a-de-centro-financiero-punta-arenas/,2026-09-27T17:54:49.954815,https://cl.computrabajo.com/empleos-en-r.metropolitana-en-santiago-centro,34
61c4de7534e7d17f,https://cl.computrabajo.com/ofertas-de-trabajo/oferta-de-trabajo-de-gestor-de-compras-calama-en-calama-89CC2EFA1B65F39661373E686DCF3405,Gestor de Compras - Calama,posted|wp_id=30742|https://chile.mimusjobs.com/job/gestor-de-compras-calama/,2026-09-27T17:54:52.999054,https://cl.computrabajo.com/empleos-en-r.metropolitana-en-santiago-centro,34
853e78de4184798e,https://cl.computrabajo.com/ofertas-de-trabajo/oferta-de-trabajo-de-ingeniero-confiabilidad-automatizacion-mejillones-en-mejillones-47B166FF05E432A761373E686DCF3405,Ingeniero Confiabilidad Automatización - Mejillones,posted|wp_id=32953|https://chile.mimusjobs.com/job/ingeniero-confiabilidad-automatizacion-mejillones/,2026-09-27T17:54:59.139823,https://cl.computrabajo.com/empleos-en-r.metropolitana-en-santiago-centro,34
45ac31d97fe20335,https://cl.computrabajo.com/ofertas-de-trabajo/oferta-de-trabajo-de-guardias-con-os10-para-empresa-en-pudahuel-en-4x4-dia-en-santiago-pudahuel-35685F98B5386C2261373E686DCF3405,Guardias con OS10 para empresa en Pudahuel en 4x4 dia,posted|wp_id=30736|https://chile.mimusjobs.com/job/guardias-con-os10-para-empresa-en-pudahuel-en-4x4-dia/,2026-09-27T17:55:01.207877,https://cl.computrabajo.com/empleos-en-r.metropolitana-en-santiago-centro,34
74a2c410fd186373,https://cl.computrabajo.com/ofertas-de-trabajo/oferta-de-trabajo-de-mantenedor-de-planta-jba-quilicura-en-santiago-quilicura-05A2F623588F1B7961373E686DCF3405,Mantenedor de Planta JBA - Quilicura,posted|wp_id=30740|https://chile.mimusjobs.com/job/mantenedor-de-planta-jba-quilicura/,2026-09-27T17:55:05.335516,https://cl.computrabajo.com/empleos-en-r.metropolitana-en-santiago-centro,34
6dcc33c6ef3e30a0,https://cl.computrabajo.com/ofertas-de-trabajo/oferta-de-trabajo-de-creador-de-contenido-en-santiago-las-condes-A6EEC22A835B3CDB61373E686DCF3405,Creador de Contenido,posted|wp_id=32957|https://chile.mimusjobs.com/job/creador-de-contenido/,2026-09-27T17:55:15.201988,https://cl.computrabajo.com/empleos-en-r.metropolitana-en-santiago-centro,34
75719ce2c08da8a7,https://cl.computrabajo.com/ofertas-de-trabajo/oferta-de-trabajo-de-jefe-de-contrato-salud-ingeniero-en-alimento-santiago-en-santiago-providencia-D94F5CF5148BAD3A61373E686DCF3405,Jefe de Contrato (Salud) Ingeniero en Alimento - Santiago,posted|wp_id=32959|https://chile.mimusjobs.com/job/jefe-de-contrato-salud-ingeniero-en-alimento-santiago/,2026-09-27T17:55:20.135171,https://cl.computrabajo.com/empleos-en-r.metropolitana-en-santiago-centro,34
37a4d2ccec233af5,https://cl.computrabajo.com/ofertas-de-trabajo/oferta-de-trabajo-de-especialista-tecnico-apoyo-terreno-en-calama-BB2EC7EDA7537DF361373E686DCF3405,Especialista Técnico / Apoyo Terreno,posted|wp_id=32961|https://chile.mimusjobs.com/job/especialista-tecnico-apoyo-terreno/,2026-09-27T17:55:25.806708,https://cl.computrabajo.com/empleos-en-r.metropolitana-en-santiago-centro,34
2603f081f581d9c6,https://cl.computrabajo.com/ofertas-de-trabajo/oferta-de-trabajo-de-operadores-de trilateral-turno-noche-en-san-bernardo-A53BE5123BC84DA961373E686DCF3405,Operadores de Trilateral - Turno Noche,posted|wp_id=32963|https://chile.mimusjobs.com/job/operadores-de-trilateral-turno-noche/,2026-09-27T17:55:31.984692,https://cl.computrabajo.com/empleos-en-r.metropolitana-en-santiago-centro,34
14b1904481625caa,https://cl.computrabajo.com/ofertas-de-trabajo/oferta-de-trabajo-de-ergonomoa-el-salvador-diego-de-almagro-turno-4x3-en-diego-de-almagro-304EF1D21CE5A65B61373E686DCF3405,"Ergónomo/a /El Salvador, Diego de Almagro / Turno 4x3",posted|wp_id=32965|https://chile.mimusjobs.com/job/ergonomo-a-el-salvador-diego-de-almagro-turno-4x3/,2026-09-27T17:55:37.049980,https://cl.computrabajo.com/empleos-en-r.metropolitana-en-santiago-centro,34
ab747f3970a0149a,https://cl.computrabajo.com/ofertas-de-trabajo/oferta-de-trabajo-de-supervisora-de-emergencias-iquique-reemplazo-licencia-maternal-en-iquique-B980CAF8F40CA5C761373E686DCF3405,Supervisor(a) de Emergencias - Iquique reemplazo Licencia Maternal,posted|wp_id=32967|https://chile.mimusjobs.com/job/supervisora-de-emergencias-iquique-reemplazo-licencia-maternal/,2026-09-27T17:55:43.740873,https://cl.computrabajo.com/empleos-en-r.metropolitana-en-santiago-centro,34
5fe5383cb12ee0df,https://cl.computrabajo.com/ofertas-de-trabajo/oferta-de-trabajo-de-pizzeroa-part-time-punta-arenas-dominos-pizzas-en-punta-arenas-02968040B0F8E4DC61373E686DCF3405,Pizzero/a Part Time Punta Arenas - Domino's Pizzas,posted|wp_id=32971|https://chile.mimusjobs.com/job/pizzero-a-part-time-punta-arenas-dominos-pizzas/,2026-09-27T17:55:52.180243,https://cl.computrabajo.com/empleos-en-r.metropolitana-en-santiago-centro,34
5b2af2bd28c214ed,https://cl.computrabajo.com/ofertas-de-trabajo/oferta-de-trabajo-de-operador-monitoreo-cctv-ripley-curico-part-time-en-curico-341AE9ED24031D7F61373E686DCF3405,Operador Monitoreo CCTV Ripley Curicó Part Time,posted|wp_id=32973|https://chile.mimusjobs.com/job/operador-monitoreo-cctv-ripley-curico-part-time/,2026-09-27T17:55:58.584748,https://cl.computrabajo.com/empleos-en-r.metropolitana-en-santiago-centro,34
1ba9b81551e440fd,https://cl.computrabajo.com/ofertas-de-trabajo/oferta-de-trabajo-de-gerente-de-tienda-construmart-en-santiago-quilicura-11FBCD237E51762F61373E686DCF3405,Gerente de Tienda Construmart,posted|wp_id=30738|https://chile.mimusjobs.com/job/gerente-de-tienda-construmart/,2026-09-27T17:56:01.844216,https://cl.computrabajo.com/empleos-en-r.metropolitana-en-santiago-centro,34
81ff8a2513bf7d78,https://cl.computrabajo.com/ofertas-de-trabajo/oferta-de-trabajo-de-ggss-os10-lider-lo-blanco-ingreso-inmediato-pauta-6x1turnos-extras-con-pago-semanal-en-san-bernardo-DE9DCCDCEB0715AC61373E686DCF3405,GG.SS OS10 / Líder lo Blanco/ Ingreso Inmediato - Pauta 6x1/Turnos extras con pago semanal,posted|wp_id=32975|https://chile.mimusjobs.com/job/gg-ss-os10-lider-lo-blanco-ingreso-inmediato-pauta-6x1-turnos-extras-con-pago-semanal/,2026-09-27T17:56:06.685947,https://cl.computrabajo.com/empleos-en-r.metropolitana-en-santiago-centro,34
6335c211957d2fb2,https://cl.computrabajo.com/ofertas-de-trabajo/oferta-de-trabajo-de-conductoresas-a3-las-torres-penalolen-en-santiago-penalolen-98106601BBD5835161373E686DCF3405,Conductores/as A3 / Las Torres - Peñalolén,posted|wp_id=32976|https://chile.mimusjobs.com/job/conductores-as-a3-las-torres-penalolen/,2026-09-27T17:56:11.498838,https://cl.computrabajo.com/empleos-en-r.metropolitana-en-santiago-centro,34
e92d777851253258,https://cl.computrabajo.com/ofertas-de-trabajo/oferta-de-trabajo-de-ingenieroa-trainee-de-preparacion-de-muestras-en-colina-84BFDF37E3750B2861373E686DCF3405,Ingeniero/a Trainee de Preparación de Muestras,posted|wp_id=32978|https://chile.mimusjobs.com/job/ingeniero-a-trainee-de-preparacion-de-muestras/,2026-09-27T17:56:19.248630,https://cl.computrabajo.com/empleos-en-r.metropolitana-en-santiago-centro,34
db246cbf903a4ddb,https://cl.computrabajo.com/ofertas-de-trabajo/oferta-de-trabajo-de-compradora-teno-en-teno-86B94147A371A70261373E686DCF3405,Comprador/a - Teno,posted|wp_id=32979|https://chile.mimusjobs.com/job/comprador-a-teno/,2026-09-27T17:56:23.757661,https://cl.computrabajo.com/empleos-en-r.metropolitana-en-santiago-centro,34
a4b7325ff0a8b935,https://cl.computrabajo.com/ofertas-de-trabajo/oferta-de-trabajo-de-mercaderista-reponerdor-full-time-lunes-a-sabado-providencia-en-santiago-providencia-9BCD542E19A3419861373E686DCF3405,Mercaderista reponerdor Full Time Lunes a Sábado - Providencia,posted|wp_id=32981|https://chile.mimusjobs.com/job/mercaderista-reponerdor-full-time-lunes-a-sabado-providencia/,2026-09-27T17:56:29.910272,https://cl.computrabajo.com/empleos-en-r.metropolitana-en-santiago-centro,35
ecc6fd9fd386973b,https://cl.computrabajo.com/ofertas-de-trabajo/oferta-de-trabajo-de-practica-profesional-de-gastronomia-para-la-carcel-de-alto-hospicio-en-alto-hospicio-1EDDB8C90724B1D961373E686DCF3405,Práctica Profesional de Gastronomia - para la Carcel de Alto Hospicio,posted|wp_id=32983|https://chile.mimusjobs.com/job/practica-profesional-de-gastronomia-para-la-carcel-de-alto-hospicio/,2026-09-27T17:56:38.108572,https://cl.computrabajo.com/empleos-en-r.metropolitana-en-santiago-centro,35
7685ee683fdd3bec,https://cl.computrabajo.com/ofertas-de-trabajo/oferta-de-trabajo-de-supervisor-de-reponedores-en-terreno-iii-y-iv-region-en-la-serena-0131BC56FC51EBAA61373E686DCF3405,Supervisor de reponedores en terreno III Y IV Región,posted|wp_id=32985|https://chile.mimusjobs.com/job/supervisor-de-reponedores-en-terreno-iii-y-iv-region/,2026-09-27T17:56:46.221486,https://cl.computrabajo.com/empleos-en-r.metropolitana-en-santiago-centro,35
8f3191bb4396a28d,https://cl.computrabajo.com/ofertas-de-trabajo/oferta-de-trabajo-de-operario-de-bodega-cyber-turno-dia-rotativo-colacion-y-bus-metro-pudahuel-607000-farfana-pudahuel-en-santiago-pudahuel-F97B284B17AFB2FD61373E686DCF3405,Operario de bodega cyber turno día rotativo colación y bus metro pudahuel - 607000 Farfana Pudahuel,posted|wp_id=32987|https://chile.mimusjobs.com/job/operario-de-bodega-cyber-turno-dia-rotativo-colacion-y-bus-metro-pudahuel-607000-farfana-pudahuel/,2026-09-27T17:56:52.801675,https://cl.computrabajo.com/empleos-en-r.metropolitana-en-santiago-centro,35
b70675c490f660ad,https://cl.computrabajo.com/ofertas-de-trabajo/oferta-de-trabajo-de-experto-prevencion-de-riesgos-servicio-aseo-industrial-punta-arenas-punta-arenas-en-punta-arenas-8F9E78211AD753CD61373E686DCF3405,Experto Prevención de Riesgos (Servicio Aseo Industrial) Punta Arenas - Punta Arenas,posted|wp_id=32988|https://chile.mimusjobs.com/job/experto-prevencion-de-riesgos-servicio-aseo-industrial-punta-arenas-punta-arenas/,2026-09-27T17:56:57.580374,https://cl.computrabajo.com/empleos-en-r.metropolitana-en-santiago-centro,35
d88f203565e8f7d5,https://cl.computrabajo.com/ofertas-de-trabajo/oferta-de-trabajo-de-guardias-con-y-sin-os10-para-calbuco-en-calbuco-3FCA04023DB7F55761373E686DCF3405,Guardias con y sin OS10 para Calbuco,posted|wp_id=32989|https://chile.mimusjobs.com/job/guardias-con-y-sin-os10-para-calbuco/,2026-09-27T17:57:03.515874,https://cl.computrabajo.com/empleos-en-r.metropolitana-en-santiago-centro,35
30607f2493335aeb,https://cl.computrabajo.com/ofertas-de-trabajo/oferta-de-trabajo-de-anfitriona-la-serena-en-la-serena-11FFCCC70B7DB0C861373E686DCF3405,Anfitrión/a La Serena,posted|wp_id=32993|https://chile.mimusjobs.com/job/anfitrion-a-la-serena/,2026-09-27T17:57:10.739637,https://cl.computrabajo.com/empleos-en-r.metropolitana-en-santiago-centro,35
1970a7ade59e09b9,https://cl.computrabajo.com/ofertas-de-trabajo/oferta-de-trabajo-de-promotora-multimarca-de-vestuario-part-time-las-condes-mall-paque-arauco-part-time-en-santiago-las-condes-5673ECE72393260361373E686DCF3405,"Promotor/a Multimarca de Vestuario Part Time, Las Condes - Mall Paque Arauco, Part Time",posted|wp_id=32994|https://chile.mimusjobs.com/job/promotor-a-multimarca-de-vestuario-part-time-las-condes-mall-paque-arauco-part-time/,2026-09-27T17:57:14.215422,https://cl.computrabajo.com/empleos-en-r.metropolitana-en-santiago-centro,35
e5e35564352ae5c4,https://cl.computrabajo.com/ofertas-de-trabajo/oferta-de-trabajo-de-jefe-de-tienda-maipu-en-santiago-maipu-FDD862F6A3550ED261373E686DCF3405,Jefe de Tienda Maipú,posted|wp_id=32996|https://chile.mimusjobs.com/job/jefe-de-tienda-maipu/,2026-09-27T17:57:20.843907,https://cl.computrabajo.com/empleos-en-r.metropolitana-en-santiago-centro,35
60350f6b0c8a0cf6,https://cl.computrabajo.com/ofertas-de-trabajo/oferta-de-trabajo-de-administrativoa-de-rrhh-gestion-documental-quilicura-hibrido-en-santiago-quilicura-EAE731879E13BD5861373E686DCF3405,Administrativo/a de RRHH Gestión Documental Quilicura Híbrido,posted|wp_id=32998|https://chile.mimusjobs.com/job/administrativo-a-de-rrhh-gestion-documental-quilicura-hibrido/,2026-09-27T17:57:26.804641,https://cl.computrabajo.com/empleos-en-r.metropolitana-en-santiago-centro,35
ef2c8be0ca63926e,https://cl.computrabajo.com/ofertas-de-trabajo/oferta-de-trabajo-de-asistente-de-anden-linea-4-metro-de-santiago-20-hrs-am-en-santiago-san-miguel-31E705014F982FCD61373E686DCF3405,Asistente de Andén – Línea 4 Metro de Santiago - 20 hrs AM,posted|wp_id=33000|https://chile.mimusjobs.com/job/asistente-de-anden-linea-4-metro-de-santiago-20-hrs-am/,2026-09-27T17:57:32.304418,https://cl.computrabajo.com/empleos-en-r.metropolitana-en-santiago-centro,35
b7a48bc28a65a78d,https://cl.computrabajo.com/ofertas-de-trabajo/oferta-de-trabajo-de-vendedor-a-electro-belleza-y-cuidado-personal-chillan-en-chillan-689E8B52A854470261373E686DCF3405,Vendedor (a) Electro Belleza y Cuidado Personal / Chillán,posted|wp_id=33002|https://chile.mimusjobs.com/job/vendedor-a-electro-belleza-y-cuidado-personal-chillan/,2026-09-27T17:57:37.096346,https://cl.computrabajo.com/empleos-en-r.metropolitana-en-santiago-centro,35
b76317c6c6937281,https://cl.computrabajo.com/ofertas-de-trabajo/oferta-de-trabajo-de-buscamos-operarios-de-bodega-turno-pm-pudahuel-en-santiago-pudahuel-6224B754AD6B11D861373E686DCF3405,¡Buscamos operarios de bodega Turno PM Pudahuel!,posted|wp_id=33004|https://chile.mimusjobs.com/job/buscamos-operarios-de-bodega-turno-pm-pudahuel/,2026-09-27T17:57:43.815208,https://cl.computrabajo.com/empleos-en-r.metropolitana-en-santiago-centro,35
a4004aaf5ea63f1a,https://cl.computrabajo.com/ofertas-de-trabajo/oferta-de-trabajo-de-supervisor-a-de-aseo-part-time-en-santiago-centro-BC5F4299D81D270161373E686DCF3405,supervisor (a) de aseo Part Time,posted|wp_id=33005|https://chile.mimusjobs.com/job/supervisor-a-de-aseo-part-time/,2026-09-27T17:57:47.665288,https://cl.computrabajo.com/empleos-en-r.metropolitana-en-santiago-centro,35
dd80efa3e791ecc5,https://cl.computrabajo.com/ofertas-de-trabajo/oferta-de-trabajo-de-asistente-de-recursos-humanos-las-condes-en-santiago-las-condes-9D7AD35BBC7AFE1B61373E686DCF3405,Asistente de Recursos Humanos - Las Condes,posted|wp_id=12147|https://chile.mimusjobs.com/job/asistente-de-recursos-humanos-las-condes/,2026-09-27T17:57:50.633062,https://cl.computrabajo.com/empleos-en-r.metropolitana-en-santiago-centro,35
83d8dea9379efc53,https://cl.computrabajo.com/ofertas-de-trabajo/oferta-de-trabajo-de-asesor-de-sociosas-colina-lampa-y-til-til-en-colina-611107597A6C864461373E686DCF3405,"Asesor de Socios/as - Colina, Lampa y Til til",posted|wp_id=33007|https://chile.mimusjobs.com/job/asesor-de-socios-as-colina-lampa-y-til-til/,2026-09-27T17:57:59.091366,https://cl.computrabajo.com/empleos-en-r.metropolitana-en-santiago-centro,35
3896923f67d1ee52,https://cl.computrabajo.com/ofertas-de-trabajo/oferta-de-trabajo-de-operario-maquilado-curico-curico-en-curico-F7335C3ABAF0512361373E686DCF3405,Operario Maquilado Curicó - Curicó,posted|wp_id=33009|https://chile.mimusjobs.com/job/operario-maquilado-curico-curico/,2026-09-27T17:58:04.028424,https://cl.computrabajo.com/empleos-en-r.metropolitana-en-santiago-centro,35
474328d2a6f3c81e,https://cl.computrabajo.com/ofertas-de-trabajo/oferta-de-trabajo-de-vendedora-en-terreno-para-renca-sin-experiencia-altas-comisiones-en-santiago-renca-B53BD13F5A35C0E861373E686DCF3405,Vendedor/a en terreno para Renca ¡Sin experiencia + Altas Comisiones!,posted|wp_id=13176|https://chile.mimusjobs.com/job/vendedor-a-en-terreno-para-renca-sin-experiencia-altas-comisiones/,2026-09-27T17:58:07.746236,https://cl.computrabajo.com/empleos-en-r.metropolitana-en-santiago-centro,35
cfcf6ac540a0a7ad,https://cl.computrabajo.com/ofertas-de-trabajo/oferta-de-trabajo-de-vidriero-jornada-part-time-metro-manquehue-en-santiago-centro-CDFB9593C4734B1261373E686DCF3405,Vidriero/ Jornada Part Time/ Metro Manquehue,posted|wp_id=31907|https://chile.mimusjobs.com/job/vidriero-jornada-part-time-metro-manquehue/,2026-09-27T17:58:11.465761,https://cl.computrabajo.com/empleos-en-r.metropolitana-en-santiago-centro,35
bd448c10fbef7b29,https://cl.computrabajo.com/ofertas-de-trabajo/oferta-de-trabajo-de-asistente-de-capacitacion-los-angeles-full-time-cupo-fijo-en-los-angeles-839983CD57C20A7861373E686DCF3405,Asistente de Capacitación / Los Ángeles - Full Time / Cupo Fijo,posted|wp_id=33010|https://chile.mimusjobs.com/job/asistente-de-capacitacion-los-angeles-full-time-cupo-fijo-4/,2026-09-27T17:58:19.250058,https://cl.computrabajo.com/empleos-en-r.metropolitana-en-santiago-centro,36
a09accd3144063b9,https://cl.computrabajo.com/ofertas-de-trabajo/oferta-de-trabajo-de-asesor-multifuncional-pt-18-llay-llay-en-llaillay-2094CC27CD41126261373E686DCF3405,Asesor Multifuncional - PT 18 Llay Llay,posted|wp_id=33012|https://chile.mimusjobs.com/job/asesor-multifuncional-pt-18-llay-llay/,2026-09-27T17:58:26.604839,https://cl.computrabajo.com/empleos-en-r.metropolitana-en-santiago-centro,36
fd042c2c153cc024,https://cl.computrabajo.com/ofertas-de-trabajo/oferta-de-trabajo-de-soporte-tecnico-conductor-talca-750000-liquidos-en-talca-B606CB975EC4E56B61373E686DCF3405,Soporte Técnico Conductor Talca ($750.000 líquidos),posted|wp_id=33013|https://chile.mimusjobs.com/job/soporte-tecnico-conductor-talca-750-000-liquidos/,2026-09-27T17:58:32.441975,https://cl.computrabajo.com/empleos-en-r.metropolitana-en-santiago-centro,36
0afabcf04eaa4548,https://cl.computrabajo.com/ofertas-de-trabajo/oferta-de-trabajo-de-personal-de-cocina-reclutamiento-masivo-villa-alemana-en-villa-alemana-1B1E303C0A7E52E761373E686DCF3405,Personal de Cocina/ Reclutamiento masivo - Villa Alemana,posted|wp_id=33015|https://chile.mimusjobs.com/job/personal-de-cocina-reclutamiento-masivo-villa-alemana/,2026-09-27T17:58:42.396813,https://cl.computrabajo.com/empleos-en-r.metropolitana-en-santiago-centro,36
a4e79f11db7c19ab,https://cl.computrabajo.com/ofertas-de-trabajo/oferta-de-trabajo-de-asistente-comercial-en-santiago-huechuraba-46135FFD2E194BE161373E686DCF3405,Asistente comercial,posted|wp_id=528|https://chile.mimusjobs.com/job/asistente-comercial/,2026-09-27T17:58:45.846083,https://cl.computrabajo.com/empleos-en-r.metropolitana-en-santiago-centro,36
1ac4d92e3e17001c,https://cl.computrabajo.com/ofertas-de-trabajo/oferta-de-trabajo-de-coordinador-de-servicios-minera-en-antofagasta-87988A383C6CFE3F61373E686DCF3405,Coordinador de Servicios - Minera,posted|wp_id=33017|https://chile.mimusjobs.com/job/coordinador-de-servicios-minera/,2026-09-27T17:58:54.774406,https://cl.computrabajo.com/empleos-en-r.metropolitana-en-santiago-centro,36
d67d843f20d279f1,https://cl.computrabajo.com/ofertas-de-trabajo/oferta-de-trabajo-de-operador-logistico-maipu-en-santiago-maipu-C450A52A7B8B8BA761373E686DCF3405,Operador Logístico - Maipú,posted|wp_id=33018|https://chile.mimusjobs.com/job/operador-logistico-maipu/,2026-09-27T17:59:00.875606,https://cl.computrabajo.com/empleos-en-r.metropolitana-en-santiago-centro,36
dd1e6cf1cb744c83,https://cl.computrabajo.com/ofertas-de-trabajo/oferta-de-trabajo-de-asistente-administrativa-area-comercial-en-santiago-pudahuel-A66A168D93A2F3F361373E686DCF3405,Asistente Administrativa - Área Comercial,posted|wp_id=33020|https://chile.mimusjobs.com/job/asistente-administrativa-area-comercial/,2026-09-27T17:59:07.123303,https://cl.computrabajo.com/empleos-en-r.metropolitana-en-santiago-centro,36
4b1217b227b6d157,https://cl.computrabajo.com/ofertas-de-trabajo/oferta-de-trabajo-de-operario-de-planta-santa-margarita-por-temporada-613000-liquidosdisponibilidad-inmediata-en-santiago-centro-F80D29475A8EFA8861373E686DCF3405,Operario de Planta Santa Margarita/ Por Temporada - $613.000 líquidos/Disponibilidad inmediata,posted|wp_id=33022|https://chile.mimusjobs.com/job/operario-de-planta-santa-margarita-por-temporada-613-000-liquidos-disponibilidad-inmediata-2/,2026-09-27T17:59:13.487287,https://cl.computrabajo.com/empleos-en-r.metropolitana-en-santiago-centro,36
4f344af9a1e3d4c8,https://cl.computrabajo.com/ofertas-de-trabajo/oferta-de-trabajo-de-reponedora-mercaderista-full-time-42-hrs--rancagua-lunes-a-sabado-turno-am-en-rancagua-90F6DC8A65A0DF7761373E686DCF3405,Reponedor/a Mercaderista/ Full Time 42 hrs / Rancagua - Lunes a Sábado Turno Am,posted|wp_id=33024|https://chile.mimusjobs.com/job/reponedor-a-mercaderista-full-time-42-hrs-rancagua-lunes-a-sabado-turno-am/,2026-09-27T17:59:21.584985,https://cl.computrabajo.com/empleos-en-r.metropolitana-en-santiago-centro,36
3b4f226c36c79677,https://cl.computrabajo.com/ofertas-de-trabajo/oferta-de-trabajo-de-tens-cuidadora-de-llamadotodo-chile-en-santiago-nunoa-E3D630383C75391861373E686DCF3405,TENS Cuidador/a de llamado/Todo Chile,posted|wp_id=33026|https://chile.mimusjobs.com/job/tens-cuidador-a-de-llamado-todo-chile/,2026-09-27T17:59:27.071653,https://cl.computrabajo.com/empleos-en-r.metropolitana-en-santiago-centro,36
03c109139ce0666e,https://cl.computrabajo.com/ofertas-de-trabajo/oferta-de-trabajo-de-operario-de-bodega-adidas-turno-noche-en-santiago-pudahuel-0A93FE5385243B9961373E686DCF3405,Operario de Bodega Adidas Turno Noche,posted|wp_id=33028|https://chile.mimusjobs.com/job/operario-de-bodega-adidas-turno-noche/,2026-09-27T17:59:33.762401,https://cl.computrabajo.com/empleos-en-r.metropolitana-en-santiago-centro,36
1a68252a7e5abe7b,https://cl.computrabajo.com/ofertas-de-trabajo/oferta-de-trabajo-de-supervisora-de-equipos-de-atencion-ciudadana-full-time-en-santiago-providencia-B625BCB88BA6AC6161373E686DCF3405,Supervisor(a) de Equipos de Atención Ciudadana Full Time,posted|wp_id=33029|https://chile.mimusjobs.com/job/supervisora-de-equipos-de-atencion-ciudadana-full-time/,2026-09-27T17:59:37.948991,https://cl.computrabajo.com/empleos-en-r.metropolitana-en-santiago-centro,36
a36162a408d79130,https://cl.computrabajo.com/ofertas-de-trabajo/oferta-de-trabajo-de-oferta-laboral-tarragona-marca-nueva-teams-operacionales-santa-cruz-en-santa-cruz-E619FDE3B84E6EBE61373E686DCF3405,Oferta Laboral Tarragona Marca Nueva Teams Operacionales Santa Cruz,posted|wp_id=33031|https://chile.mimusjobs.com/job/oferta-laboral-tarragona-marca-nueva-teams-operacionales-santa-cruz/,2026-09-27T17:59:45.573477,https://cl.computrabajo.com/empleos-en-r.metropolitana-en-santiago-centro,36
0e62605896e72058,https://cl.computrabajo.com/ofertas-de-trabajo/oferta-de-trabajo-de-inspector-tecnico-electricidad-linea-23-kv-en-san-bernardo-FF572C0F1C4D147A61373E686DCF3405,Inspector Técnico Electricidad – Línea 23 kV,posted|wp_id=33032|https://chile.mimusjobs.com/job/inspector-tecnico-electricidad-linea-23-kv-2/,2026-09-27T17:59:50.339832,https://cl.computrabajo.com/empleos-en-r.metropolitana-en-santiago-centro,36
289b122c78548827,https://cl.computrabajo.com/ofertas-de-trabajo/oferta-de-trabajo-de-consultor-clinico-concepcion-insumos-medicos-en-concepcion-5EF2EA9BD07CC13D61373E686DCF3405,Consultor Clínico (Concepción) - Insumos Médicos,posted|wp_id=33034|https://chile.mimusjobs.com/job/consultor-clinico-concepcion-insumos-medicos-4/,2026-09-27T17:59:54.908509,https://cl.computrabajo.com/empleos-en-r.metropolitana-en-santiago-centro,36
6041785048d7a237,https://cl.computrabajo.com/ofertas-de-trabajo/oferta-de-trabajo-de-apoyo-multifuncional-retail-full-time-la-calera-en-calera-687DE0CD96ED4D6B61373E686DCF3405,Apoyo Multifuncional Retail Full Time - La Calera,posted|wp_id=33035|https://chile.mimusjobs.com/job/apoyo-multifuncional-retail-full-time-la-calera/,2026-09-27T18:00:00.112088,https://cl.computrabajo.com/empleos-en-r.metropolitana-en-santiago-centro,36
efdda9f1a9645ad6,https://cl.computrabajo.com/ofertas-de-trabajo/oferta-de-trabajo-de-chofer-polifuncional-santiago-centro-en-santiago-centro-52547FA0416B940161373E686DCF3405,Chofer Polifuncional - Santiago Centro,posted|wp_id=33037|https://chile.mimusjobs.com/job/chofer-polifuncional-santiago-centro/,2026-09-27T18:00:08.286250,https://cl.computrabajo.com/empleos-en-r.metropolitana-en-santiago-centro,36
b04d916d4f4c9da7,https://cl.computrabajo.com/ofertas-de-trabajo/oferta-de-trabajo-de-supervisor-de-eficiencia-energetica-puerto-montt-visitas-en-puerto-montt-55138EA20572D2D461373E686DCF3405,"Supervisor de Eficiencia Energética, Puerto Montt, Visitas",posted|wp_id=33039|https://chile.mimusjobs.com/job/supervisor-de-eficiencia-energetica-puerto-montt-visitas/,2026-09-27T18:00:14.723482,https://cl.computrabajo.com/empleos-en-r.metropolitana-en-santiago-centro,36
4606449ed1717ccb,https://cl.computrabajo.com/ofertas-de-trabajo/oferta-de-trabajo-de-puerto-montt-ventas-fibra-optica-y-comisiones-sin-tope-ventas-terreno-en-puerto-montt-E386D59007BD413D61373E686DCF3405,Puerto Montt Ventas Fibra Óptica y Comisiones Sin Tope - Ventas Terreno,posted|wp_id=33041|https://chile.mimusjobs.com/job/puerto-montt-ventas-fibra-optica-y-comisiones-sin-tope-ventas-terreno/,2026-09-27T18:00:21.786921,https://cl.computrabajo.com/empleos-en-r.metropolitana-en-santiago-centro,36
93961e49976e0436,https://cl.computrabajo.com/ofertas-de-trabajo/oferta-de-trabajo-de-guardias-con-os10-para-empresa-en-pudahuel-en-4x4-dia-en-santiago-estacion-central-976C20A4A78043AD61373E686DCF3405,Guardias con OS10 para empresa en Pudahuel en 4x4 dia,posted|wp_id=30736|https://chile.mimusjobs.com/job/guardias-con-os10-para-empresa-en-pudahuel-en-4x4-dia/,2026-09-27T18:00:24.453043,https://cl.computrabajo.com/empleos-en-r.metropolitana-en-santiago-centro,37
0d98eff1a2c19797,https://cl.computrabajo.com/ofertas-de-trabajo/oferta-de-trabajo-de-guardias-con-y-sin-os10-en-turnos-de-4x4-dia-en-puente-alto-6546412509B3F08D61373E686DCF3405,Guardias con y sin OS10 en turnos de 4x4 dia,posted|wp_id=30747|https://chile.mimusjobs.com/job/guardias-con-y-sin-os10-en-turnos-de-4x4-dia/,2026-09-27T18:00:29.216097,https://cl.computrabajo.com/empleos-en-r.metropolitana-en-santiago-centro,37
863c9837e96416db,https://cl.computrabajo.com/ofertas-de-trabajo/oferta-de-trabajo-de-guardias-con-os10-para-automotoras-de-lujo-en-la-dehesa-en-santiago-lo-barnechea-79C81653343E760061373E686DCF3405,Guardias con OS10 para Automotoras de Lujo en La Dehesa,posted|wp_id=33042|https://chile.mimusjobs.com/job/guardias-con-os10-para-automotoras-de-lujo-en-la-dehesa/,2026-09-27T18:00:33.875639,https://cl.computrabajo.com/empleos-en-r.metropolitana-en-santiago-centro,37
f40b473bf1052419,https://cl.computrabajo.com/ofertas-de-trabajo/oferta-de-trabajo-de-guardias-con-os10-para-casino-monticello-en-4x4-en-rancagua-5145A8F473C8CC3C61373E686DCF3405,Guardias con OS10 para Casino Monticello en 4x4,posted|wp_id=16290|https://chile.mimusjobs.com/job/guardias-con-os10-para-casino-monticello-en-4x4/,2026-09-27T18:00:37.526427,https://cl.computrabajo.com/empleos-en-r.metropolitana-en-santiago-centro,37
47ffe26631f357ab,https://cl.computrabajo.com/ofertas-de-trabajo/oferta-de-trabajo-de-administrador-de-control-patrimonial-en-santiago-las-condes-ACA11C71FA8FBC8561373E686DCF3405,Administrador de control Patrimonial,posted|wp_id=33043|https://chile.mimusjobs.com/job/administrador-de-control-patrimonial/,2026-09-27T18:00:41.660660,https://cl.computrabajo.com/empleos-en-r.metropolitana-en-santiago-centro,37
af1e295463cefcc5,https://cl.computrabajo.com/ofertas-de-trabajo/oferta-de-trabajo-de-guardias-con-curso-para-jumbo-y-santa-isabel-con-os10-en-santiago-maipu-CEE834A245BE78ED61373E686DCF3405,Guardias con Curso para Jumbo y Santa Isabel con OS10,posted|wp_id=33044|https://chile.mimusjobs.com/job/guardias-con-curso-para-jumbo-y-santa-isabel-con-os10/,2026-09-27T18:00:44.795977,https://cl.computrabajo.com/empleos-en-r.metropolitana-en-santiago-centro,37
b38ab9f9d1bd5ae3,https://cl.computrabajo.com/ofertas-de-trabajo/oferta-de-trabajo-de-operariosas-de-bodega-full-time-707000-liq-turno-madrugada-colacion-movilizacion-en-santiago-quilicura-838776EFFCE9E23261373E686DCF3405,Operarios(as) de Bodega Full Time / $707.000 Líq/ Turno madrugada/ Colación + Movilización,posted|wp_id=33046|https://chile.mimusjobs.com/job/operariosas-de-bodega-full-time-707-000-liq-turno-madrugada-colacion-movilizacion-22/,2026-09-27T18:00:50.488823,https://cl.computrabajo.com/empleos-en-r.metropolitana-en-santiago-centro,37
957a4ba900a7002a,https://cl.computrabajo.com/ofertas-de-trabajo/oferta-de-trabajo-de-supervisores-de-seguridad-privada-para-santiago-en-santiago-las-condes-53CAE25A1131F6B461373E686DCF3405,Supervisores de seguridad privada para Santiago,posted|wp_id=33047|https://chile.mimusjobs.com/job/supervisores-de-seguridad-privada-para-santiago/,2026-09-27T18:00:53.921491,https://cl.computrabajo.com/empleos-en-r.metropolitana-en-santiago-centro,37
f6d88edabd287a37,https://cl.computrabajo.com/ofertas-de-trabajo/oferta-de-trabajo-de-guardias-con-os10-en-7x7-para-maria-elena-en-maria-elena-2F34A9A3E924F30E61373E686DCF3405,Guardias con Os10 en 7x7 para Maria Elena,posted|wp_id=33048|https://chile.mimusjobs.com/job/guardias-con-os10-en-7x7-para-maria-elena/,2026-09-27T18:01:00.670705,https://cl.computrabajo.com/empleos-en-r.metropolitana-en-santiago-centro,37
380c37c316c498ea,https://cl.computrabajo.com/ofertas-de-trabajo/oferta-de-trabajo-de-administrador-de-contrato-para-importante-mall-en-5-region-en-vina-del-mar-CCA99115961DC42361373E686DCF3405,Administrador de contrato para importante Mall en 5° región,posted|wp_id=33049|https://chile.mimusjobs.com/job/administrador-de-contrato-para-importante-mall-en-5-region/,2026-09-27T18:01:06.048012,https://cl.computrabajo.com/empleos-en-r.metropolitana-en-santiago-centro,37
a9a46bb2a1aef5d5,https://cl.computrabajo.com/ofertas-de-trabajo/oferta-de-trabajo-de-operariosas-de-bodega-full-time-707000-liq-turno-manana-colacion-movilizacion-en-santiago-quilicura-0FEF7F34DCB3F9BB61373E686DCF3405,Operarios(as) de Bodega Full Time / $707.000 Líq/ Turno mañana/ Colación + Movilización,posted|wp_id=33051|https://chile.mimusjobs.com/job/operariosas-de-bodega-full-time-707-000-liq-turno-manana-colacion-movilizacion-9/,2026-09-27T18:01:11.190348,https://cl.computrabajo.com/empleos-en-r.metropolitana-en-santiago-centro,37
692479305777541b,https://cl.computrabajo.com/ofertas-de-trabajo/oferta-de-trabajo-de-guardias-con-os10-en-4x4-para-parque-arauco-las-condes-en-santiago-las-condes-FDC4FA0C8D3BC82F61373E686DCF3405,Guardias con OS10 en 4x4 para Parque Arauco Las Condes,posted|wp_id=30750|https://chile.mimusjobs.com/job/guardias-con-os10-en-4x4-para-parque-arauco-las-condes/,2026-09-27T18:01:13.296671,https://cl.computrabajo.com/empleos-en-r.metropolitana-en-santiago-centro,37
e71dd7e2f14bbc8e,https://cl.computrabajo.com/ofertas-de-trabajo/oferta-de-trabajo-de-jefe-zonal-de-seguridad-privada-para-la-2-region-en-antofagasta-902D92581DBA004961373E686DCF3405,Jefe Zonal de Seguridad Privada para la 2° región,posted|wp_id=33052|https://chile.mimusjobs.com/job/jefe-zonal-de-seguridad-privada-para-la-2-region/,2026-09-27T18:01:17.244109,https://cl.computrabajo.com/empleos-en-r.metropolitana-en-santiago-centro,37
469379f24f62b961,https://cl.computrabajo.com/ofertas-de-trabajo/oferta-de-trabajo-de-guardias-en-7x7-con-os10-para-empresa-en-la-negra-antofagasta-en-antofagasta-BFD93F74B2587F1B61373E686DCF3405,Guardias en 7x7 con OS10 para empresa en La Negra Antofagasta,posted|wp_id=33053|https://chile.mimusjobs.com/job/guardias-en-7x7-con-os10-para-empresa-en-la-negra-antofagasta/,2026-09-27T18:01:21.172635,https://cl.computrabajo.com/empleos-en-r.metropolitana-en-santiago-centro,37
4c1855e09a4c3263,https://cl.computrabajo.com/ofertas-de-trabajo/oferta-de-trabajo-de-operadores-de-cctv-para-central-de-monitoreo-y-alarmas-en-4x4-en-santiago-las-condes-E8FF9104FED6F00561373E686DCF3405,Operadores de CCTV para central de monitoreo y Alarmas en 4x4,posted|wp_id=33054|https://chile.mimusjobs.com/job/operadores-de-cctv-para-central-de-monitoreo-y-alarmas-en-4x4/,2026-09-27T18:01:25.176218,https://cl.computrabajo.com/empleos-en-r.metropolitana-en-santiago-centro,37
2017e337efd19e58,https://cl.computrabajo.com/ofertas-de-trabajo/oferta-de-trabajo-de-jefe-zonal-de-seguridad-privada-para-la-8-region-en-concepcion-B0DCEC44544846C961373E686DCF3405,Jefe Zonal de Seguridad Privada para la 8° región,posted|wp_id=33055|https://chile.mimusjobs.com/job/jefe-zonal-de-seguridad-privada-para-la-8-region/,2026-09-27T18:01:29.289708,https://cl.computrabajo.com/empleos-en-r.metropolitana-en-santiago-centro,37
6572dec4d1547173,https://cl.computrabajo.com/ofertas-de-trabajo/oferta-de-trabajo-de-jefe-zonal-de-seguridad-privada-para-la-7-region-en-talca-FFEBA1DA0ACE133D61373E686DCF3405,Jefe Zonal de Seguridad Privada para la 7° región,posted|wp_id=33056|https://chile.mimusjobs.com/job/jefe-zonal-de-seguridad-privada-para-la-7-region/,2026-09-27T18:01:33.458579,https://cl.computrabajo.com/empleos-en-r.metropolitana-en-santiago-centro,38
e11f418fa5426e66,https://cl.computrabajo.com/ofertas-de-trabajo/oferta-de-trabajo-de-jefe-zonal-de-seguridad-privada-para-la-10-region-en-puerto-montt-AB20C35E309A8D2B61373E686DCF3405,Jefe Zonal de Seguridad Privada para la 10° región,posted|wp_id=33057|https://chile.mimusjobs.com/job/jefe-zonal-de-seguridad-privada-para-la-10-region/,2026-09-27T18:01:38.680561,https://cl.computrabajo.com/empleos-en-r.metropolitana-en-santiago-centro,38
33e9cf3ff28665ab,https://cl.computrabajo.com/ofertas-de-trabajo/oferta-de-trabajo-de-guardias-motoristas-con-os10-para-mall-en-las-condes-turnos-de-4x4-fijo-dia-en-santiago-la-florida-5CE60CFE8DC3A3CB61373E686DCF3405,Guardias Motoristas con OS10 para Mall en Las Condes - Turnos de 4x4 Fijo Dia.,posted|wp_id=33058|https://chile.mimusjobs.com/job/guardias-motoristas-con-os10-para-mall-en-las-condes-turnos-de-4x4-fijo-dia/,2026-09-27T18:01:41.889079,https://cl.computrabajo.com/empleos-en-r.metropolitana-en-santiago-centro,38
cf0e4a92316d18aa,https://cl.computrabajo.com/ofertas-de-trabajo/oferta-de-trabajo-de-guardias-en-4x4-con-os10-para-pelequen-en-malloa-FC34AA4544F0597161373E686DCF3405,Guardias en 4x4 con OS10 para Pelequen,posted|wp_id=30751|https://chile.mimusjobs.com/job/guardias-en-4x4-con-os10-para-pelequen/,2026-09-27T18:01:44.573490,https://cl.computrabajo.com/empleos-en-r.metropolitana-en-santiago-centro,38
3237eadc15ccad57,https://cl.computrabajo.com/ofertas-de-trabajo/oferta-de-trabajo-de-asistentes-de-evasion-para-linea-de-buses-en-santiago-penalolen-5DCF42F8A25C617461373E686DCF3405,Asistentes de Evasión para linea de Buses,posted|wp_id=33059|https://chile.mimusjobs.com/job/asistentes-de-evasion-para-linea-de-buses/,2026-09-27T18:01:48.272220,https://cl.computrabajo.com/empleos-en-r.metropolitana-en-santiago-centro,38
03bc7bdb27cc0351,https://cl.computrabajo.com/ofertas-de-trabajo/oferta-de-trabajo-de-supervisor-con-curso-en-4x4-para-pelequen-6-region-en-malloa-F098AC3FF418419461373E686DCF3405,Supervisor con curso en 4x4 para Pelequen 6° region,posted|wp_id=33060|https://chile.mimusjobs.com/job/supervisor-con-curso-en-4x4-para-pelequen-6-region/,2026-09-27T18:01:57.003869,https://cl.computrabajo.com/empleos-en-r.metropolitana-en-santiago-centro,38
7604af2cb4c1475e,https://cl.computrabajo.com/ofertas-de-trabajo/oferta-de-trabajo-de-guardias-en-4x4-rotativo-con-os10-para-termoelectrica-en-cabrero-en-cabrero-347B577CD668328C61373E686DCF3405,Guardias en 4x4 Rotativo con OS10 para Termoeléctrica en Cabrero,posted|wp_id=33061|https://chile.mimusjobs.com/job/guardias-en-4x4-rotativo-con-os10-para-termoelectrica-en-cabrero/,2026-09-27T18:02:01.420071,https://cl.computrabajo.com/empleos-en-r.metropolitana-en-santiago-centro,38
61e678521e7d1cd2,https://cl.computrabajo.com/ofertas-de-trabajo/oferta-de-trabajo-de-guardias-en-4x4-rotativos-para-termoelectrica-en-renca-con-os10-al-dia-en-santiago-renca-A3B699374E5F732261373E686DCF3405,Guardias en 4x4 Rotativos para Termoeléctrica en Renca con OS10 al dia,posted|wp_id=33062|https://chile.mimusjobs.com/job/guardias-en-4x4-rotativos-para-termoelectrica-en-renca-con-os10-al-dia-8/,2026-09-27T18:02:04.678492,https://cl.computrabajo.com/empleos-en-r.metropolitana-en-santiago-centro,38
af000921fd8c26a9,https://cl.computrabajo.com/ofertas-de-trabajo/oferta-de-trabajo-de-guardias-con-os10-para-llayllay-importante-termoelectrica-en-llaillay-9B3EFDB5DA49982861373E686DCF3405,Guardias con Os10 para Llayllay Importante termoeléctrica,posted|wp_id=33063|https://chile.mimusjobs.com/job/guardias-con-os10-para-llayllay-importante-termoelectrica/,2026-09-27T18:02:09.313524,https://cl.computrabajo.com/empleos-en-r.metropolitana-en-santiago-centro,38
82b1f8c76c264f8c,https://cl.computrabajo.com/ofertas-de-trabajo/oferta-de-trabajo-de-enfermeroamatrona-maternidad-y-pabellon-obstetrico-reemplazo-de-verano-clinica-san-carlos-en-santiago-las-condes-21AF39449C8525EA61373E686DCF3405,"Enfermero(a)/Matrón(a) Maternidad y Pabellon Obstétrico, Reemplazo de Verano, Clínica San Carlos",posted|wp_id=33065|https://chile.mimusjobs.com/job/enfermeroa-matrona-maternidad-y-pabellon-obstetrico-reemplazo-de-verano-clinica-san-carlos-5/,2026-09-27T18:02:15.764968,https://cl.computrabajo.com/empleos-en-r.metropolitana-en-santiago-centro,38
50d0b72285da684f,https://cl.computrabajo.com/ofertas-de-trabajo/oferta-de-trabajo-de-gestor-de-ventas-en-ruta-rancagua-marca-herramientas-electricas-canal-ferretero-ley-de-inclusion-n21015-en-rancagua-14F71FBC2BEE9A3561373E686DCF3405,Gestor de Ventas en Ruta / Rancagua / Marca Herramientas Eléctricas / Canal Ferretero - Ley de Inclusión N°21.015,posted|wp_id=33067|https://chile.mimusjobs.com/job/gestor-de-ventas-en-ruta-rancagua-marca-herramientas-electricas-canal-ferretero-ley-de-inclusion-n21-015-5/,2026-09-27T18:02:22.418897,https://cl.computrabajo.com/empleos-en-r.metropolitana-en-santiago-centro,38
a175217439ed16b0,https://cl.computrabajo.com/ofertas-de-trabajo/oferta-de-trabajo-de-operario-de-bodega-retail-584000-liq-buses-de-acercamientos-turnos-5x2-cerrillos-en-santiago-cerrillos-62BAB0A87ECBF0B561373E686DCF3405,"Operario de bodega retail, 584000 liq, buses de acercamientos - turnos 5x2, Cerrillos",posted|wp_id=33069|https://chile.mimusjobs.com/job/operario-de-bodega-retail-584000-liq-buses-de-acercamientos-turnos-5x2-cerrillos-6/,2026-09-27T18:02:29.684112,https://cl.computrabajo.com/empleos-en-r.metropolitana-en-santiago-centro,38
b92bd069b2f2bace,https://cl.computrabajo.com/ofertas-de-trabajo/oferta-de-trabajo-de-auxiliar-de-aseo-industrial-6x1-de-dia-575000-liquidos-colacion-comuna-maipu-en-santiago-maipu-9DB04C12A73D7B1061373E686DCF3405,"Auxiliar de Aseo Industrial 6x1 de día $575.000 líquidos + colación, comuna Maipú",posted|wp_id=33071|https://chile.mimusjobs.com/job/auxiliar-de-aseo-industrial-6x1-de-dia-575-000-liquidos-colacion-comuna-maipu-5/,2026-09-27T18:02:35.736291,https://cl.computrabajo.com/empleos-en-r.metropolitana-en-santiago-centro,38
96f956be4f745d55,https://cl.computrabajo.com/ofertas-de-trabajo/oferta-de-trabajo-de-supply-chain-analyst-residir-en-iquique-semi-senior-1400000-en-iquique-2DBD4CDB857F58B161373E686DCF3405,Supply Chain Analyst / Residir en Iquique /Semi Senior - $1.400.000,posted|wp_id=10057|https://chile.mimusjobs.com/job/supply-chain-analyst-residir-en-iquique-semi-senior-1-400-000/,2026-09-27T18:02:38.861352,https://cl.computrabajo.com/empleos-en-r.metropolitana-en-santiago-centro,38
70b6060c719ce30e,https://cl.computrabajo.com/ofertas-de-trabajo/oferta-de-trabajo-de-carrero-supermercado-en-la-serena-turnos-rotativos-am-y-pm-en-la-serena-B73BFEB140F1E60561373E686DCF3405,Carrero Supermercado en La Serena - Turnos Rotativos AM Y PM,posted|wp_id=10066|https://chile.mimusjobs.com/job/carrero-supermercado-en-la-serena-turnos-rotativos-am-y-pm/,2026-09-27T18:02:41.788566,https://cl.computrabajo.com/empleos-en-r.metropolitana-en-santiago-centro,38
7a4a7e12d0abeaab,https://cl.computrabajo.com/ofertas-de-trabajo/oferta-de-trabajo-de-carrero-fines-de-semana-para-supermercado-en-calama-fines-de-semana-en-calama-9AAB773880EF111861373E686DCF3405,Carrero Fines de Semana para Supermercado en Calama - Fines de semana,posted|wp_id=10068|https://chile.mimusjobs.com/job/carrero-fines-de-semana-para-supermercado-en-calama-fines-de-semana/,2026-09-27T18:02:44.750963,https://cl.computrabajo.com/empleos-en-r.metropolitana-en-santiago-centro,38
c2435901d0b4692d,https://cl.computrabajo.com/ofertas-de-trabajo/oferta-de-trabajo-de-operador-cd-para-talcahuano-part-time-lunes-a-viernes-en-talcahuano-5BE3A93FCDE0DE0D61373E686DCF3405,Operador CD para Talcahuano Part Time - Lunes a Viernes,posted|wp_id=10070|https://chile.mimusjobs.com/job/operador-cd-para-talcahuano-part-time-lunes-a-viernes/,2026-09-27T18:02:47.791476,https://cl.computrabajo.com/empleos-en-r.metropolitana-en-santiago-centro,38
61b0b1feec8930dd,https://cl.computrabajo.com/ofertas-de-trabajo/oferta-de-trabajo-de-ingeniero-en-prevencion-de-riesgos-experiencia-en-mineria-y-trabajos-de-altura-geografica-residir-en-san-felipe-o-zonas-cercanas-en-san-felipe-C95FE9E23AADC0F861373E686DCF3405,Ingeniero en Prevención de Riesgos /Experiencia en Minería y trabajos de Altura Geográfica - Residir en San felipe o zonas cercanas,posted|wp_id=33072|https://chile.mimusjobs.com/job/ingeniero-en-prevencion-de-riesgos-experiencia-en-mineria-y-trabajos-de-altura-geografica-residir-en-san-felipe-o-zonas-cercanas-5/,2026-09-27T18:02:52.860370,https://cl.computrabajo.com/empleos-en-r.metropolitana-en-santiago-centro,38
a81e84f4cd8478e5,https://cl.computrabajo.com/ofertas-de-trabajo/oferta-de-trabajo-de-auxiliar-de-aseo-6x1-de-dia-525000-liquidos-colacion-comuna-maipu-en-santiago-maipu-9CED9B41B1CCDDD761373E686DCF3405,"Auxiliar de Aseo 6x1 de día $525.000 líquidos + colación, comuna Maipú",posted|wp_id=33074|https://chile.mimusjobs.com/job/auxiliar-de-aseo-6x1-de-dia-525-000-liquidos-colacion-comuna-maipu-5/,2026-09-27T18:02:58.927509,https://cl.computrabajo.com/empleos-en-r.metropolitana-en-santiago-centro,38
5ed77955e3ff37a9,https://cl.computrabajo.com/ofertas-de-trabajo/oferta-de-trabajo-de-freight-forwarding-executive-residir-en-iquique-semi-senior-1400000-en-iquique-BCBE85D6592EC2E061373E686DCF3405,Freight Forwarding Executive/ Residir en Iquique /Semi Senior - $1.400.000,posted|wp_id=10062|https://chile.mimusjobs.com/job/freight-forwarding-executive-residir-en-iquique-semi-senior-1-400-000/,2026-09-27T18:03:01.908348,https://cl.computrabajo.com/empleos-en-r.metropolitana-en-santiago-centro,38
9797bd6057a43d5b,https://cl.computrabajo.com/ofertas-de-trabajo/oferta-de-trabajo-de-gestor-de-ventas-en-ruta-pudahuel-marca-herramientas-electricas-canal-ferretero-ley-de-inclusion-n21015-en-santiago-pudahuel-83821B65E5FADF2C61373E686DCF3405,Gestor de Ventas en Ruta / Pudahuel / Marca Herramientas Eléctricas / Canal Ferretero - Ley de Inclusión N°21.015,posted|wp_id=33076|https://chile.mimusjobs.com/job/gestor-de-ventas-en-ruta-pudahuel-marca-herramientas-electricas-canal-ferretero-ley-de-inclusion-n21-015-5/,2026-09-27T18:03:08.488660,https://cl.computrabajo.com/empleos-en-r.metropolitana-en-santiago-centro,39
9ba2da72f40370b1,https://cl.computrabajo.com/ofertas-de-trabajo/oferta-de-trabajo-de-operador-de-planta-con-mantencion-industrial-licencia-clase-d-antofagasta-industria-quimica-soldador-en-antofagasta-6E80E4A47D4F911F61373E686DCF3405,Operador de Planta con Mantención Industrial/ Licencia Clase D / Antofagasta - Industria Qúimica / Soldador,posted|wp_id=33078|https://chile.mimusjobs.com/job/operador-de-planta-con-mantencion-industrial-licencia-clase-d-antofagasta-industria-quimica-soldador-5/,2026-09-27T18:03:14.061327,https://cl.computrabajo.com/empleos-en-r.metropolitana-en-santiago-centro,39
ea749936e4b42864,https://cl.computrabajo.com/ofertas-de-trabajo/oferta-de-trabajo-de-mantenedor-operador-de-planta-industrial-licencia-clase-d-antofagasta-industria-quimica-soldador-en-antofagasta-741313A5AF78139361373E686DCF3405,Mantenedor Operador de Planta Industrial/ Licencia Clase D / Antofagasta - Industria Qúimica / Soldador,posted|wp_id=33080|https://chile.mimusjobs.com/job/mantenedor-operador-de-planta-industrial-licencia-clase-d-antofagasta-industria-quimica-soldador-5/,2026-09-27T18:03:20.269603,https://cl.computrabajo.com/empleos-en-r.metropolitana-en-santiago-centro,39
9dfb944c3384fc58,https://cl.computrabajo.com/ofertas-de-trabajo/oferta-de-trabajo-de-enfermeroa-procedimientos-reemplazo-de-verano-clinica-san-carlos-en-santiago-las-condes-A76BA9ED71DE119461373E686DCF3405,"Enfermero(a) Procedimientos, Reemplazo de Verano, Clínica San Carlos",posted|wp_id=33082|https://chile.mimusjobs.com/job/enfermeroa-procedimientos-reemplazo-de-verano-clinica-san-carlos-5/,2026-09-27T18:03:28.076234,https://cl.computrabajo.com/empleos-en-r.metropolitana-en-santiago-centro,39
8de0f044be4b25fd,https://cl.computrabajo.com/ofertas-de-trabajo/oferta-de-trabajo-de-tecnico-electromecanico-para-planta-industrial-licencia-clase-d-antofagasta-industria-quimica-soldador-en-antofagasta-7452570970EAD71061373E686DCF3405,Técnico Electromecánico para Planta Industrial/ Licencia Clase D / Antofagasta - Industria Qúimica / Soldador,posted|wp_id=33084|https://chile.mimusjobs.com/job/tecnico-electromecanico-para-planta-industrial-licencia-clase-d-antofagasta-industria-quimica-soldador-5/,2026-09-27T18:03:34.048368,https://cl.computrabajo.com/empleos-en-r.metropolitana-en-santiago-centro,39
832c3c76aa506372,https://cl.computrabajo.com/ofertas-de-trabajo/oferta-de-trabajo-de-operador-de-planta-quimica-e-industrial-licencia-clase-d-antofagasta-industria-quimica-soldador-en-antofagasta-5D806C74650D7C1561373E686DCF3405,Operador de Planta Química e Industrial/ Licencia Clase D / Antofagasta - Industria Qúimica / Soldador,posted|wp_id=33086|https://chile.mimusjobs.com/job/operador-de-planta-quimica-e-industrial-licencia-clase-d-antofagasta-industria-quimica-soldador-5/,2026-09-27T18:03:39.806897,https://cl.computrabajo.com/empleos-en-r.metropolitana-en-santiago-centro,39
9d861bae328fd773,https://cl.computrabajo.com/ofertas-de-trabajo/oferta-de-trabajo-de-gestor-de-ventas-en-ruta-arica-marca-herramientas-electricas-canal-ferretero-ley-de-inclusion-n21015-en-arica-961FBF00814ECD7361373E686DCF3405,Gestor de Ventas en Ruta / Arica / Marca Herramientas Eléctricas / Canal Ferretero - Ley de Inclusión N°21.015,posted|wp_id=33088|https://chile.mimusjobs.com/job/gestor-de-ventas-en-ruta-arica-marca-herramientas-electricas-canal-ferretero-ley-de-inclusion-n21-015-5/,2026-09-27T18:03:45.788421,https://cl.computrabajo.com/empleos-en-r.metropolitana-en-santiago-centro,39
7724fc00b8201de5,https://cl.computrabajo.com/ofertas-de-trabajo/oferta-de-trabajo-de-operario-multifuncional-con-licencia-clase-d-san-fernando-en-san-fernando-F5D10400A2A9E17A61373E686DCF3405,Operario Multifuncional con Licencia Clase D – San Fernando,posted|wp_id=11581|https://chile.mimusjobs.com/job/operario-multifuncional-con-licencia-clase-d-san-fernando/,2026-09-27T18:03:48.961710,https://cl.computrabajo.com/empleos-en-r.metropolitana-en-santiago-centro,39
948f941c0ef4b1e4,https://cl.computrabajo.com/ofertas-de-trabajo/oferta-de-trabajo-de-gestor-de-ventas-pinturas-la-union-en-la-union-EFBCEC9DA59EEB2961373E686DCF3405,Gestor de ventas Pinturas / La unión,posted|wp_id=33090|https://chile.mimusjobs.com/job/gestor-de-ventas-pinturas-la-union-2/,2026-09-27T18:03:56.191004,https://cl.computrabajo.com/empleos-en-r.metropolitana-en-santiago-centro,39
d4e456d6fd923089,https://cl.computrabajo.com/ofertas-de-trabajo/oferta-de-trabajo-de-operarios-de-bodega-colina-turno-rotativo-colacion-y-acercamiento-en-colina-D94B0AAA63DC44D061373E686DCF3405,Operarios de bodega Colina Turno Rotativo - Colacion y acercamiento,posted|wp_id=26810|https://chile.mimusjobs.com/job/operarios-de-bodega-colina-turno-rotativo-colacion-y-acercamiento/,2026-09-27T18:03:59.314601,https://cl.computrabajo.com/empleos-en-r.metropolitana-en-santiago-centro,39
4a6d6bd74a9ffde2,https://cl.computrabajo.com/ofertas-de-trabajo/oferta-de-trabajo-de-jefe-de-taller-y-post-venta-antofagasta-en-santiago-quilicura-48CFBB7E1CB4975561373E686DCF3405,Jefe de Taller y Post venta Antofagasta,posted|wp_id=28375|https://chile.mimusjobs.com/job/jefe-de-taller-y-post-venta-antofagasta/,2026-09-27T18:04:01.585282,https://cl.computrabajo.com/empleos-en-r.metropolitana-en-santiago-centro,39
7bca33be053da580,https://cl.computrabajo.com/ofertas-de-trabajo/oferta-de-trabajo-de-product-manager-proyectos-tecnologicos-en-santiago-providencia-D737D07D84D4545761373E686DCF3405,"Product Manager, Proyectos Tecnológicos",posted|wp_id=33091|https://chile.mimusjobs.com/job/product-manager-proyectos-tecnologicos-2/,2026-09-27T18:04:06.341133,https://cl.computrabajo.com/empleos-en-r.metropolitana-en-santiago-centro,39
334a3af23d510bae,https://cl.computrabajo.com/ofertas-de-trabajo/oferta-de-trabajo-de-quimico-farmaceutico-san-sebastian-cartagena-en-cartagena-1EE998901EBD1B5861373E686DCF3405,Químico farmacéutico - San Sebastián Cartagena,posted|wp_id=33092|https://chile.mimusjobs.com/job/quimico-farmaceutico-san-sebastian-cartagena-2/,2026-09-27T18:04:14.746637,https://cl.computrabajo.com/empleos-en-r.metropolitana-en-santiago-centro,39
edbb76cb95174e60,https://cl.computrabajo.com/ofertas-de-trabajo/oferta-de-trabajo-de-supervisora-de-proyectos-mineros-salamanca-en-coquimbo-D790129B3BD7B8B061373E686DCF3405,Supervisor/a de Proyectos Mineros - Salamanca,posted|wp_id=33094|https://chile.mimusjobs.com/job/supervisor-a-de-proyectos-mineros-salamanca/,2026-09-27T18:04:21.649800,https://cl.computrabajo.com/empleos-en-r.metropolitana-en-santiago-centro,39
7992d36813450905,https://cl.computrabajo.com/ofertas-de-trabajo/oferta-de-trabajo-de-inspectora-de-muestreo-en-alimentos-antofagasta-en-antofagasta-4D2828FD4613DF8E61373E686DCF3405,Inspector/a de Muestreo en Alimentos - Antofagasta,posted|wp_id=28374|https://chile.mimusjobs.com/job/inspector-a-de-muestreo-en-alimentos-antofagasta/,2026-09-27T18:04:25.526761,https://cl.computrabajo.com/empleos-en-r.metropolitana-en-santiago-centro,39
ef4f19a4afb45f66,https://cl.computrabajo.com/ofertas-de-trabajo/oferta-de-trabajo-de-mecanico-de-primera-camiones-y-maquinaria-pesada-camiones-y-maquinaria-pesada-en-san-bernardo-09B3178B3B68F5F661373E686DCF3405,Mecánico de Primera – Camiones y Maquinaria Pesada - Camiones y Maquinaria Pesada,posted|wp_id=33096|https://chile.mimusjobs.com/job/mecanico-de-primera-camiones-y-maquinaria-pesada-camiones-y-maquinaria-pesada-2/,2026-09-27T18:04:34.122581,https://cl.computrabajo.com/empleos-en-r.metropolitana-en-santiago-centro,39
2cbfbefb38062c80,https://cl.computrabajo.com/ofertas-de-trabajo/oferta-de-trabajo-de-preparador-de-pedidos-pickers-turnos-rotativos-en-algarrobo-2DCB1A10C651E3C161373E686DCF3405,Preparador de pedidos (Pickers)/ turnos rotativos,posted|wp_id=28393|https://chile.mimusjobs.com/job/preparador-de-pedidos-pickers-turnos-rotativos/,2026-09-27T18:04:37.633198,https://cl.computrabajo.com/empleos-en-r.metropolitana-en-santiago-centro,39
cc50d1dbe5d131d6,https://cl.computrabajo.com/ofertas-de-trabajo/oferta-de-trabajo-de-guardias-tacticos-con-servicio-militar-al-dia-en-santiago-renca-78C6A49F7669B37561373E686DCF3405,Guardias Tácticos con Servicio Militar al día,posted|wp_id=33098|https://chile.mimusjobs.com/job/guardias-tacticos-con-servicio-militar-al-dia-2/,2026-09-27T18:04:43.641994,https://cl.computrabajo.com/empleos-en-r.metropolitana-en-santiago-centro,39
ef967ff8f92e0487,https://cl.computrabajo.com/ofertas-de-trabajo/oferta-de-trabajo-de-vendedor-call-center-farmacia-en-santiago-centro-F52AA2A802F7DF2161373E686DCF3405,Vendedor Call Center - Farmacia,posted|wp_id=28404|https://chile.mimusjobs.com/job/vendedor-call-center-farmacia/,2026-09-27T18:04:47.626223,https://cl.computrabajo.com/empleos-en-r.metropolitana-en-santiago-centro,39
82aa720b11a0feb4,https://cl.computrabajo.com/ofertas-de-trabajo/oferta-de-trabajo-de-operarioa-multifuncional-part-time-comida-rapida-kfc-las-vizcachas-en-puente-alto-E905EE31D606AC0161373E686DCF3405,Operario/a Multifuncional Part Time Comida Rapida – KFC Las Vizcachas,posted|wp_id=28385|https://chile.mimusjobs.com/job/operario-a-multifuncional-part-time-comida-rapida-kfc-las-vizcachas/,2026-09-27T18:04:51.332319,https://cl.computrabajo.com/empleos-en-r.metropolitana-en-santiago-centro,40
fa20cc2d51b46bb7,https://cl.computrabajo.com/ofertas-de-trabajo/oferta-de-trabajo-de-auxiliar-de-aseo-turno-manana-500000-liquido-santiago-centro-en-santiago-centro-B6C6486CE9A24A1161373E686DCF3405,Auxiliar de aseo turno mañana - $500.000 liquido Santiago centro,posted|wp_id=33100|https://chile.mimusjobs.com/job/auxiliar-de-aseo-turno-manana-500-000-liquido-santiago-centro-2/,2026-09-27T18:04:57.244038,https://cl.computrabajo.com/empleos-en-r.metropolitana-en-santiago-centro,40
70484c7d12575ccf,https://cl.computrabajo.com/ofertas-de-trabajo/oferta-de-trabajo-de-practica-profesional-administracion-de-control-de-gestion-en-santiago-providencia-AA0184F37A338C6661373E686DCF3405,Practica Profesional Administración de Control de Gestión,posted|wp_id=33102|https://chile.mimusjobs.com/job/practica-profesional-administracion-de-control-de-gestion-2/,2026-09-27T18:05:03.901939,https://cl.computrabajo.com/empleos-en-r.metropolitana-en-santiago-centro,40
63b606ef52f5146f,https://cl.computrabajo.com/ofertas-de-trabajo/oferta-de-trabajo-de-operador-de-bodega-620000-pudahuel-en-santiago-pudahuel-54619B6204BFCB9261373E686DCF3405,Operador de Bodega/ $620.000 / Pudahuel,posted|wp_id=11884|https://chile.mimusjobs.com/job/operador-de-bodega-620-000-pudahuel/,2026-09-27T18:05:07.138533,https://cl.computrabajo.com/empleos-en-r.metropolitana-en-santiago-centro,40
ea8ea60883bb1de3,https://cl.computrabajo.com/ofertas-de-trabajo/oferta-de-trabajo-de-chofer-de-reparto-licencia-a4-reemplazo-ovalle-sucursal-ovalle-en-ovalle-64072602EA3955DA61373E686DCF3405,Chofer de Reparto licencia A4 Reemplazo (Ovalle) - Sucursal Ovalle,posted|wp_id=28389|https://chile.mimusjobs.com/job/chofer-de-reparto-licencia-a4-reemplazo-ovalle-sucursal-ovalle/,2026-09-27T18:05:10.653768,https://cl.computrabajo.com/empleos-en-r.metropolitana-en-santiago-centro,40
2d93fa6f7a98a12a,https://cl.computrabajo.com/ofertas-de-trabajo/oferta-de-trabajo-de-operador-de-planta-rancagua-empresa-produccion-de-cemento-y-hormigon-en-rancagua-94F18181F5AA471B61373E686DCF3405,Operador de Planta Rancagua Empresa Producción de Cemento y Hormigón,posted|wp_id=33106|https://chile.mimusjobs.com/job/operador-de-planta-rancagua-empresa-produccion-de-cemento-y-hormigon-3/,2026-09-27T18:05:19.511414,https://cl.computrabajo.com/empleos-en-r.metropolitana-en-santiago-centro,40
31e9c9fc744045f1,https://cl.computrabajo.com/ofertas-de-trabajo/oferta-de-trabajo-de-promotora-pdc-coquimbo-en-coquimbo-D4E8012E7595B26D61373E686DCF3405,Promotor/a PDC – Coquimbo,posted|wp_id=28378|https://chile.mimusjobs.com/job/promotor-a-pdc-coquimbo/,2026-09-27T18:05:23.104264,https://cl.computrabajo.com/empleos-en-r.metropolitana-en-santiago-centro,40
495f9be0dabbebb6,https://cl.computrabajo.com/ofertas-de-trabajo/oferta-de-trabajo-de-captador-con-experiencia-en-ventas-en-tecnologia-part-time-antofagasta-antofagasta-en-antofagasta-CA7690FB9D0C365D61373E686DCF3405,Captador con experiencia en ventas en Tecnología Part time Antofagasta - Antofagasta,posted|wp_id=33108|https://chile.mimusjobs.com/job/captador-con-experiencia-en-ventas-en-tecnologia-part-time-antofagasta-antofagasta-2/,2026-09-27T18:05:29.878850,https://cl.computrabajo.com/empleos-en-r.metropolitana-en-santiago-centro,40
38cfd36c80d8af33,https://cl.computrabajo.com/ofertas-de-trabajo/oferta-de-trabajo-de-guardia-de-seguridad-para-renca-600000-liquidos-con-colacion-en-todos-los-turnos-en-santiago-renca-DA134C1026447E3261373E686DCF3405,Guardia de seguridad para Renca $600.000 Líquidos con Colación en todos los Turnos,posted|wp_id=33110|https://chile.mimusjobs.com/job/guardia-de-seguridad-para-renca-600-000-liquidos-con-colacion-en-todos-los-turnos/,2026-09-27T18:05:36.396927,https://cl.computrabajo.com/empleos-en-r.metropolitana-en-santiago-centro,40
882834307c4e833f,https://cl.computrabajo.com/ofertas-de-trabajo/oferta-de-trabajo-de-asistente-prevencion-de-riesgo-rubro-industrial-san-bernardo-en-san-bernardo-04095A1C0B39016661373E686DCF3405,Asistente Prevención de Riesgo Rubro Industrial - San Bernardo,posted|wp_id=33112|https://chile.mimusjobs.com/job/asistente-prevencion-de-riesgo-rubro-industrial-san-bernardo-3/,2026-09-27T18:05:42.501916,https://cl.computrabajo.com/empleos-en-r.metropolitana-en-santiago-centro,40
c4de5c55134dbcf1,https://cl.computrabajo.com/ofertas-de-trabajo/oferta-de-trabajo-de-operador-sala-cctv-part-time-20-horas-mall-plaza-los-dominicos-las-condes-en-santiago-las-condes-F5E451723B8137B561373E686DCF3405,Operador Sala CCTV Part Time 20 horas Mall Plaza Los Dominicos - Las Condes,posted|wp_id=28402|https://chile.mimusjobs.com/job/operador-sala-cctv-part-time-20-horas-mall-plaza-los-dominicos-las-condes/,2026-09-27T18:05:46.347746,https://cl.computrabajo.com/empleos-en-r.metropolitana-en-santiago-centro,40
34f0e777cc2a9e9d,https://cl.computrabajo.com/ofertas-de-trabajo/oferta-de-trabajo-de-operarios-de-bodega-proyecto-cyber-turno-pm-2026-pudahuel-en-santiago-pudahuel-57ABF321570978CD61373E686DCF3405,Operarios de Bodega/ Proyecto Cyber Turno PM 2026 - Pudahuel,posted|wp_id=10737|https://chile.mimusjobs.com/job/operarios-de-bodega-proyecto-cyber-turno-pm-2026-pudahuel/,2026-09-27T18:05:48.232613,https://cl.computrabajo.com/empleos-en-r.metropolitana-en-santiago-centro,40
27ad2b65070da8de,https://cl.computrabajo.com/ofertas-de-trabajo/oferta-de-trabajo-de-cajeroa-jornada-completa-en-valdivia-1F721A696C31B9A861373E686DCF3405,Cajero/a Jornada Completa,posted|wp_id=28412|https://chile.mimusjobs.com/job/cajero-a-jornada-completa/,2026-09-27T18:05:50.722808,https://cl.computrabajo.com/empleos-en-r.metropolitana-en-santiago-centro,40
c056e41d78d19572,https://cl.computrabajo.com/ofertas-de-trabajo/oferta-de-trabajo-de-embalador-de-frutas-bodega-rengo-en-rengo-DA2D627AD82F524761373E686DCF3405,Embalador de frutas - Bodega Rengo,posted|wp_id=28405|https://chile.mimusjobs.com/job/embalador-de-frutas-bodega-rengo/,2026-09-27T18:05:54.009945,https://cl.computrabajo.com/empleos-en-r.metropolitana-en-santiago-centro,40
e6c18bf173f3cd26,https://cl.computrabajo.com/ofertas-de-trabajo/oferta-de-trabajo-de-ayudante-de-garzon-part-time-30-hrs-domino-mall-costanera-center-en-santiago-providencia-C316B296E4A873F261373E686DCF3405,Ayudante de garzón Part time 30 hrs Dominó Mall Costanera Center,posted|wp_id=33116|https://chile.mimusjobs.com/job/ayudante-de-garzon-part-time-30-hrs-domino-mall-costanera-center-2/,2026-09-27T18:06:02.235275,https://cl.computrabajo.com/empleos-en-r.metropolitana-en-santiago-centro,40
9df2ea85675310c1,https://cl.computrabajo.com/ofertas-de-trabajo/oferta-de-trabajo-de-oportunidad-conductores-de-taxibus-interno-mina-turno-7x7-renta-1270000-mas-180000-de-pasajes-taxibus-en-calama-CE1ACF4F3DE83B1261373E686DCF3405,¡Oportunidad! Conductores de taxibús interno mina turno 7x7 renta 1.270.000 más 180.000 de pasajes - Taxibús,posted|wp_id=33120|https://chile.mimusjobs.com/job/oportunidad-conductores-de-taxibus-interno-mina-turno-7x7-renta-1-270-000-mas-180-000-de-pasajes-taxibus-2/,2026-09-27T18:06:12.045869,https://cl.computrabajo.com/empleos-en-r.metropolitana-en-santiago-centro,40
83fb37c17901e185,https://cl.computrabajo.com/ofertas-de-trabajo/oferta-de-trabajo-de-maestroa-sushero-turno-pm-niu-sushi-vitacura-en-santiago-vitacura-2DDF319C9574524261373E686DCF3405,Maestro/a Sushero turno Pm. Niu Sushi Vitacura,posted|wp_id=30845|https://chile.mimusjobs.com/job/maestro-a-sushero-turno-pm-niu-sushi-vitacura/,2026-09-27T18:06:14.928643,https://cl.computrabajo.com/empleos-en-r.metropolitana-en-santiago-centro,40
0f255d6a8c697193,https://cl.computrabajo.com/ofertas-de-trabajo/oferta-de-trabajo-de-ingeniero-en-prevencion-de-riesgos-chocolateria-premium-quilicura-en-santiago-quilicura-938759189E101A9961373E686DCF3405,Ingeniero en Prevención de Riesgos Chocolatería Premium - Quilicura,posted|wp_id=33122|https://chile.mimusjobs.com/job/ingeniero-en-prevencion-de-riesgos-chocolateria-premium-quilicura-2/,2026-09-27T18:06:20.260209,https://cl.computrabajo.com/empleos-en-r.metropolitana-en-santiago-centro,40
8359d457fcbeb864,https://cl.computrabajo.com/ofertas-de-trabajo/oferta-de-trabajo-de-profesora-staff-fitness-sede-los-trapenses-en-santiago-lo-barnechea-77E8174E8C22006861373E686DCF3405,Profesor/a Staff Fitness Sede Los Trapenses,posted|wp_id=28388|https://chile.mimusjobs.com/job/profesor-a-staff-fitness-sede-los-trapenses/,2026-09-27T18:06:23.895388,https://cl.computrabajo.com/empleos-en-r.metropolitana-en-santiago-centro,40
d4e83dd5db252045,https://cl.computrabajo.com/ofertas-de-trabajo/oferta-de-trabajo-de-operador-de-camion-grua-pluma-8x6-antofagasta-en-antofagasta-C44A5BEC39B5FEDE61373E686DCF3405,Operador de Camión Grúa Pluma - 8x6 Antofagasta,posted|wp_id=33124|https://chile.mimusjobs.com/job/operador-de-camion-grua-pluma-8x6-antofagasta/,2026-09-27T18:06:31.526043,https://cl.computrabajo.com/empleos-en-r.metropolitana-en-santiago-centro,40
f0330d73ae827007,https://cl.computrabajo.com/ofertas-de-trabajo/oferta-de-trabajo-de-auxiliar-de-aseo-part-time-domingo-en-santiago-huechuraba-C46B58121A7364E961373E686DCF3405,auxiliar de aseo - part time domingo,posted|wp_id=32020|https://chile.mimusjobs.com/job/auxiliar-de-aseo-part-time-domingo/,2026-09-27T18:06:33.981576,https://cl.computrabajo.com/empleos-en-r.metropolitana-en-santiago-centro,41
0c3c77e760e1f894,https://cl.computrabajo.com/ofertas-de-trabajo/oferta-de-trabajo-de-promotor-tecnologia-ft-mall-plaza-antofagasta-disponibilidad-inmediata-en-antofagasta-DED8F2D59AD3F56261373E686DCF3405,Promotor tecnologia / FT Mall Plaza Antofagasta - Disponibilidad Inmediata,posted|wp_id=28446|https://chile.mimusjobs.com/job/promotor-tecnologia-ft-mall-plaza-antofagasta-disponibilidad-inmediata/,2026-09-27T18:06:37.554369,https://cl.computrabajo.com/empleos-en-r.metropolitana-en-santiago-centro,41
a208a5e3905269a6,https://cl.computrabajo.com/ofertas-de-trabajo/oferta-de-trabajo-de-tecnico-administrativoa-en-santiago-centro-0479B76ADC1C22C561373E686DCF3405,Técnico Administrativo/a,posted|wp_id=33126|https://chile.mimusjobs.com/job/tecnico-administrativo-a-2/,2026-09-27T18:06:44.519814,https://cl.computrabajo.com/empleos-en-r.metropolitana-en-santiago-centro,41
ccd4fafd080ef1bf,https://cl.computrabajo.com/ofertas-de-trabajo/oferta-de-trabajo-de-operariao-de-bodega-pudahuel-lunes-a-viernes-600000-liquidos-colacion-en-santiago-pudahuel-13B50FCE99DCF05C61373E686DCF3405,Operaria/o de bodega / Pudahuel / Lunes a Viernes / $600.000 líquidos + Colación,posted|wp_id=33128|https://chile.mimusjobs.com/job/operaria-o-de-bodega-pudahuel-lunes-a-viernes-600-000-liquidos-colacion/,2026-09-27T18:06:50.586626,https://cl.computrabajo.com/empleos-en-r.metropolitana-en-santiago-centro,41
a761bea4da1dc438,https://cl.computrabajo.com/ofertas-de-trabajo/oferta-de-trabajo-de-guardia-de-seguridad-600000-4x4-diacon-o-sin-os10diferentes-unimarc-en-copiapo-copiapo-en-copiapo-26FDEE6443F6F0F261373E686DCF3405,Guardia de Seguridad $600.000 4x4 Dia/Con o Sin OS10/Diferentes Unimarc en Copiapo - Copiapo,posted|wp_id=33130|https://chile.mimusjobs.com/job/guardia-de-seguridad-600-000-4x4-dia-con-o-sin-os10-diferentes-unimarc-en-copiapo-copiapo/,2026-09-27T18:06:58.012268,https://cl.computrabajo.com/empleos-en-r.metropolitana-en-santiago-centro,41
5199e2c9d9ca3e2b,https://cl.computrabajo.com/ofertas-de-trabajo/oferta-de-trabajo-de-jefe-de-mantenimiento-envasado-en-rengo-79DD335E297DA0D261373E686DCF3405,Jefe de Mantenimiento Envasado,posted|wp_id=28394|https://chile.mimusjobs.com/job/jefe-de-mantenimiento-envasado/,2026-09-27T18:07:03.824996,https://cl.computrabajo.com/empleos-en-r.metropolitana-en-santiago-centro,41
98b06dd7ffd6ddfb,https://cl.computrabajo.com/ofertas-de-trabajo/oferta-de-trabajo-de-ejecutivo-comercial-pensionado-curico-en-curico-7CD029173BB030E261373E686DCF3405,Ejecutivo Comercial Pensionado - Curicó,posted|wp_id=33134|https://chile.mimusjobs.com/job/ejecutivo-comercial-pensionado-curico-2/,2026-09-27T18:07:17.556586,https://cl.computrabajo.com/empleos-en-r.metropolitana-en-santiago-centro,41
33d1579e433b6267,https://cl.computrabajo.com/ofertas-de-trabajo/oferta-de-trabajo-de-maestro-segunda-obras-civiles-antofagasta-en-antofagasta-AD84214844CACECD61373E686DCF3405,Maestro Segunda Obras Civiles / Antofagasta,posted|wp_id=28400|https://chile.mimusjobs.com/job/maestro-segunda-obras-civiles-antofagasta/,2026-09-27T18:07:20.590319,https://cl.computrabajo.com/empleos-en-r.metropolitana-en-santiago-centro,41
4d2900cc4008a6df,https://cl.computrabajo.com/ofertas-de-trabajo/oferta-de-trabajo-de-rectora-de-colegio-los-angeles-en-los-angeles-717A8DDCBC1B11E461373E686DCF3405,Rector/a de Colegio - Los Ángeles,posted|wp_id=33136|https://chile.mimusjobs.com/job/rector-a-de-colegio-los-angeles-2/,2026-09-27T18:07:27.014131,https://cl.computrabajo.com/empleos-en-r.metropolitana-en-santiago-centro,41
2d4ecae4fa03bbd2,https://cl.computrabajo.com/ofertas-de-trabajo/oferta-de-trabajo-de-especialista-en-ecommerce-y-desarrollo-comercial-digital-con-experiencia-en-retail-en-santiago-las-condes-31CD75F5871C52E261373E686DCF3405,Especialista en Ecommerce y Desarrollo Comercial Digital (con Experiencia en Retail),posted|wp_id=33138|https://chile.mimusjobs.com/job/especialista-en-ecommerce-y-desarrollo-comercial-digital-con-experiencia-en-retail-2/,2026-09-27T18:07:33.806119,https://cl.computrabajo.com/empleos-en-r.metropolitana-en-santiago-centro,41
c32fef5a04d8ef71,https://cl.computrabajo.com/ofertas-de-trabajo/oferta-de-trabajo-de-operador-de-grua-lampa-region-metropolitana-en-santiago-quilicura-4666E2E429978C4B61373E686DCF3405,Operador de grua - Lampa /region metropolitana,posted|wp_id=28441|https://chile.mimusjobs.com/job/operador-de-grua-lampa-region-metropolitana/,2026-09-27T18:07:37.856143,https://cl.computrabajo.com/empleos-en-r.metropolitana-en-santiago-centro,41
46b3b0459a1087f2,https://cl.computrabajo.com/ofertas-de-trabajo/oferta-de-trabajo-de-subgerente-de-contabilidad-en-santiago-centro-B9CCA82D78AA74C461373E686DCF3405,Subgerente de Contabilidad,posted|wp_id=28419|https://chile.mimusjobs.com/job/subgerente-de-contabilidad/,2026-09-27T18:07:40.381686,https://cl.computrabajo.com/empleos-en-r.metropolitana-en-santiago-centro,41
9f3ae8b10f3fff92,https://cl.computrabajo.com/ofertas-de-trabajo/oferta-de-trabajo-de-estamos-buscando-una-especialista-gis-en-calama-207F96B692CA33F361373E686DCF3405,Estamos buscando un/a Especialista GIS!,posted|wp_id=28414|https://chile.mimusjobs.com/job/estamos-buscando-un-a-especialista-gis/,2026-09-27T18:07:45.181382,https://cl.computrabajo.com/empleos-en-r.metropolitana-en-santiago-centro,41
15ba18acad604dad,https://cl.computrabajo.com/ofertas-de-trabajo/oferta-de-trabajo-de-practica-administrativa-de-capacitacion-en-santiago-las-condes-BC6995D8386E774961373E686DCF3405,Práctica Administrativa de Capacitación,posted|wp_id=33140|https://chile.mimusjobs.com/job/practica-administrativa-de-capacitacion-2/,2026-09-27T18:07:52.465221,https://cl.computrabajo.com/empleos-en-r.metropolitana-en-santiago-centro,41
a544df405939456c,https://cl.computrabajo.com/ofertas-de-trabajo/oferta-de-trabajo-de-desarrolladora-backend-senior-typescript-nestjs-ia-generativa-proyecto-hibrido-en-santiago-las-condes-E8033F42E514433E61373E686DCF3405,Desarrollador/a Backend Senior – TypeScript / NestJS / IA Generativa - Proyecto (Hibrido),posted|wp_id=33144|https://chile.mimusjobs.com/job/desarrollador-a-backend-senior-typescript-nestjs-ia-generativa-proyecto-hibrido-2/,2026-09-27T18:08:02.491042,https://cl.computrabajo.com/empleos-en-r.metropolitana-en-santiago-centro,41
6c15fee2fc169fb0,https://cl.computrabajo.com/ofertas-de-trabajo/oferta-de-trabajo-de-mantenedor-de-planta-quilicura-en-santiago-quilicura-31A40D1387F047A261373E686DCF3405,Mantenedor de Planta - Quilicura,posted|wp_id=28418|https://chile.mimusjobs.com/job/mantenedor-de-planta-quilicura/,2026-09-27T18:08:07.418328,https://cl.computrabajo.com/empleos-en-r.metropolitana-en-santiago-centro,41
da59cff285dc9693,https://cl.computrabajo.com/ofertas-de-trabajo/oferta-de-trabajo-de-tecnicoa-mecanicoa-con-experiencia-en-camiones-scania-turnos-rotativos-quilicura-en-santiago-quilicura-BD7AA7FABC1CE37961373E686DCF3405,Técnico/a Mecánico/a con Experiencia en Camiones Scania – Turnos Rotativos - Quilicura,posted|wp_id=33145|https://chile.mimusjobs.com/job/tecnico-a-mecanico-a-con-experiencia-en-camiones-scania-turnos-rotativos-quilicura-2/,2026-09-27T18:08:14.181409,https://cl.computrabajo.com/empleos-en-r.metropolitana-en-santiago-centro,41
cf42c3458affa7dc,https://cl.computrabajo.com/ofertas-de-trabajo/oferta-de-trabajo-de-tecnicoa-ayudante-en-telecomunicaciones-faena-minera-en-antofagasta-276AE53BE9EA39A361373E686DCF3405,Técnico(a) Ayudante en Telecomunicaciones - Faena Minera,posted|wp_id=33146|https://chile.mimusjobs.com/job/tecnicoa-ayudante-en-telecomunicaciones-faena-minera-2/,2026-09-27T18:08:20.614621,https://cl.computrabajo.com/empleos-en-r.metropolitana-en-santiago-centro,41
8c98d95c3bf6b59c,https://cl.computrabajo.com/ofertas-de-trabajo/oferta-de-trabajo-de-reponedor-pt-domingo-quilicura-en-santiago-quilicura-15A1CA75E6B0C0D361373E686DCF3405,Reponedor PT Domingo // Quilicura,posted|wp_id=28398|https://chile.mimusjobs.com/job/reponedor-pt-domingo-quilicura/,2026-09-27T18:08:25.179477,https://cl.computrabajo.com/empleos-en-r.metropolitana-en-santiago-centro,41
2482765599bc94f2,https://cl.computrabajo.com/ofertas-de-trabajo/oferta-de-trabajo-de-operario-despacho-huechuraba-en-santiago-huechuraba-AA4BF6628B73D5C561373E686DCF3405,Operario Despacho - Huechuraba,posted|wp_id=28439|https://chile.mimusjobs.com/job/operario-despacho-huechuraba/,2026-09-27T18:08:30.871802,https://cl.computrabajo.com/empleos-en-r.metropolitana-en-santiago-centro,42
ef82476fa6e166b6,https://cl.computrabajo.com/ofertas-de-trabajo/oferta-de-trabajo-de-ruteroa-casablanca-en-casablanca-2C1DE8093A603D6161373E686DCF3405,Rutero(a) - Casablanca,posted|wp_id=33148|https://chile.mimusjobs.com/job/ruteroa-casablanca-2/,2026-09-27T18:08:41.757092,https://cl.computrabajo.com/empleos-en-r.metropolitana-en-santiago-centro,42
d987d643ee242600,https://cl.computrabajo.com/ofertas-de-trabajo/oferta-de-trabajo-de-jefe-ventas-part-time-pitrufquen-en-pitrufquen-C6C9052B72DDD46E61373E686DCF3405,Jefe Ventas Part Time Pitrufquen,posted|wp_id=28428|https://chile.mimusjobs.com/job/jefe-ventas-part-time-pitrufquen/,2026-09-27T18:08:44.797791,https://cl.computrabajo.com/empleos-en-r.metropolitana-en-santiago-centro,42
b2d4846b00c16313,https://cl.computrabajo.com/ofertas-de-trabajo/oferta-de-trabajo-de-ingenieroa-en-prevencion-de-riesgos-el-salvador-diego-de-almagro-turno-4x3-en-diego-de-almagro-C92A8604F63760CC61373E686DCF3405,"Ingeniero/a en Prevención de Riesgos / El Salvador, Diego de Almagro / Turno 4x3",posted|wp_id=33150|https://chile.mimusjobs.com/job/ingeniero-a-en-prevencion-de-riesgos-el-salvador-diego-de-almagro-turno-4x3-2/,2026-09-27T18:08:52.564343,https://cl.computrabajo.com/empleos-en-r.metropolitana-en-santiago-centro,42
cdc551b40416b383,https://cl.computrabajo.com/ofertas-de-trabajo/oferta-de-trabajo-de-vendedora-trainee-pt-20hrs-3x4-sabado-domingo-y-1-dia-a-la-semana-rotativo-quilin-en-santiago-penalolen-00E23DD793331F9961373E686DCF3405,"Vendedor(a) Trainee / PT 20hrs /3x4 (sábado, domingo y 1 día a la semana rotativo)/ Quilin",posted|wp_id=33151|https://chile.mimusjobs.com/job/vendedora-trainee-pt-20hrs-3x4-sabado-domingo-y-1-dia-a-la-semana-rotativo-quilin-4/,2026-09-27T18:08:58.992874,https://cl.computrabajo.com/empleos-en-r.metropolitana-en-santiago-centro,42
54349c3df6ed3b1e,https://cl.computrabajo.com/ofertas-de-trabajo/oferta-de-trabajo-de-especialista-en-contabilidad-proyecto-3-a-6-meses-en-santiago-las-condes-A30ECBEC58C50B9D61373E686DCF3405,Especialista en Contabilidad - Proyecto 3 a 6 meses,posted|wp_id=28444|https://chile.mimusjobs.com/job/especialista-en-contabilidad-proyecto-3-a-6-meses/,2026-09-27T18:09:04.341956,https://cl.computrabajo.com/empleos-en-r.metropolitana-en-santiago-centro,42
9cc6de7e87673ef1,https://cl.computrabajo.com/ofertas-de-trabajo/oferta-de-trabajo-de-encargadoa-de-turno-melipilla-dominos-pizzas-full-time-en-melipilla-A06324A74B8BE5DC61373E686DCF3405,Encargado/a de turno Melipilla - Domino's pizzas Full time,posted|wp_id=33155|https://chile.mimusjobs.com/job/encargado-a-de-turno-melipilla-dominos-pizzas-full-time-3/,2026-09-27T18:09:15.338653,https://cl.computrabajo.com/empleos-en-r.metropolitana-en-santiago-centro,42
f6dfdf3bbe727fe9,https://cl.computrabajo.com/ofertas-de-trabajo/oferta-de-trabajo-de-asistente-de-bodega-calama-turno-5x2-en-calama-6370E13B6113756261373E686DCF3405,Asistente de Bodega - Calama Turno 5x2,posted|wp_id=28427|https://chile.mimusjobs.com/job/asistente-de-bodega-calama-turno-5x2/,2026-09-27T18:09:18.468811,https://cl.computrabajo.com/empleos-en-r.metropolitana-en-santiago-centro,42
49af77edb2d8fa8c,https://cl.computrabajo.com/ofertas-de-trabajo/oferta-de-trabajo-de-operadora-de-grua-horquilla-constitucion-apoyo-temporal-en-constitucion-DD134664FFD7984C61373E686DCF3405,Operador/a de Grua Horquilla - Constitución (Apoyo Temporal),posted|wp_id=33156|https://chile.mimusjobs.com/job/operador-a-de-grua-horquilla-constitucion-apoyo-temporal-2/,2026-09-27T18:09:30.145272,https://cl.computrabajo.com/empleos-en-r.metropolitana-en-santiago-centro,42
47969950397a1e80,https://cl.computrabajo.com/ofertas-de-trabajo/oferta-de-trabajo-de-asistente-de-ventas-part-time-full-temuco-en-temuco-53C97223412DE05C61373E686DCF3405,Asistente de ventas Part Time Full - Temuco,posted|wp_id=28435|https://chile.mimusjobs.com/job/asistente-de-ventas-part-time-full-temuco/,2026-09-27T18:09:34.417747,https://cl.computrabajo.com/empleos-en-r.metropolitana-en-santiago-centro,42
19dc4fb27d217297,https://cl.computrabajo.com/ofertas-de-trabajo/oferta-de-trabajo-de-operario-de-bodega-con-licencia-d-lun-a-vier-sin-bus-sin-colacion-san-bernardo-600000-mas-bono-luv-en-san-bernardo-B7E350C151C4717A61373E686DCF3405,Operario de bodega con Licencia D Lun a vier sin bus sin colación - San Bernardo 600.000 mas bono luv,posted|wp_id=33158|https://chile.mimusjobs.com/job/operario-de-bodega-con-licencia-d-lun-a-vier-sin-bus-sin-colacion-san-bernardo-600-000-mas-bono-luv-2/,2026-09-27T18:09:43.055927,https://cl.computrabajo.com/empleos-en-r.metropolitana-en-santiago-centro,42
2d9a224e59526362,https://cl.computrabajo.com/ofertas-de-trabajo/oferta-de-trabajo-de-mercaderista-rutero-colina-en-colina-68843BDCF761EAF361373E686DCF3405,Mercaderista Rutero/ Colina,posted|wp_id=28454|https://chile.mimusjobs.com/job/mercaderista-rutero-colina/,2026-09-27T18:09:47.895336,https://cl.computrabajo.com/empleos-en-r.metropolitana-en-santiago-centro,42
86dee98790c16cfd,https://cl.computrabajo.com/ofertas-de-trabajo/oferta-de-trabajo-de-ayudante-de-cocina-nocturno-5x2-renta-liquida-800000-calama-en-calama-87179160CFE527B061373E686DCF3405,Ayudante de Cocina Nocturno 5x2 Renta Liquida 800.000 Calama,posted|wp_id=28456|https://chile.mimusjobs.com/job/ayudante-de-cocina-nocturno-5x2-renta-liquida-800-000-calama/,2026-09-27T18:09:54.323254,https://cl.computrabajo.com/empleos-en-r.metropolitana-en-santiago-centro,42
2f3ebb7ad961d1d2,https://cl.computrabajo.com/ofertas-de-trabajo/oferta-de-trabajo-de-operador-electromecanico-area-vienesas-y-empacado-en-santiago-pudahuel-D1CAC997B220C74D61373E686DCF3405,Operador Electromecánico (Área Vienesas y Empacado),posted|wp_id=33160|https://chile.mimusjobs.com/job/operador-electromecanico-area-vienesas-y-empacado-2/,2026-09-27T18:10:06.255040,https://cl.computrabajo.com/empleos-en-r.metropolitana-en-santiago-centro,42
9839bc058c1bdea9,https://cl.computrabajo.com/ofertas-de-trabajo/oferta-de-trabajo-de-coordinador-hse-mineria-iquique-en-iquique-CD885185FA9639E761373E686DCF3405,Coordinador HSE / Minería - Iquique,posted|wp_id=33161|https://chile.mimusjobs.com/job/coordinador-hse-mineria-iquique-5/,2026-09-27T18:10:14.946108,https://cl.computrabajo.com/empleos-en-r.metropolitana-en-santiago-centro,42
932cb1d407916592,https://cl.computrabajo.com/ofertas-de-trabajo/oferta-de-trabajo-de-supervisor-de-casino-y-recreacion-turno-10x10-en-arica-B6614D33C6B778EF61373E686DCF3405,Supervisor de Casino y Recreación - turno 10x10,posted|wp_id=33163|https://chile.mimusjobs.com/job/supervisor-de-casino-y-recreacion-turno-10x10-5/,2026-09-27T18:10:22.606503,https://cl.computrabajo.com/empleos-en-r.metropolitana-en-santiago-centro,42
4959ee0f8bc76b74,https://cl.computrabajo.com/ofertas-de-trabajo/oferta-de-trabajo-de-auxiliar-de-casino-santiago-centro-en-santiago-centro-9C827A7634F2772461373E686DCF3405,Auxiliar de casino - Santiago centro,posted|wp_id=30929|https://chile.mimusjobs.com/job/auxiliar-de-casino-santiago-centro/,2026-09-27T18:10:27.427453,https://cl.computrabajo.com/empleos-en-r.metropolitana-en-santiago-centro,42
b0f6b9b3054fb8fc,https://cl.computrabajo.com/ofertas-de-trabajo/oferta-de-trabajo-de-prevencionista-de-riesgos-por-turnos-region-de-ohiggins-en-rancagua-1934F492A34B640661373E686DCF3405,Prevencionista de Riesgos por Turnos Región de O'Higgins,posted|wp_id=33165|https://chile.mimusjobs.com/job/prevencionista-de-riesgos-por-turnos-region-de-ohiggins-2/,2026-09-27T18:10:36.877304,https://cl.computrabajo.com/empleos-en-r.metropolitana-en-santiago-centro,43
6e9f4c18c803c501,https://cl.computrabajo.com/ofertas-de-trabajo/oferta-de-trabajo-de-vendedora-en-terreno-para-providencia-sin-experiencia-comisiones-sin-tope-en-santiago-providencia-98AC7DE41CE926F761373E686DCF3405,Vendedor/a en terreno para Providencia ¡Sin experiencia + Comisiones sin Tope!,posted|wp_id=13533|https://chile.mimusjobs.com/job/vendedor-a-en-terreno-para-providencia-sin-experiencia-comisiones-sin-tope/,2026-09-27T18:10:42.783946,https://cl.computrabajo.com/empleos-en-r.metropolitana-en-santiago-centro,43
96789c8bb4c8ace2,https://cl.computrabajo.com/ofertas-de-trabajo/oferta-de-trabajo-de-buscamos-guardias-con-os10supermercado-s10-rancaguapauta-4x4-ingreso-inmediato-turnos-extras-con-pago-semanal-en-rancagua-96D6929CD8C698B061373E686DCF3405,Buscamos Guardias con os10/Supermercado s10 Rancagua/pauta 4x4 - Ingreso Inmediato / Turnos extras con pago semanal,posted|wp_id=33167|https://chile.mimusjobs.com/job/buscamos-guardias-con-os10-supermercado-s10-rancagua-pauta-4x4-ingreso-inmediato-turnos-extras-con-pago-semanal-2/,2026-09-27T18:10:56.191270,https://cl.computrabajo.com/empleos-en-r.metropolitana-en-santiago-centro,43
1b1d7e6e65e57741,https://cl.computrabajo.com/ofertas-de-trabajo/oferta-de-trabajo-de-buscamos-operarios-de-bodega-pt-san-bernardo-en-san-bernardo-92024867888626BC61373E686DCF3405,¡Buscamos operarios de bodega PT San Bernardo!,posted|wp_id=28518|https://chile.mimusjobs.com/job/buscamos-operarios-de-bodega-pt-san-bernardo/,2026-09-27T18:11:01.204328,https://cl.computrabajo.com/empleos-en-r.metropolitana-en-santiago-centro,43
f4ee57d01a97cc24,https://cl.computrabajo.com/ofertas-de-trabajo/oferta-de-trabajo-de-practica-profesional-area-administrativa-full-time-san-bernardo-en-san-bernardo-29DAAB70C937F47D61373E686DCF3405,Práctica Profesional Área Administrativa Full Time / San Bernardo,posted|wp_id=33169|https://chile.mimusjobs.com/job/practica-profesional-area-administrativa-full-time-san-bernardo-2/,2026-09-27T18:11:12.067903,https://cl.computrabajo.com/empleos-en-r.metropolitana-en-santiago-centro,43
91d310228f733b54,https://cl.computrabajo.com/ofertas-de-trabajo/oferta-de-trabajo-de-analista-junior-analista-operaciones-santiago-centro-en-santiago-centro-8DB1EEE52F17582E61373E686DCF3405,Analista Junior / Analista Operaciones - Santiago Centro,posted|wp_id=30927|https://chile.mimusjobs.com/job/analista-junior-analista-operaciones-santiago-centro/,2026-09-27T18:11:16.005351,https://cl.computrabajo.com/empleos-en-r.metropolitana-en-santiago-centro,43
3f8f13efa5568e6b,https://cl.computrabajo.com/ofertas-de-trabajo/oferta-de-trabajo-de-se-precisa-urgente-auxiliar-de-aseo-para-la-comuna-de-buin-buin-en-buin-F1752513435045B561373E686DCF3405,Se precisa urgente auxiliar de aseo para la comuna de Buin - Buin,posted|wp_id=28505|https://chile.mimusjobs.com/job/se-precisa-urgente-auxiliar-de-aseo-para-la-comuna-de-buin-buin/,2026-09-27T18:11:20.171002,https://cl.computrabajo.com/empleos-en-r.metropolitana-en-santiago-centro,43
204d8474bb64d650,https://cl.computrabajo.com/ofertas-de-trabajo/oferta-de-trabajo-de-promotor-vendedor-por-reemplazo-de-vacaciones-para-pinturas-de-grandes-superficies-comuna-de-san-joaquin-en-santiago-san-joaquin-2CB3F4B2A249A1F361373E686DCF3405,Promotor Vendedor por reemplazo de vacaciones para Pinturas de Grandes Superficies - Comuna de San Joaquin,posted|wp_id=33171|https://chile.mimusjobs.com/job/promotor-vendedor-por-reemplazo-de-vacaciones-para-pinturas-de-grandes-superficies-comuna-de-san-joaquin-2/,2026-09-27T18:11:30.630553,https://cl.computrabajo.com/empleos-en-r.metropolitana-en-santiago-centro,43
4039b4a7e25f7db9,https://cl.computrabajo.com/ofertas-de-trabajo/oferta-de-trabajo-de-conductoresras-a3-puente-alto-terminal-camilo-henriquez-en-puente-alto-3F6F48832548871361373E686DCF3405,Conductores/ras A3 - Puente Alto Terminal Camilo Henríquez,posted|wp_id=33172|https://chile.mimusjobs.com/job/conductores-ras-a3-puente-alto-terminal-camilo-henriquez-2/,2026-09-27T18:11:36.587717,https://cl.computrabajo.com/empleos-en-r.metropolitana-en-santiago-centro,43
65cd62e3d74d6c6d,https://cl.computrabajo.com/ofertas-de-trabajo/oferta-de-trabajo-de-reponedora-part-time-15-hrs-fines-de-semana-las-condes-turno-am-sabados-domingos-y-festivos-en-santiago-las-condes-064FFBB0FFE7482D61373E686DCF3405,"Reponedor/a Part Time 15 hrs fines de semana / Las Condes - Turno AM: Sábados ,domingos y festivos",posted|wp_id=33174|https://chile.mimusjobs.com/job/reponedor-a-part-time-15-hrs-fines-de-semana-las-condes-turno-am-sabados-domingos-y-festivos-2/,2026-09-27T18:11:45.050974,https://cl.computrabajo.com/empleos-en-r.metropolitana-en-santiago-centro,43
8016cb28991fd0c4,https://cl.computrabajo.com/ofertas-de-trabajo/oferta-de-trabajo-de-reponedor-con-experiencia-en-lacteos-part-time-fines-de-semana-y-festivos-29000-diario-liquidos-san-bernardo-en-san-bernardo-002F1C78DB1A3BB761373E686DCF3405,Reponedor con experiencia en Lácteos / Part Time Fines de semana y Festivos - $29.000 diario líquidos / San Bernardo,posted|wp_id=33176|https://chile.mimusjobs.com/job/reponedor-con-experiencia-en-lacteos-part-time-fines-de-semana-y-festivos-29-000-diario-liquidos-san-bernardo-2/,2026-09-27T18:11:53.167127,https://cl.computrabajo.com/empleos-en-r.metropolitana-en-santiago-centro,43
ab01b3ac16a2e9d3,https://cl.computrabajo.com/ofertas-de-trabajo/oferta-de-trabajo-de-vina-del-mar-ejecutivoa-comercial-telecomunicaciones-terreno-gtd-telecomunicaciones-en-vina-del-mar-4583C8318BDD8E1461373E686DCF3405,Viña del Mar Ejecutivo/a Comercial Telecomunicaciones Terreno - GTD Telecomunicaciones,posted|wp_id=33178|https://chile.mimusjobs.com/job/vina-del-mar-ejecutivo-a-comercial-telecomunicaciones-terreno-gtd-telecomunicaciones-2/,2026-09-27T18:12:02.843613,https://cl.computrabajo.com/empleos-en-r.metropolitana-en-santiago-centro,43
60d8873826704d08,https://cl.computrabajo.com/ofertas-de-trabajo/oferta-de-trabajo-de-enfermera-especialista-investigacion-y-desarrollo-insumos-pabellonuci-en-santiago-pudahuel-710BCB93AD6CCF2E61373E686DCF3405,Enfermera Especialista Investigación y Desarrollo - Insumos Pabellon/UCI,posted|wp_id=33180|https://chile.mimusjobs.com/job/enfermera-especialista-investigacion-y-desarrollo-insumos-pabellon-uci-2/,2026-09-27T18:12:22.840022,https://cl.computrabajo.com/empleos-en-r.metropolitana-en-santiago-centro,43
0a6f17d232d9c82b,https://cl.computrabajo.com/ofertas-de-trabajo/oferta-de-trabajo-de-supervisora-part-time-atencion-ciudadana-16-horas-area-psicosocial-en-santiago-providencia-B0BE09222DF8507161373E686DCF3405,Supervisor(a) Part Time Atención Ciudadana (16 horas) (Área Psicosocial),posted|wp_id=33181|https://chile.mimusjobs.com/job/supervisora-part-time-atencion-ciudadana-16-horas-area-psicosocial-2/,2026-09-27T18:12:27.923796,https://cl.computrabajo.com/empleos-en-r.metropolitana-en-santiago-centro,43
ea18cf6ac83c788b,https://cl.computrabajo.com/ofertas-de-trabajo/oferta-de-trabajo-de-supervisor-de-medidas-de-mitigacion-ambiental-puerto-montt-visitas-en-puerto-montt-3E12A68E87C22EF961373E686DCF3405,"Supervisor de Medidas de Mitigación Ambiental, Puerto Montt, visitas",posted|wp_id=33183|https://chile.mimusjobs.com/job/supervisor-de-medidas-de-mitigacion-ambiental-puerto-montt-visitas-2/,2026-09-27T18:12:35.320773,https://cl.computrabajo.com/empleos-en-r.metropolitana-en-santiago-centro,43
9e000b12d85e0a2f,https://cl.computrabajo.com/ofertas-de-trabajo/oferta-de-trabajo-de-vendedora-full-apoyo-transitorio-bodega-marathon-macul-en-santiago-macul-831170D5501CA5C761373E686DCF3405,"Vendedora Full Apoyo Transitorio Bodega Marathon, Macul",posted|wp_id=28480|https://chile.mimusjobs.com/job/vendedora-full-apoyo-transitorio-bodega-marathon-macul/,2026-09-27T18:12:37.673320,https://cl.computrabajo.com/empleos-en-r.metropolitana-en-santiago-centro,43
ec9063b383327f22,https://cl.computrabajo.com/ofertas-de-trabajo/oferta-de-trabajo-de-apoyo-de-jefatura-quillota-en-quillota-7C4663184F91642861373E686DCF3405,Apoyo de jefatura - Quillota,posted|wp_id=28483|https://chile.mimusjobs.com/job/apoyo-de-jefatura-quillota/,2026-09-27T18:12:43.425576,https://cl.computrabajo.com/empleos-en-r.metropolitana-en-santiago-centro,43
02a4d8dc8d08ae5d,https://cl.computrabajo.com/ofertas-de-trabajo/oferta-de-trabajo-de-la-cisterna-asesor-venta-pt-25-hrs-en-santiago-la-cisterna-7D635FA97136D99861373E686DCF3405,"La Cisterna, Asesor Venta PT 25 Hrs",posted|wp_id=28520|https://chile.mimusjobs.com/job/la-cisterna-asesor-venta-pt-25-hrs/,2026-09-27T18:12:47.127313,https://cl.computrabajo.com/empleos-en-r.metropolitana-en-santiago-centro,43
e14f1dbe62072c36,https://cl.computrabajo.com/ofertas-de-trabajo/oferta-de-trabajo-de-ejecutivo-de-venta-producto-financiero-en-rancagua-08DE94526F4CBE2761373E686DCF3405,Ejecutivo de Venta Producto Financiero,posted|wp_id=18133|https://chile.mimusjobs.com/job/ejecutivo-de-venta-producto-financiero/,2026-09-27T18:12:51.366967,https://cl.computrabajo.com/empleos-en-r.metropolitana-en-santiago-centro,43
53cd9fe836a96f33,https://cl.computrabajo.com/ofertas-de-trabajo/oferta-de-trabajo-de-tecnico-climatizacion-temuco-temuco-en-temuco-901369FA8AC4299E61373E686DCF3405,Técnico Climatización Temuco - Temuco,posted|wp_id=33184|https://chile.mimusjobs.com/job/tecnico-climatizacion-temuco-temuco/,2026-09-27T18:12:56.873266,https://cl.computrabajo.com/empleos-en-r.metropolitana-en-santiago-centro,44
ea67080cf1700dfb,https://cl.computrabajo.com/ofertas-de-trabajo/oferta-de-trabajo-de-administrador-de-contrato-chuquicamata-en-calama-EB4522C2AF83140061373E686DCF3405,Administrador de contrato - Chuquicamata,posted|wp_id=28476|https://chile.mimusjobs.com/job/administrador-de-contrato-chuquicamata/,2026-09-27T18:13:00.657090,https://cl.computrabajo.com/empleos-en-r.metropolitana-en-santiago-centro,44
c22ddbbff4564b44,https://cl.computrabajo.com/ofertas-de-trabajo/oferta-de-trabajo-de-tecnico-mecanico-automotriz-arrendadora-antofagasta-en-antofagasta-5D9F85CB9F75E9BB61373E686DCF3405,Técnico Mecánico Automotriz - Arrendadora Antofagasta,posted|wp_id=33185|https://chile.mimusjobs.com/job/tecnico-mecanico-automotriz-arrendadora-antofagasta-2/,2026-09-27T18:13:06.137142,https://cl.computrabajo.com/empleos-en-r.metropolitana-en-santiago-centro,44
c7660909b6079b86,https://cl.computrabajo.com/ofertas-de-trabajo/oferta-de-trabajo-de-urgente-buscamos-operadores-de-tienda-con-experiencia-en-caja-a-cuenta-o-lider-ingreso-inmediato-lo-barnechea-en-santiago-lo-barnechea-075814023CAF73DD61373E686DCF3405,Urgente! Buscamos Operadores de Tienda con Experiencia en Caja A Cuenta o Líder - Ingreso Inmediato Lo Barnechea,posted|wp_id=33187|https://chile.mimusjobs.com/job/urgente-buscamos-operadores-de-tienda-con-experiencia-en-caja-a-cuenta-o-lider-ingreso-inmediato-lo-barnechea/,2026-09-27T18:13:12.488684,https://cl.computrabajo.com/empleos-en-r.metropolitana-en-santiago-centro,44
572abfc2bfd6d6e4,https://cl.computrabajo.com/ofertas-de-trabajo/oferta-de-trabajo-de-tens-cuidados-domiciliarios-licante-turno-2x2-diurno-en-licanten-D5AA2C42341B32ED61373E686DCF3405,Tens Cuidados domiciliarios Licante /Turno 2x2 Diurno,posted|wp_id=28522|https://chile.mimusjobs.com/job/tens-cuidados-domiciliarios-licante-turno-2x2-diurno/,2026-09-27T18:13:15.664410,https://cl.computrabajo.com/empleos-en-r.metropolitana-en-santiago-centro,44
16944aaab5013a4a,https://cl.computrabajo.com/ofertas-de-trabajo/oferta-de-trabajo-de-auxiliar-de-limpieza-las-condes-en-santiago-las-condes-D59599FB312A869061373E686DCF3405,Auxiliar de Limpieza - Las Condes,posted|wp_id=28489|https://chile.mimusjobs.com/job/auxiliar-de-limpieza-las-condes/,2026-09-27T18:13:18.157764,https://cl.computrabajo.com/empleos-en-r.metropolitana-en-santiago-centro,44
c0e0c39adb76009c,https://cl.computrabajo.com/ofertas-de-trabajo/oferta-de-trabajo-de-peoneta-sector-colina-en-colina-FF893937C046D35D61373E686DCF3405,Peoneta Sector Colina,posted|wp_id=28482|https://chile.mimusjobs.com/job/peoneta-sector-colina/,2026-09-27T18:13:21.543192,https://cl.computrabajo.com/empleos-en-r.metropolitana-en-santiago-centro,44
b3995752b86c5cda,https://cl.computrabajo.com/ofertas-de-trabajo/oferta-de-trabajo-de-tens-anestesia-institucion-de-salud-en-providencia-700000-liq-en-santiago-providencia-430B5A0D44DC3A2A61373E686DCF3405,"Tens Anestesia, Institución de Salud en Providencia, 700.000 liq",posted|wp_id=33189|https://chile.mimusjobs.com/job/tens-anestesia-institucion-de-salud-en-providencia-700-000-liq-4/,2026-09-27T18:13:28.744238,https://cl.computrabajo.com/empleos-en-r.metropolitana-en-santiago-centro,44
5c60b34fecc1a1cf,https://cl.computrabajo.com/ofertas-de-trabajo/oferta-de-trabajo-de-vendedora-full-time-44-hrs-semanales-mall-paseo-colina-en-colina-614A2D10428AF0F361373E686DCF3405,Vendedor(a) Full Time 44 hrs semanales - Mall Paseo Colina,posted|wp_id=33190|https://chile.mimusjobs.com/job/vendedora-full-time-44-hrs-semanales-mall-paseo-colina-2/,2026-09-27T18:13:35.841006,https://cl.computrabajo.com/empleos-en-r.metropolitana-en-santiago-centro,44
cae40ebc14e04a39,https://cl.computrabajo.com/ofertas-de-trabajo/oferta-de-trabajo-de-ejecutivoa-presupuestos-centro-medico-vitacura-en-santiago-vitacura-EA1CD0D13A4B611861373E686DCF3405,Ejecutivo/a - Presupuestos Centro Medico Vitacura,posted|wp_id=28473|https://chile.mimusjobs.com/job/ejecutivo-a-presupuestos-centro-medico-vitacura/,2026-09-27T18:13:37.937982,https://cl.computrabajo.com/empleos-en-r.metropolitana-en-santiago-centro,44
491e9880c7bdab62,https://cl.computrabajo.com/ofertas-de-trabajo/oferta-de-trabajo-de-anfitriona-maipu-mall-arauco-en-santiago-maipu-9D3004AFD03DDC9161373E686DCF3405,Anfitrión/a Maipú Mall Arauco,posted|wp_id=33191|https://chile.mimusjobs.com/job/anfitrion-a-maipu-mall-arauco-2/,2026-09-27T18:13:42.008003,https://cl.computrabajo.com/empleos-en-r.metropolitana-en-santiago-centro,44
c5048da636482f6e,https://cl.computrabajo.com/ofertas-de-trabajo/oferta-de-trabajo-de-auxiliar-de-bodega-san-bernardo-en-san-bernardo-1D5D38F77939CA2961373E686DCF3405,Auxiliar de bodega (San Bernardo),posted|wp_id=28468|https://chile.mimusjobs.com/job/auxiliar-de-bodega-san-bernardo/,2026-09-27T18:13:45.848089,https://cl.computrabajo.com/empleos-en-r.metropolitana-en-santiago-centro,44
83d82f26880cabca,https://cl.computrabajo.com/ofertas-de-trabajo/oferta-de-trabajo-de-guardia-seguridad-metro-tren-turno-fijo-dia-estacion-hospital-y-paine-en-paine-92E712621515C2F261373E686DCF3405,Guardia Seguridad Metro Tren Turno Fijo Día - Estación Hospital y Paine,posted|wp_id=33193|https://chile.mimusjobs.com/job/guardia-seguridad-metro-tren-turno-fijo-dia-estacion-hospital-y-paine-2/,2026-09-27T18:13:54.353372,https://cl.computrabajo.com/empleos-en-r.metropolitana-en-santiago-centro,44
d12df036335851cb,https://cl.computrabajo.com/ofertas-de-trabajo/oferta-de-trabajo-de-manipulacion-de-alimentos-y-reparto-penalolen-en-santiago-penalolen-23F047720C50BEA561373E686DCF3405,Manipulación de alimentos y reparto - Peñalolén,posted|wp_id=33195|https://chile.mimusjobs.com/job/manipulacion-de-alimentos-y-reparto-penalolen/,2026-09-27T18:14:05.273127,https://cl.computrabajo.com/empleos-en-r.metropolitana-en-santiago-centro,44
7660c2ee43ccab81,https://cl.computrabajo.com/ofertas-de-trabajo/oferta-de-trabajo-de-vendedor-a-electro-belleza-y-cuidado-personal-talca-en-talca-017A7BD029438F8461373E686DCF3405,Vendedor (a) Electro Belleza y Cuidado Personal / Talca,posted|wp_id=28512|https://chile.mimusjobs.com/job/vendedor-a-electro-belleza-y-cuidado-personal-talca/,2026-09-27T18:14:09.540453,https://cl.computrabajo.com/empleos-en-r.metropolitana-en-santiago-centro,44
3462df39e803547c,https://cl.computrabajo.com/ofertas-de-trabajo/oferta-de-trabajo-de-ingeniero-rams-senior-por-proyecto-en-valparaiso-5790A7DDBF9ACCF561373E686DCF3405,Ingeniero RAMS Senior - Por Proyecto,posted|wp_id=30925|https://chile.mimusjobs.com/job/ingeniero-rams-senior-por-proyecto/,2026-09-27T18:14:12.591192,https://cl.computrabajo.com/empleos-en-r.metropolitana-en-santiago-centro,44
375683865b604b4a,https://cl.computrabajo.com/ofertas-de-trabajo/oferta-de-trabajo-de-prevencionista-de-riesgos-tarragona-part-time-30-horas-santiago-en-santiago-las-condes-E171E322992F45A761373E686DCF3405,Prevencionista de Riesgos Tarragona Part Time 30 Horas Santiago,posted|wp_id=28470|https://chile.mimusjobs.com/job/prevencionista-de-riesgos-tarragona-part-time-30-horas-santiago/,2026-09-27T18:14:16.201182,https://cl.computrabajo.com/empleos-en-r.metropolitana-en-santiago-centro,44
f28c45d607a83c82,https://cl.computrabajo.com/ofertas-de-trabajo/oferta-de-trabajo-de-soporte-tecnico-conductor-vina-del-mar-750000-liquidos-en-vina-del-mar-93C1B3BEFADEEC8D61373E686DCF3405,Soporte Técnico Conductor Viña del Mar ($750.000 líquidos),posted|wp_id=33196|https://chile.mimusjobs.com/job/soporte-tecnico-conductor-vina-del-mar-750-000-liquidos-2/,2026-09-27T18:14:21.945548,https://cl.computrabajo.com/empleos-en-r.metropolitana-en-santiago-centro,45
79d4dd58ba6638db,https://cl.computrabajo.com/ofertas-de-trabajo/oferta-de-trabajo-de-operario-de-bodega-y-descarga-talagante-en-talagante-67DAD67DFCBDDBD061373E686DCF3405,Operario de Bodega y Descarga Talagante,posted|wp_id=28493|https://chile.mimusjobs.com/job/operario-de-bodega-y-descarga-talagante/,2026-09-27T18:14:24.523708,https://cl.computrabajo.com/empleos-en-r.metropolitana-en-santiago-centro,45
959431f883efe24a,https://cl.computrabajo.com/ofertas-de-trabajo/oferta-de-trabajo-de-apoyo-multifuncional-retail-part-time-quillota-en-quillota-1B3B032A6F1E3D2661373E686DCF3405,Apoyo Multifuncional Retail Part Time - Quillota,posted|wp_id=28494|https://chile.mimusjobs.com/job/apoyo-multifuncional-retail-part-time-quillota/,2026-09-27T18:14:28.728282,https://cl.computrabajo.com/empleos-en-r.metropolitana-en-santiago-centro,45
b5ae5212c850cd58,https://cl.computrabajo.com/ofertas-de-trabajo/oferta-de-trabajo-de-inspector-tecnico-ambiental-en-san-bernardo-6AE690335355F5F861373E686DCF3405,Inspector Técnico Ambiental,posted|wp_id=33197|https://chile.mimusjobs.com/job/inspector-tecnico-ambiental-2/,2026-09-27T18:14:32.749237,https://cl.computrabajo.com/empleos-en-r.metropolitana-en-santiago-centro,45
c9de8cd15a71d502,https://cl.computrabajo.com/ofertas-de-trabajo/oferta-de-trabajo-de-cyber-day-operarios-de-bodega-turno-noche-pudahuel-o-cerrillos-610000-en-santiago-centro-D8BC0A3B02D8855661373E686DCF3405,Cyber Day Operarios de Bodega Turno Noche Pudahuel o Cerrillos 610.000,posted|wp_id=28507|https://chile.mimusjobs.com/job/cyber-day-operarios-de-bodega-turno-noche-pudahuel-o-cerrillos-610-000/,2026-09-27T18:14:36.936060,https://cl.computrabajo.com/empleos-en-r.metropolitana-en-santiago-centro,45
9173f410d046fa6a,https://cl.computrabajo.com/ofertas-de-trabajo/oferta-de-trabajo-de-carniceroa-para-supermercado-en-san-bernardo-en-san-bernardo-0BCC7FD00F27708261373E686DCF3405,Carnicero/a Para Supermercado en San Bernardo,posted|wp_id=28524|https://chile.mimusjobs.com/job/carnicero-a-para-supermercado-en-san-bernardo/,2026-09-27T18:14:41.991266,https://cl.computrabajo.com/empleos-en-r.metropolitana-en-santiago-centro,45
6ec697fc8d76be71,https://cl.computrabajo.com/ofertas-de-trabajo/oferta-de-trabajo-de-analista-de-materiales-en-santiago-centro-0A3976F99916863761373E686DCF3405,Analista de Materiales,posted|wp_id=28478|https://chile.mimusjobs.com/job/analista-de-materiales/,2026-09-27T18:14:46.805900,https://cl.computrabajo.com/empleos-en-r.metropolitana-en-santiago-centro,45
526582421bfec140,https://cl.computrabajo.com/ofertas-de-trabajo/oferta-de-trabajo-de-reponedor-nocturno-cerrillos-en-santiago-cerrillos-9068C85B4692AB9861373E686DCF3405,Reponedor Nocturno Cerrillos,posted|wp_id=10097|https://chile.mimusjobs.com/job/reponedor-nocturno-cerrillos/,2026-09-27T18:14:50.126205,https://cl.computrabajo.com/empleos-en-r.metropolitana-en-santiago-centro,45
2af889399c30be3a,https://cl.computrabajo.com/ofertas-de-trabajo/oferta-de-trabajo-de-guardias-4x4-dia-con-curso-vigente-o-con-prorroga-610000-tienda-paris-mall-arauco-maipu-maipu-en-santiago-maipu-2D4D87774965A1E961373E686DCF3405,"Guardias 4x4 día Con curso vigente o Con Prorroga 610.000, Tienda Paris Mall Arauco Maipú - Maipú",posted|wp_id=33199|https://chile.mimusjobs.com/job/guardias-4x4-dia-con-curso-vigente-o-con-prorroga-610-000-tienda-paris-mall-arauco-maipu-maipu-5/,2026-09-27T18:14:57.420017,https://cl.computrabajo.com/empleos-en-r.metropolitana-en-santiago-centro,45
a3a0cb6dbd1203ae,https://cl.computrabajo.com/ofertas-de-trabajo/oferta-de-trabajo-de-coordinador-de-prevencion-de-riesgos-mineria-iquique-en-iquique-4B70739ED2EC430B61373E686DCF3405,Coordinador de Prevención de Riesgos /Minería - Iquique,posted|wp_id=33200|https://chile.mimusjobs.com/job/coordinador-de-prevencion-de-riesgos-mineria-iquique-5/,2026-09-27T18:15:03.130824,https://cl.computrabajo.com/empleos-en-r.metropolitana-en-santiago-centro,45
da71269341b5651e,https://cl.computrabajo.com/ofertas-de-trabajo/oferta-de-trabajo-de-conductor-con-licencia-a4coquimbo-en-coquimbo-BA099C40D9EDE39261373E686DCF3405,Conductor con Licencia A4/Coquimbo,posted|wp_id=10101|https://chile.mimusjobs.com/job/conductor-con-licencia-a4-coquimbo/,2026-09-27T18:15:06.920078,https://cl.computrabajo.com/empleos-en-r.metropolitana-en-santiago-centro,45
d351a3dda12c0771,https://cl.computrabajo.com/ofertas-de-trabajo/oferta-de-trabajo-de-conductor-con-licencia-a4antofagasta-en-antofagasta-8B15F68B022D561161373E686DCF3405,Conductor con Licencia A4/Antofagasta,posted|wp_id=10103|https://chile.mimusjobs.com/job/conductor-con-licencia-a4-antofagasta/,2026-09-27T18:15:11.337686,https://cl.computrabajo.com/empleos-en-r.metropolitana-en-santiago-centro,45
6f00df8456962388,https://cl.computrabajo.com/ofertas-de-trabajo/oferta-de-trabajo-de-aseo-planta-frigorifico-y-oficinas-en-santiago-pudahuel-063E84475C2B5A7E61373E686DCF3405,Aseo Planta Frigorifico y oficinas,posted|wp_id=10107|https://chile.mimusjobs.com/job/aseo-planta-frigorifico-y-oficinas/,2026-09-27T18:15:14.455976,https://cl.computrabajo.com/empleos-en-r.metropolitana-en-santiago-centro,45
7fc04c9b7e11ba3c,https://cl.computrabajo.com/ofertas-de-trabajo/oferta-de-trabajo-de-analista-de-inventarioantofagasta-turno-dia-en-antofagasta-B7744AFE4F39361F61373E686DCF3405,Analista de Inventario/Antofagasta/ Turno Día,posted|wp_id=33202|https://chile.mimusjobs.com/job/analista-de-inventario-antofagasta-turno-dia-5/,2026-09-27T18:15:22.569472,https://cl.computrabajo.com/empleos-en-r.metropolitana-en-santiago-centro,45
d21db477ea0aa852,https://cl.computrabajo.com/ofertas-de-trabajo/oferta-de-trabajo-de-lider-de-turnocoquimbo-turno-dia-en-coquimbo-5C63A956E505617961373E686DCF3405,Líder de Turno/Coquimbo/ Turno Día,posted|wp_id=33204|https://chile.mimusjobs.com/job/lider-de-turno-coquimbo-turno-dia-5/,2026-09-27T18:15:29.940459,https://cl.computrabajo.com/empleos-en-r.metropolitana-en-santiago-centro,45
a4de0567942b3a13,https://cl.computrabajo.com/ofertas-de-trabajo/oferta-de-trabajo-de-lider-de-turnoantofagasta-turno-dia-en-antofagasta-5846BDF462134DE261373E686DCF3405,Líder de Turno/Antofagasta/ Turno Día,posted|wp_id=33206|https://chile.mimusjobs.com/job/lider-de-turno-antofagasta-turno-dia-5/,2026-09-27T18:15:40.076715,https://cl.computrabajo.com/empleos-en-r.metropolitana-en-santiago-centro,45
49886e898431e5cb,https://cl.computrabajo.com/ofertas-de-trabajo/oferta-de-trabajo-de-ejecutivo-comex-residir-en-iquique-semi-senior-1400000-en-iquique-AF295C18066C9AEA61373E686DCF3405,• Ejecutivo Comex/ Residir en Iquique /Semi Senior - $1.400.000,posted|wp_id=10122|https://chile.mimusjobs.com/job/ejecutivo-comex-residir-en-iquique-semi-senior-1-400-000/,2026-09-27T18:15:44.909549,https://cl.computrabajo.com/empleos-en-r.metropolitana-en-santiago-centro,45
01562cb0b3025682,https://cl.computrabajo.com/ofertas-de-trabajo/oferta-de-trabajo-de-operario-multifuncionalantofagasta-turno-dia-en-antofagasta-E66D67528B2C790761373E686DCF3405,Operario Multifuncional/Antofagasta/ Turno Día,posted|wp_id=33208|https://chile.mimusjobs.com/job/operario-multifuncional-antofagasta-turno-dia-5/,2026-09-27T18:15:52.649647,https://cl.computrabajo.com/empleos-en-r.metropolitana-en-santiago-centro,45
fc7e0d4fc2e4455f,https://cl.computrabajo.com/ofertas-de-trabajo/oferta-de-trabajo-de-operario-multifuncionalcoquimbo-turno-dia-en-coquimbo-B3EDA1665C894B4161373E686DCF3405,Operario Multifuncional/Coquimbo/ Turno Día,posted|wp_id=33210|https://chile.mimusjobs.com/job/operario-multifuncional-coquimbo-turno-dia-5/,2026-09-27T18:16:00.010719,https://cl.computrabajo.com/empleos-en-r.metropolitana-en-santiago-centro,45
43b74ce38467a43f,https://cl.computrabajo.com/ofertas-de-trabajo/oferta-de-trabajo-de-operariosas-de-bodega-turno-tarde-pudahuel-temporada-cyber-564000-en-santiago-pudahuel-9D623C0ECF8A677A61373E686DCF3405,Operarios(as) de bodega turno Tarde Pudahuel - temporada cyber $564.000,posted|wp_id=33212|https://chile.mimusjobs.com/job/operariosas-de-bodega-turno-tarde-pudahuel-temporada-cyber-564-000-5/,2026-09-27T18:16:05.939003,https://cl.computrabajo.com/empleos-en-r.metropolitana-en-santiago-centro,45
e7318fbfcdf4a22d,https://cl.computrabajo.com/ofertas-de-trabajo/oferta-de-trabajo-de-operariosas-de-bodega-pudahuel-noche-temporada-cyber-645000-en-santiago-pudahuel-77C80122E21EF11861373E686DCF3405,Operarios(as) de bodega Pudahuel Noche - Temporada cyber $645000,posted|wp_id=33214|https://chile.mimusjobs.com/job/operariosas-de-bodega-pudahuel-noche-temporada-cyber-645000-5/,2026-09-27T18:16:12.170135,https://cl.computrabajo.com/empleos-en-r.metropolitana-en-santiago-centro,46
ccdd79ec8780f829,https://cl.computrabajo.com/ofertas-de-trabajo/oferta-de-trabajo-de-auxiliar-aseo-part-time-con-o-sin-experiencia-retail-en-santiago-pudahuel-61CF19D205D748B261373E686DCF3405,Auxiliar Aseo Part Time Con o Sin Experiencia - Retail,posted|wp_id=10119|https://chile.mimusjobs.com/job/auxiliar-aseo-part-time-con-o-sin-experiencia-retail/,2026-09-27T18:16:14.722964,https://cl.computrabajo.com/empleos-en-r.metropolitana-en-santiago-centro,46
c3090bbe7a3a6e0c,https://cl.computrabajo.com/ofertas-de-trabajo/oferta-de-trabajo-de-supervisora-de-operaciones-logisticascoquimboturno-noche-en-coquimbo-E6B5C778088122D961373E686DCF3405,Supervisor(a) de Operaciones Logísticas/Coquimbo/Turno Noche,posted|wp_id=33216|https://chile.mimusjobs.com/job/supervisora-de-operaciones-logisticas-coquimbo-turno-noche-5/,2026-09-27T18:16:22.675585,https://cl.computrabajo.com/empleos-en-r.metropolitana-en-santiago-centro,46
8da09473373967e6,https://cl.computrabajo.com/ofertas-de-trabajo/oferta-de-trabajo-de-supervisora-de-operaciones-logisticasantofagastaturno-noche-en-antofagasta-FFB339A29470ED8C61373E686DCF3405,Supervisor(a) de Operaciones Logísticas/Antofagasta/Turno Noche,posted|wp_id=33218|https://chile.mimusjobs.com/job/supervisora-de-operaciones-logisticas-antofagasta-turno-noche-5/,2026-09-27T18:16:31.846193,https://cl.computrabajo.com/empleos-en-r.metropolitana-en-santiago-centro,46
355102da66a1aefd,https://cl.computrabajo.com/ofertas-de-trabajo/oferta-de-trabajo-de-analista-administrativo-de-activaciones-backoffice-en-santiago-centro-7E262CF151788B0761373E686DCF3405,Analista Administrativo de Activaciones Backoffice,posted|wp_id=10134|https://chile.mimusjobs.com/job/analista-administrativo-de-activaciones-backoffice/,2026-09-27T18:16:36.354558,https://cl.computrabajo.com/empleos-en-r.metropolitana-en-santiago-centro,46
944ae32c34e70574,https://cl.computrabajo.com/ofertas-de-trabajo/oferta-de-trabajo-de-inspector-hse-ccmc-en-tierra-amarilla-78784F2C94D5887B61373E686DCF3405,Inspector HSE (CCMC),posted|wp_id=33220|https://chile.mimusjobs.com/job/inspector-hse-ccmc/,2026-09-27T18:16:43.502386,https://cl.computrabajo.com/empleos-en-r.metropolitana-en-santiago-centro,46
ab2c12bc268780fb,https://cl.computrabajo.com/ofertas-de-trabajo/oferta-de-trabajo-de-apilador-electrico-y-order-picker-pudahuel-turno-fijo-en-santiago-pudahuel-64AA2F003E9A5D8B61373E686DCF3405,Apilador electrico y order picker - Pudahuel turno fijo,posted|wp_id=28540|https://chile.mimusjobs.com/job/apilador-electrico-y-order-picker-pudahuel-turno-fijo/,2026-09-27T18:16:46.957718,https://cl.computrabajo.com/empleos-en-r.metropolitana-en-santiago-centro,46
c56d91b86fd26b98,https://cl.computrabajo.com/ofertas-de-trabajo/oferta-de-trabajo-de-project-manager-proyectos-tecnologicos-en-santiago-providencia-44B56570870D8F7361373E686DCF3405,"Project Manager, Proyectos Tecnológicos",posted|wp_id=33221|https://chile.mimusjobs.com/job/project-manager-proyectos-tecnologicos-2/,2026-09-27T18:16:50.482555,https://cl.computrabajo.com/empleos-en-r.metropolitana-en-santiago-centro,46
8f9179b99382fd52,https://cl.computrabajo.com/ofertas-de-trabajo/oferta-de-trabajo-de-tecnico-de-servicio-licencia-a4-excluyente-en-santiago-macul-246B4425D9EF064A61373E686DCF3405,Tecnico de servicio Licencia A4 excluyente,posted|wp_id=33223|https://chile.mimusjobs.com/job/tecnico-de-servicio-licencia-a4-excluyente/,2026-09-27T18:16:57.627967,https://cl.computrabajo.com/empleos-en-r.metropolitana-en-santiago-centro,46
832f4c5e79949b13,https://cl.computrabajo.com/ofertas-de-trabajo/oferta-de-trabajo-de-analista-de-datos-maestros-sap-quilicura-en-santiago-quilicura-3FF94361F2E27E2E61373E686DCF3405,Analista de Datos Maestros SAP - Quilicura,posted|wp_id=28525|https://chile.mimusjobs.com/job/analista-de-datos-maestros-sap-quilicura/,2026-09-27T18:17:02.595403,https://cl.computrabajo.com/empleos-en-r.metropolitana-en-santiago-centro,46
9f075898a644e788,https://cl.computrabajo.com/ofertas-de-trabajo/oferta-de-trabajo-de-vendedoresas-con-o-sin-experiencia-para-farmacias-trabajo-de-verano-puerto-varas-en-puerto-varas-9508C42E9FEF6C0561373E686DCF3405,"Vendedores/as con o sin experiencia para Farmacias, Trabajo de Verano Puerto Varas",posted|wp_id=33224|https://chile.mimusjobs.com/job/vendedores-as-con-o-sin-experiencia-para-farmacias-trabajo-de-verano-puerto-varas-2/,2026-09-27T18:17:16.533305,https://cl.computrabajo.com/empleos-en-r.metropolitana-en-santiago-centro,46
ea6472cc918dd01a,https://cl.computrabajo.com/ofertas-de-trabajo/oferta-de-trabajo-de-ayudante-tecnico-de-instalaciones-en-santiago-centro-253FCCE11F5C908C61373E686DCF3405,Ayudante Técnico de Instalaciones,posted|wp_id=33226|https://chile.mimusjobs.com/job/ayudante-tecnico-de-instalaciones-2/,2026-09-27T18:17:26.198175,https://cl.computrabajo.com/empleos-en-r.metropolitana-en-santiago-centro,46
fb8b74b8a64a02d0,https://cl.computrabajo.com/ofertas-de-trabajo/oferta-de-trabajo-de-guardia-de-seguridad-maritimo-portuario-san-antonio-en-san-antonio-CC18E929020CD98561373E686DCF3405,Guardia de seguridad marítimo portuario - San Antonio,posted|wp_id=33228|https://chile.mimusjobs.com/job/guardia-de-seguridad-maritimo-portuario-san-antonio-2/,2026-09-27T18:17:35.759190,https://cl.computrabajo.com/empleos-en-r.metropolitana-en-santiago-centro,46
763aaa9a959d9fcc,https://cl.computrabajo.com/ofertas-de-trabajo/oferta-de-trabajo-de-gestor-de-ventas-arica-arica-en-arica-A1573DBB8F5F07F361373E686DCF3405,Gestor de ventas/ Arica - Arica,posted|wp_id=28527|https://chile.mimusjobs.com/job/gestor-de-ventas-arica-arica/,2026-09-27T18:17:38.754648,https://cl.computrabajo.com/empleos-en-r.metropolitana-en-santiago-centro,46
086d2d7b50c94eaa,https://cl.computrabajo.com/ofertas-de-trabajo/oferta-de-trabajo-de-analista-de-proveedores-quilicura-en-santiago-quilicura-829C59398455F83661373E686DCF3405,Analista de Proveedores – Quilicura,posted|wp_id=28558|https://chile.mimusjobs.com/job/analista-de-proveedores-quilicura/,2026-09-27T18:17:40.621961,https://cl.computrabajo.com/empleos-en-r.metropolitana-en-santiago-centro,46
2304c8f207c31315,https://cl.computrabajo.com/ofertas-de-trabajo/oferta-de-trabajo-de-operador-perforista-equipo-foremost-en-santiago-cerrillos-39F3D483DDC94B3061373E686DCF3405,Operador Perforista Equipo Foremost,posted|wp_id=28534|https://chile.mimusjobs.com/job/operador-perforista-equipo-foremost/,2026-09-27T18:17:44.377331,https://cl.computrabajo.com/empleos-en-r.metropolitana-en-santiago-centro,46
01e3e3769ed2b5f0,https://cl.computrabajo.com/ofertas-de-trabajo/oferta-de-trabajo-de-operador-de-planta-rancagua-empresa-de-cemento-y-hormigon-experiencia-en-cementos-u-hormigon-en-rancagua-F3019BE8FD638CC461373E686DCF3405,Operador de Planta Rancagua Empresa de Cemento y Hormigón - Experiencia en Cementos u Hormigón,posted|wp_id=33232|https://chile.mimusjobs.com/job/operador-de-planta-rancagua-empresa-de-cemento-y-hormigon-experiencia-en-cementos-u-hormigon-2/,2026-09-27T18:17:56.452765,https://cl.computrabajo.com/empleos-en-r.metropolitana-en-santiago-centro,46
4182eaffc3661c50,https://cl.computrabajo.com/ofertas-de-trabajo/oferta-de-trabajo-de-operarioa-kfc-limpieza-y-aseo-penaflor-en-penaflor-C9728B2F3CF5420561373E686DCF3405,Operario/a KFC Limpieza y Aseo / Peñaflor,posted|wp_id=33233|https://chile.mimusjobs.com/job/operario-a-kfc-limpieza-y-aseo-penaflor-2/,2026-09-27T18:18:00.429311,https://cl.computrabajo.com/empleos-en-r.metropolitana-en-santiago-centro,46
0ec8339f430a3a2e,https://cl.computrabajo.com/ofertas-de-trabajo/oferta-de-trabajo-de-montajista-experiencia-en-industrias-residencia-santiago-en-santiago-maipu-B9941AD341C6DF0061373E686DCF3405,Montajista Experiencia en Industrias Residencia Santiago,posted|wp_id=30988|https://chile.mimusjobs.com/job/montajista-experiencia-en-industrias-residencia-santiago/,2026-09-27T18:18:04.349008,https://cl.computrabajo.com/empleos-en-r.metropolitana-en-santiago-centro,47
4a297f0fd2be9d5f,https://cl.computrabajo.com/ofertas-de-trabajo/oferta-de-trabajo-de-preparador-de-pedidor-picker-colina-sabado-y-domingo-puertas-de-chicureo-en-colina-8A2572730CE88DE461373E686DCF3405,Preparador de Pedidor (Picker) / Colina / Sábado y Domingo / Puertas de Chicureo,posted|wp_id=33235|https://chile.mimusjobs.com/job/preparador-de-pedidor-picker-colina-sabado-y-domingo-puertas-de-chicureo-2/,2026-09-27T18:18:09.175878,https://cl.computrabajo.com/empleos-en-r.metropolitana-en-santiago-centro,47
a8042dd743f78e11,https://cl.computrabajo.com/ofertas-de-trabajo/oferta-de-trabajo-de-supervisor-de-sanidad-ambiental-certificado-de-de-control-de-plagas-region-metropolitana-macul-en-santiago-macul-381C42FCF3A995EB61373E686DCF3405,"Supervisor de sanidad ambiental (certificado de de control de plagas), Región metropolitana (Macul)",posted|wp_id=33236|https://chile.mimusjobs.com/job/supervisor-de-sanidad-ambiental-certificado-de-de-control-de-plagas-region-metropolitana-macul-2/,2026-09-27T18:18:14.197642,https://cl.computrabajo.com/empleos-en-r.metropolitana-en-santiago-centro,47
ad802e132d7c4a07,https://cl.computrabajo.com/ofertas-de-trabajo/oferta-de-trabajo-de-practica-profesional-coseche-chicureo-en-colina-4C73A68530358C4B61373E686DCF3405,"Práctica Profesional Coseche, Chicureo",posted|wp_id=33238|https://chile.mimusjobs.com/job/practica-profesional-coseche-chicureo-2/,2026-09-27T18:18:24.023141,https://cl.computrabajo.com/empleos-en-r.metropolitana-en-santiago-centro,47
db06764ebdf195c3,https://cl.computrabajo.com/ofertas-de-trabajo/oferta-de-trabajo-de-buscamos-conductores-de-minibus-sistema-turno-5x2-residencia-en-antofagasta-minibus-en-calama-CA073BB5098D3D3B61373E686DCF3405,Buscamos Conductores de Minibús sistema turno 5x2 Residencia en Antofagasta - Minibús,posted|wp_id=33242|https://chile.mimusjobs.com/job/buscamos-conductores-de-minibus-sistema-turno-5x2-residencia-en-antofagasta-minibus-2/,2026-09-27T18:18:34.348285,https://cl.computrabajo.com/empleos-en-r.metropolitana-en-santiago-centro,47
bc041eb08fe43f19,https://cl.computrabajo.com/ofertas-de-trabajo/oferta-de-trabajo-de-peoneta-antofagasta-en-antofagasta-1FF5EF0C96BA6FF661373E686DCF3405,Peoneta / Antofagasta,posted|wp_id=28560|https://chile.mimusjobs.com/job/peoneta-antofagasta/,2026-09-27T18:18:37.585106,https://cl.computrabajo.com/empleos-en-r.metropolitana-en-santiago-centro,47
1d891bf069eb7d32,https://cl.computrabajo.com/ofertas-de-trabajo/oferta-de-trabajo-de-merchandiser-para-reconocida-marca-de-telefono-concepcion-en-concepcion-B55F8DACEC426E5B61373E686DCF3405,Merchandiser para reconocida marca de telefono Concepcion,posted|wp_id=28573|https://chile.mimusjobs.com/job/merchandiser-para-reconocida-marca-de-telefono-concepcion/,2026-09-27T18:18:39.980789,https://cl.computrabajo.com/empleos-en-r.metropolitana-en-santiago-centro,47
ec0946ea107765f9,https://cl.computrabajo.com/ofertas-de-trabajo/oferta-de-trabajo-de-administrador-de-contratos-faena-ii-region-con-experiencia-en-sustancias-peligrosas-en-antofagasta-0027527C7FE0A74F61373E686DCF3405,Administrador de Contratos Faena II Región con experiencia en Sustancias Peligrosas,posted|wp_id=33244|https://chile.mimusjobs.com/job/administrador-de-contratos-faena-ii-region-con-experiencia-en-sustancias-peligrosas-2/,2026-09-27T18:18:47.278605,https://cl.computrabajo.com/empleos-en-r.metropolitana-en-santiago-centro,47
03b39519d54e666a,https://cl.computrabajo.com/ofertas-de-trabajo/oferta-de-trabajo-de-ejecutivoa-de-ventas-hibrido-tienda-terreno-vina-del-mar-valparaiso-en-valparaiso-3438760D73A4A9C761373E686DCF3405,Ejecutivo/a de Ventas Híbrido: Tienda + Terreno - Viña del Mar / Valparaiso,posted|wp_id=33246|https://chile.mimusjobs.com/job/ejecutivo-a-de-ventas-hibrido-tienda-terreno-vina-del-mar-valparaiso-2/,2026-09-27T18:18:55.079812,https://cl.computrabajo.com/empleos-en-r.metropolitana-en-santiago-centro,47
b009dd6a225fee6e,https://cl.computrabajo.com/ofertas-de-trabajo/oferta-de-trabajo-de-vientero-asistente-de-maniobras-de-izaje-8x6-antofagasta-en-antofagasta-037F0E475DC2E87961373E686DCF3405,Vientero (Asistente de Maniobras de Izaje) - 8x6 Antofagasta,posted|wp_id=28551|https://chile.mimusjobs.com/job/vientero-asistente-de-maniobras-de-izaje-8x6-antofagasta/,2026-09-27T18:18:59.545731,https://cl.computrabajo.com/empleos-en-r.metropolitana-en-santiago-centro,47
e2e6d12982db4e99,https://cl.computrabajo.com/ofertas-de-trabajo/oferta-de-trabajo-de-coordinador-especialista-telecomunicaciones-concepcion-en-concepcion-9E9BD36B8350435D61373E686DCF3405,Coordinador Especialista Telecomunicaciones - Concepción,posted|wp_id=33248|https://chile.mimusjobs.com/job/coordinador-especialista-telecomunicaciones-concepcion-2/,2026-09-27T18:19:06.736959,https://cl.computrabajo.com/empleos-en-r.metropolitana-en-santiago-centro,47
1a4e5310efe8e465,https://cl.computrabajo.com/ofertas-de-trabajo/oferta-de-trabajo-de-tecnicoa-de-soporte-y-mantencion-en-santiago-huechuraba-CBE4E901EB09949E61373E686DCF3405,Técnico/a de Soporte y Mantención,posted|wp_id=33250|https://chile.mimusjobs.com/job/tecnico-a-de-soporte-y-mantencion-2/,2026-09-27T18:19:13.446177,https://cl.computrabajo.com/empleos-en-r.metropolitana-en-santiago-centro,47
c8eda1ba9baee6c6,https://cl.computrabajo.com/ofertas-de-trabajo/oferta-de-trabajo-de-cajerosas-multifuncionales-part-time-pichirropulli-en-paillaco-E548476DD02AEF3A61373E686DCF3405,Cajeros(as) Multifuncionales Part Time / Pichirropulli,posted|wp_id=33252|https://chile.mimusjobs.com/job/cajerosas-multifuncionales-part-time-pichirropulli-2/,2026-09-27T18:19:20.988725,https://cl.computrabajo.com/empleos-en-r.metropolitana-en-santiago-centro,47
1a7e2a7b41857392,https://cl.computrabajo.com/ofertas-de-trabajo/oferta-de-trabajo-de-chofer-de-reparto-licencia-b-sucursal-copiapo-en-copiapo-D1E3CDF9A6D894B361373E686DCF3405,Chofer de Reparto licencia B - Sucursal Copiapo,posted|wp_id=28549|https://chile.mimusjobs.com/job/chofer-de-reparto-licencia-b-sucursal-copiapo/,2026-09-27T18:19:24.785936,https://cl.computrabajo.com/empleos-en-r.metropolitana-en-santiago-centro,47
6929e4e89971bce3,https://cl.computrabajo.com/ofertas-de-trabajo/oferta-de-trabajo-de-profesora-staff-fitness-nueva-sede-colina-en-colina-C2A7F59F2C0CA42661373E686DCF3405,Profesor/a Staff Fitness Nueva Sede Colina,posted|wp_id=28555|https://chile.mimusjobs.com/job/profesor-a-staff-fitness-nueva-sede-colina/,2026-09-27T18:19:27.438198,https://cl.computrabajo.com/empleos-en-r.metropolitana-en-santiago-centro,47
c4247f76d13b0e7a,https://cl.computrabajo.com/ofertas-de-trabajo/oferta-de-trabajo-de-tornero-convencional-san-bernardo-sector-las-acacias-en-san-bernardo-00C50F69E13BA1BE61373E686DCF3405,Tornero Convencional - San Bernardo Sector Las Acacias,posted|wp_id=10347|https://chile.mimusjobs.com/job/tornero-convencional-san-bernardo-sector-las-acacias/,2026-09-27T18:19:30.155563,https://cl.computrabajo.com/empleos-en-r.metropolitana-en-santiago-centro,47
fa8d3bfa379d1b81,https://cl.computrabajo.com/ofertas-de-trabajo/oferta-de-trabajo-de-supervisor-de-linea-proceso-de-habaschoclo-planta-san-fernando-en-san-fernando-81C55C0DA739347D61373E686DCF3405,Supervisor de Línea (Proceso de Habas/Choclo) - Planta San Fernando,posted|wp_id=33254|https://chile.mimusjobs.com/job/supervisor-de-linea-proceso-de-habas-choclo-planta-san-fernando-2/,2026-09-27T18:19:37.886291,https://cl.computrabajo.com/empleos-en-r.metropolitana-en-santiago-centro,47
3da5820788dca284,https://cl.computrabajo.com/ofertas-de-trabajo/oferta-de-trabajo-de-ingeniero-en-logistica-en-lampa-3519F394F920123061373E686DCF3405,Ingeniero en Logística,posted|wp_id=33255|https://chile.mimusjobs.com/job/ingeniero-en-logistica-2/,2026-09-27T18:19:43.105629,https://cl.computrabajo.com/empleos-en-r.metropolitana-en-santiago-centro,47
9d428364e2324681,https://cl.computrabajo.com/ofertas-de-trabajo/oferta-de-trabajo-de-operador-de-bodega-620000-pudahuel-miraflores-en-santiago-pudahuel-B2F8785A93FC36F061373E686DCF3405,"Operador de Bodega/ $620.000 / Pudahuel, miraflores",posted|wp_id=16917|https://chile.mimusjobs.com/job/operador-de-bodega-620-000-pudahuel-miraflores/,2026-09-27T18:19:46.584437,https://cl.computrabajo.com/empleos-en-r.metropolitana-en-santiago-centro,47
afc2886fd52aba25,https://cl.computrabajo.com/ofertas-de-trabajo/oferta-de-trabajo-de-guardia-de-seguridad-655000-extras-colacion6x2con-os10-vigente-supermercado-jumbo-antofagasta-en-antofagasta-881E60BFBD06E1DF61373E686DCF3405,Guardia de Seguridad $655.000 + Extras+ Colacion/6x2/Con OS10 Vigente/ Supermercado Jumbo - Antofagasta,posted|wp_id=33257|https://chile.mimusjobs.com/job/guardia-de-seguridad-655-000-extras-colacion-6x2-con-os10-vigente-supermercado-jumbo-antofagasta/,2026-09-27T18:19:54.029623,https://cl.computrabajo.com/empleos-en-r.metropolitana-en-santiago-centro,48
0862467e3a2ea1cc,https://cl.computrabajo.com/ofertas-de-trabajo/oferta-de-trabajo-de-ingeniero-a-de-procesos-copiapo-en-copiapo-9767124C20656FFC61373E686DCF3405,Ingeniero (a) de Procesos - Copiapó,posted|wp_id=33259|https://chile.mimusjobs.com/job/ingeniero-a-de-procesos-copiapo-2/,2026-09-27T18:20:00.025608,https://cl.computrabajo.com/empleos-en-r.metropolitana-en-santiago-centro,48
9c97ac7e5b49d129,https://cl.computrabajo.com/ofertas-de-trabajo/oferta-de-trabajo-de-tecnico-de-soporte-quinta-region-en-concon-D4450AF5D9FA4DA161373E686DCF3405,Técnico de Soporte - Quinta Región,posted|wp_id=33261|https://chile.mimusjobs.com/job/tecnico-de-soporte-quinta-region-2/,2026-09-27T18:20:12.313487,https://cl.computrabajo.com/empleos-en-r.metropolitana-en-santiago-centro,48
40f24a3eacb2ed1c,https://cl.computrabajo.com/ofertas-de-trabajo/oferta-de-trabajo-de-ayudante-de-cocina-pm-niu-concepcion-553000-bonos-en-concepcion-4A09CA3E9E0763B861373E686DCF3405,Ayudante de Cocina PM. Niu Concepción. 553.000 + bonos.,posted|wp_id=33262|https://chile.mimusjobs.com/job/ayudante-de-cocina-pm-niu-concepcion-553-000-bonos/,2026-09-27T18:20:17.503203,https://cl.computrabajo.com/empleos-en-r.metropolitana-en-santiago-centro,48
72915ba6bdcaef95,https://cl.computrabajo.com/ofertas-de-trabajo/oferta-de-trabajo-de-jefe-de-cocina-plaza-oeste-en-santiago-cerrillos-641A63D75914E25461373E686DCF3405,Jefe de cocina Plaza Oeste,posted|wp_id=28584|https://chile.mimusjobs.com/job/jefe-de-cocina-plaza-oeste/,2026-09-27T18:20:20.285459,https://cl.computrabajo.com/empleos-en-r.metropolitana-en-santiago-centro,48
ba9bb896c6353dc8,https://cl.computrabajo.com/ofertas-de-trabajo/oferta-de-trabajo-de-cajeroa-jornada-completa-en-quellon-5D2D95D25BD644DB61373E686DCF3405,Cajero/a Jornada Completa,posted|wp_id=28412|https://chile.mimusjobs.com/job/cajero-a-jornada-completa/,2026-09-27T18:20:25.441998,https://cl.computrabajo.com/empleos-en-r.metropolitana-en-santiago-centro,48
25c26d90a5b29978,https://cl.computrabajo.com/ofertas-de-trabajo/oferta-de-trabajo-de-supervisor-zonal-851000-liquido-art-22-en-santiago-centro-FF8C7A06599FF21561373E686DCF3405,Supervisor Zonal - $851.000 liquido Art. 22,posted|wp_id=28583|https://chile.mimusjobs.com/job/supervisor-zonal-851-000-liquido-art-22/,2026-09-27T18:20:28.624907,https://cl.computrabajo.com/empleos-en-r.metropolitana-en-santiago-centro,48
957bf6451a257806,https://cl.computrabajo.com/ofertas-de-trabajo/oferta-de-trabajo-de-merchandiserpromotor-de-ventas-nuble-en-chillan-A0B5A414BF771BF761373E686DCF3405,Merchandiser/Promotor de ventas - Nuble,posted|wp_id=28544|https://chile.mimusjobs.com/job/merchandiser-promotor-de-ventas-nuble/,2026-09-27T18:20:33.045478,https://cl.computrabajo.com/empleos-en-r.metropolitana-en-santiago-centro,48
f1f0d8ba946579af,https://cl.computrabajo.com/ofertas-de-trabajo/oferta-de-trabajo-de-asistente-de-parking-full-time-mall-plaza-antofagasta-antofagasta-en-antofagasta-FBDFF79F4D9801B561373E686DCF3405,Asistente de Parking Full Time Mall Plaza Antofagasta - Antofagasta,posted|wp_id=28575|https://chile.mimusjobs.com/job/asistente-de-parking-full-time-mall-plaza-antofagasta-antofagasta/,2026-09-27T18:20:38.954803,https://cl.computrabajo.com/empleos-en-r.metropolitana-en-santiago-centro,48
c2196bfb4d7b78dc,https://cl.computrabajo.com/ofertas-de-trabajo/oferta-de-trabajo-de-operario-segregador-lampa-y-colina-en-lampa-F101B2035E31224061373E686DCF3405,Operario Segregador – Lampa y Colina,posted|wp_id=33264|https://chile.mimusjobs.com/job/operario-segregador-lampa-y-colina/,2026-09-27T18:20:46.217008,https://cl.computrabajo.com/empleos-en-r.metropolitana-en-santiago-centro,48
f638b0f9e4c15827,https://cl.computrabajo.com/ofertas-de-trabajo/oferta-de-trabajo-de-ejecutivo-comercial-pensionado-talcahuano-en-talcahuano-41C9EEBE5E93941E61373E686DCF3405,Ejecutivo Comercial Pensionado - Talcahuano,posted|wp_id=28594|https://chile.mimusjobs.com/job/ejecutivo-comercial-pensionado-talcahuano/,2026-09-27T18:20:55.849262,https://cl.computrabajo.com/empleos-en-r.metropolitana-en-santiago-centro,48
f44b800afb098d07,https://cl.computrabajo.com/ofertas-de-trabajo/oferta-de-trabajo-de-vendedora-trainee-part-time-30hrs-4x3-rotativo-portal-el-llano-en-santiago-san-miguel-D95BDFE0867A5E5F61373E686DCF3405,Vendedor(a) Trainee / Part Time 30hrs (4x3 rotativo) /Portal el Llano,posted|wp_id=33267|https://chile.mimusjobs.com/job/vendedora-trainee-part-time-30hrs-4x3-rotativo-portal-el-llano-2/,2026-09-27T18:21:00.166538,https://cl.computrabajo.com/empleos-en-r.metropolitana-en-santiago-centro,48
a824c60c6a91f992,https://cl.computrabajo.com/ofertas-de-trabajo/oferta-de-trabajo-de-maestro-primera-carpintero-antofagasta-en-antofagasta-CC7554ED2BDC54A161373E686DCF3405,Maestro Primera Carpintero – Antofagasta,posted|wp_id=28557|https://chile.mimusjobs.com/job/maestro-primera-carpintero-antofagasta/,2026-09-27T18:21:04.186989,https://cl.computrabajo.com/empleos-en-r.metropolitana-en-santiago-centro,48
84f7402f560cd3db,https://cl.computrabajo.com/ofertas-de-trabajo/oferta-de-trabajo-de-soporte-ti-presencial-part-time-sap-chile-proyecto-de-30-dias-en-santiago-las-condes-46EB9E93F90EB53E61373E686DCF3405,Soporte TI Presencial Part Time – SAP Chile (Proyecto de 30 dias),posted|wp_id=28588|https://chile.mimusjobs.com/job/soporte-ti-presencial-part-time-sap-chile-proyecto-de-30-dias/,2026-09-27T18:21:08.776876,https://cl.computrabajo.com/empleos-en-r.metropolitana-en-santiago-centro,48
d0cf8ff42e7a70c4,https://cl.computrabajo.com/ofertas-de-trabajo/oferta-de-trabajo-de-operarios-de-bodega-concepcion-en-concepcion-B6D0E567C162AD0261373E686DCF3405,Operarios de bodega - Concepcion,posted|wp_id=28581|https://chile.mimusjobs.com/job/operarios-de-bodega-concepcion/,2026-09-27T18:21:11.501588,https://cl.computrabajo.com/empleos-en-r.metropolitana-en-santiago-centro,48
96165f92b5ad218e,https://cl.computrabajo.com/ofertas-de-trabajo/oferta-de-trabajo-de-operarios-de-bodega-consin-experiencia-ingreso-28-de-septiembre-cerrillos-en-santiago-cerrillos-BDD30B97E4CCE27661373E686DCF3405,Operarios de Bodega con/sin experiencia Ingreso 28 de Septiembre - Cerrillos,posted|wp_id=10136|https://chile.mimusjobs.com/job/operarios-de-bodega-con-sin-experiencia-ingreso-28-de-septiembre-cerrillos/,2026-09-27T18:21:17.506208,https://cl.computrabajo.com/empleos-en-r.metropolitana-en-santiago-centro,48
80d8296a960fb303,https://cl.computrabajo.com/ofertas-de-trabajo/oferta-de-trabajo-de-administradora-de-obra-ado-jefe-adoito-en-talca-A09B641762F9D28361373E686DCF3405,Administrador/a de Obra ADO - (Jefe ADO/ITO),posted|wp_id=28602|https://chile.mimusjobs.com/job/administrador-a-de-obra-ado-jefe-ado-ito/,2026-09-27T18:21:22.372225,https://cl.computrabajo.com/empleos-en-r.metropolitana-en-santiago-centro,48
461a582990498fc8,https://cl.computrabajo.com/ofertas-de-trabajo/oferta-de-trabajo-de-ayudante-de-produccion-con-experiencia-rubro-packaging-cerrillos-en-santiago-cerrillos-342236C4572A20DD61373E686DCF3405,Ayudante de Producción con Experiencia - Rubro Packaging Cerrillos,posted|wp_id=33269|https://chile.mimusjobs.com/job/ayudante-de-produccion-con-experiencia-rubro-packaging-cerrillos/,2026-09-27T18:21:31.677465,https://cl.computrabajo.com/empleos-en-r.metropolitana-en-santiago-centro,48
3629f82553365d81,https://cl.computrabajo.com/ofertas-de-trabajo/oferta-de-trabajo-de-disenadora-graficoa-en-santiago-las-condes-0DCFD7CAE9BEB4CB61373E686DCF3405,Diseñador/a Gráfico/a,posted|wp_id=33271|https://chile.mimusjobs.com/job/disenador-a-grafico-a-2/,2026-09-27T18:21:38.394332,https://cl.computrabajo.com/empleos-en-r.metropolitana-en-santiago-centro,48
939ded6d67208fd3,https://cl.computrabajo.com/ofertas-de-trabajo/oferta-de-trabajo-de-tecnicoa-senior-en-telecomunicaciones-en-antofagasta-5A0430AFF894261361373E686DCF3405,Técnico(a) Senior en Telecomunicaciones,posted|wp_id=33272|https://chile.mimusjobs.com/job/tecnicoa-senior-en-telecomunicaciones-2/,2026-09-27T18:21:45.232194,https://cl.computrabajo.com/empleos-en-r.metropolitana-en-santiago-centro,48
fba6eb424b9784db,https://cl.computrabajo.com/ofertas-de-trabajo/oferta-de-trabajo-de-guardia-de-seguridad-noche-en-santiago-renca-9479E8359ECD757061373E686DCF3405,Guardia de seguridad - Noche,posted|wp_id=28486|https://chile.mimusjobs.com/job/guardia-de-seguridad-noche/,2026-09-27T18:21:48.975333,https://cl.computrabajo.com/empleos-en-r.metropolitana-en-santiago-centro,51
ea76e8943cfe52ae,https://cl.computrabajo.com/ofertas-de-trabajo/oferta-de-trabajo-de-personal-de-limpieza-modalidad-volante-turnos-de-tarde-en-santiago-estacion-central-FA7ADB66A812031C61373E686DCF3405,"Personal de Limpieza Modalidad Volante, Turnos de Tarde",posted|wp_id=10140|https://chile.mimusjobs.com/job/personal-de-limpieza-modalidad-volante-turnos-de-tarde/,2026-09-27T18:21:53.536916,https://cl.computrabajo.com/empleos-en-r.metropolitana-en-santiago-centro,54
7ca54486effcaf4c,https://cl.computrabajo.com/ofertas-de-trabajo/oferta-de-trabajo-de-personal-de-limpieza-modalidad-volante-turnos-de-manana-en-santiago-estacion-central-4D3080BDCEA925DE61373E686DCF3405,"Personal de Limpieza Modalidad Volante, Turnos de mañana",posted|wp_id=33274|https://chile.mimusjobs.com/job/personal-de-limpieza-modalidad-volante-turnos-de-manana-5/,2026-09-27T18:22:02.135705,https://cl.computrabajo.com/empleos-en-r.metropolitana-en-santiago-centro,56
d6cec0e6895afa9c,https://cl.computrabajo.com/ofertas-de-trabajo/oferta-de-trabajo-de-buscamos-operador-de-bodega-turno-nochepudahuel-para-cyber615000liquidos-en-santiago-pudahuel-7F50632B7874A86561373E686DCF3405,Buscamos Operador de Bodega Turno Noche/Pudahuel para Cyber/$615.000líquidos,posted|wp_id=33276|https://chile.mimusjobs.com/job/buscamos-operador-de-bodega-turno-noche-pudahuel-para-cyber-615-000liquidos-5/,2026-09-27T18:22:09.645863,https://cl.computrabajo.com/empleos-en-r.metropolitana-en-santiago-centro,56
7c88e14b848630d2,https://cl.computrabajo.com/ofertas-de-trabajo/oferta-de-trabajo-de-operario-de-bodega-am-550000-liq-cyber-pudahuel-en-santiago-pudahuel-EE8EF57985C6AC6661373E686DCF3405,Operario de Bodega AM / $550.000 Liq Cyber / Pudahuel,posted|wp_id=10146|https://chile.mimusjobs.com/job/operario-de-bodega-am-550-000-liq-cyber-pudahuel/,2026-09-27T18:22:14.690719,https://cl.computrabajo.com/empleos-en-r.metropolitana-en-santiago-centro,56
a426704569af49e7,https://cl.computrabajo.com/ofertas-de-trabajo/oferta-de-trabajo-de-personal-de-limpieza-en-edificio-corporativos-turno-corto-vitacura-en-santiago-vitacura-EFB24394548747F361373E686DCF3405,"Personal de Limpieza En edificio Corporativos, Turno Corto Vitacura",posted|wp_id=10148|https://chile.mimusjobs.com/job/personal-de-limpieza-en-edificio-corporativos-turno-corto-vitacura/,2026-09-27T18:22:20.338922,https://cl.computrabajo.com/empleos-en-r.metropolitana-en-santiago-centro,56
4b8b71c12a4795b9,https://cl.computrabajo.com/ofertas-de-trabajo/oferta-de-trabajo-de-operarios-de-bodega-consin-experiencia-ingreso-28-de-septiembre-cerrillos-en-santiago-cerrillos-A26ED422A98E97A761373E686DCF3405,Operarios de Bodega con/sin experiencia Ingreso 28 de Septiembre - Cerrillos,posted|wp_id=10136|https://chile.mimusjobs.com/job/operarios-de-bodega-con-sin-experiencia-ingreso-28-de-septiembre-cerrillos/,2026-09-27T18:22:23.576727,https://cl.computrabajo.com/empleos-en-r.metropolitana-en-santiago-centro,56
d9e246006ef47b33,https://cl.computrabajo.com/ofertas-de-trabajo/oferta-de-trabajo-de-jefe-de-grupo-para-limpieza-edificios-corporativos-comuna-de-vitacura-full-time-en-santiago-vitacura-8608DD4BB8D20D8861373E686DCF3405,"Jefe de Grupo para Limpieza, Edificios Corporativos Comuna de Vitacura - Full time",posted|wp_id=33278|https://chile.mimusjobs.com/job/jefe-de-grupo-para-limpieza-edificios-corporativos-comuna-de-vitacura-full-time-5/,2026-09-27T18:22:30.210972,https://cl.computrabajo.com/empleos-en-r.metropolitana-en-santiago-centro,56
c0bc6308cea46590,https://cl.computrabajo.com/ofertas-de-trabajo/oferta-de-trabajo-de-operador-grua-horquilla-lampa-turnos-rotativos-am-pm-700000-liquidos-en-lampa-F3A827FEA4C64AE961373E686DCF3405,Operador Grúa Horquilla Lampa - Turnos Rotativos am pm 700.000 Líquidos,posted|wp_id=33280|https://chile.mimusjobs.com/job/operador-grua-horquilla-lampa-turnos-rotativos-am-pm-700-000-liquidos-2/,2026-09-27T18:22:36.001511,https://cl.computrabajo.com/empleos-en-r.metropolitana-en-santiago-centro,56
01640da43e98feda,https://cl.computrabajo.com/ofertas-de-trabajo/oferta-de-trabajo-de-jefe-a-de-local-illapel-en-illapel-3BB53CA1162E3E6A61373E686DCF3405,Jefe a de Local Illapel,posted|wp_id=28611|https://chile.mimusjobs.com/job/jefe-a-de-local-illapel/,2026-09-27T18:22:39.375922,https://cl.computrabajo.com/empleos-en-r.metropolitana-en-santiago-centro,56
354c504792471acd,https://cl.computrabajo.com/ofertas-de-trabajo/oferta-de-trabajo-de-reponedor-pt-lunes-puente-alto-en-puente-alto-563D8B275E98064361373E686DCF3405,Reponedor PT Lunes // Puente Alto,posted|wp_id=28597|https://chile.mimusjobs.com/job/reponedor-pt-lunes-puente-alto/,2026-09-27T18:22:42.126821,https://cl.computrabajo.com/empleos-en-r.metropolitana-en-santiago-centro,56
382b2586858000b1,https://cl.computrabajo.com/ofertas-de-trabajo/oferta-de-trabajo-de-practica-de-control-de-calidad-en-santiago-quilicura-027BF25C9BBA1E1261373E686DCF3405,Practica de Control de Calidad,posted|wp_id=31030|https://chile.mimusjobs.com/job/practica-de-control-de-calidad/,2026-09-27T18:22:46.236684,https://cl.computrabajo.com/empleos-en-r.metropolitana-en-santiago-centro,57
67ea51b2391cc8b9,https://cl.computrabajo.com/ofertas-de-trabajo/oferta-de-trabajo-de-reponedor-nocturno-para-supermercado-linares-horario-rotativo-am-y-pm-turnos-continuos-en-linares-6BD993A79C0C0AE061373E686DCF3405,"Reponedor Nocturno para Supermercado, Linares - Horario Rotativo Am y Pm/ Turnos Continuos",posted|wp_id=33282|https://chile.mimusjobs.com/job/reponedor-nocturno-para-supermercado-linares-horario-rotativo-am-y-pm-turnos-continuos-2/,2026-09-27T18:22:54.571085,https://cl.computrabajo.com/empleos-en-r.metropolitana-en-santiago-centro,57
9c4b68e81127ed40,https://cl.computrabajo.com/ofertas-de-trabajo/oferta-de-trabajo-de-operarioa-de-bodega-sstt-suc-antofagasta-en-antofagasta-E27C2FD3C06EC6D261373E686DCF3405,"Operario/a de Bodega (SSTT), Suc. Antofagasta",posted|wp_id=33283|https://chile.mimusjobs.com/job/operario-a-de-bodega-sstt-suc-antofagasta/,2026-09-27T18:23:00.475589,https://cl.computrabajo.com/empleos-en-r.metropolitana-en-santiago-centro,57
75951b0bcecf3261,https://cl.computrabajo.com/ofertas-de-trabajo/oferta-de-trabajo-de-ingenieroa-de-control-y-gestion-el-salvador-diego-de-almagro-turno-4x3-en-diego-de-almagro-1EC1802C4673F9F061373E686DCF3405,"Ingeniero/a de Control y Gestión / El Salvador, Diego de Almagro / Turno 4x3",posted|wp_id=33285|https://chile.mimusjobs.com/job/ingeniero-a-de-control-y-gestion-el-salvador-diego-de-almagro-turno-4x3-2/,2026-09-27T18:23:09.767999,https://cl.computrabajo.com/empleos-en-r.metropolitana-en-santiago-centro,57
6d30cc4dadf005ac,https://cl.computrabajo.com/ofertas-de-trabajo/oferta-de-trabajo-de-asistente-contable-y-cobranzas-vitacura-en-santiago-centro-BDBCE45EBD973A6161373E686DCF3405,Asistente contable y Cobranzas Vitacura,posted|wp_id=28598|https://chile.mimusjobs.com/job/asistente-contable-y-cobranzas-vitacura/,2026-09-27T18:23:13.613371,https://cl.computrabajo.com/empleos-en-r.metropolitana-en-santiago-centro,57
d1880fe6f294b045,https://cl.computrabajo.com/ofertas-de-trabajo/oferta-de-trabajo-de-operariosas-de-bodega-tarde-san-bernardo-en-san-bernardo-59DF8B5D2678B17661373E686DCF3405,Operarios(as) de Bodega Tarde - San Bernardo.,posted|wp_id=33287|https://chile.mimusjobs.com/job/operariosas-de-bodega-tarde-san-bernardo-2/,2026-09-27T18:23:19.102438,https://cl.computrabajo.com/empleos-en-r.metropolitana-en-santiago-centro,57
a56f22892c179e89,https://cl.computrabajo.com/ofertas-de-trabajo/oferta-de-trabajo-de-ingeniero-sap-santiago-en-santiago-estacion-central-96EA368F5C9B2F7A61373E686DCF3405,Ingeniero SAP - Santiago,posted|wp_id=28608|https://chile.mimusjobs.com/job/ingeniero-sap-santiago/,2026-09-27T18:23:20.954945,https://cl.computrabajo.com/empleos-en-r.metropolitana-en-santiago-centro,57
41cd2e53c9a19571,https://cl.computrabajo.com/ofertas-de-trabajo/oferta-de-trabajo-de-guardia-de-seguridad-para-unimac-concepcion-4to-medio-o-curso-os10-en-concepcion-6200B8B3556AB3A061373E686DCF3405,Guardia de Seguridad para Unimac Concepcion 4to medio o curso os10,posted|wp_id=33289|https://chile.mimusjobs.com/job/guardia-de-seguridad-para-unimac-concepcion-4to-medio-o-curso-os10/,2026-09-27T18:23:27.144914,https://cl.computrabajo.com/empleos-en-r.metropolitana-en-santiago-centro,57
3a3e720fabc98e78,https://cl.computrabajo.com/ofertas-de-trabajo/oferta-de-trabajo-de-encargadoa-de-turno-melipilla-dominos-pizzas-full-time-en-melipilla-C6CBED703BF971A761373E686DCF3405,Encargado/a de turno Melipilla - Domino's pizzas Full time,posted|wp_id=33293|https://chile.mimusjobs.com/job/encargado-a-de-turno-melipilla-dominos-pizzas-full-time-4/,2026-09-27T18:23:34.394900,https://cl.computrabajo.com/empleos-en-r.metropolitana-en-santiago-centro,57
f9586c5f1fe3e080,https://cl.computrabajo.com/ofertas-de-trabajo/oferta-de-trabajo-de-ayudante-de-cocina-faena-10x10-en-arica-B14C26ACD4632B4B61373E686DCF3405,Ayudante de cocina - Faena 10x10,posted|wp_id=11284|https://chile.mimusjobs.com/job/ayudante-de-cocina-faena-10x10/,2026-09-27T18:23:38.261270,https://cl.computrabajo.com/empleos-en-r.metropolitana-en-santiago-centro,57
530b36baf46be085,https://cl.computrabajo.com/ofertas-de-trabajo/oferta-de-trabajo-de-asistente-de-ventas-full-time-rancagua-construmart-rancagua-en-rancagua-37E5E87E6C90391B61373E686DCF3405,Asistente de Ventas Full Time Rancagua - Construmart Rancagua,posted|wp_id=28616|https://chile.mimusjobs.com/job/asistente-de-ventas-full-time-rancagua-construmart-rancagua/,2026-09-27T18:23:41.440377,https://cl.computrabajo.com/empleos-en-r.metropolitana-en-santiago-centro,57
6a7d00490d5bb5c4,https://cl.computrabajo.com/ofertas-de-trabajo/oferta-de-trabajo-de-promotora-de-ventas-part-time-computacion-concepcion-30-hrs-semanales-l-a-v-para-gran-marca-de-tecnologia-y-computacion-en-concepcion-50E7871D5B9C4D3561373E686DCF3405,"Promotor(a) de Ventas Part Time Computación, Concepción (30 hrs semanales L a V) - Para gran marca de tecnología y computación",posted|wp_id=33295|https://chile.mimusjobs.com/job/promotora-de-ventas-part-time-computacion-concepcion-30-hrs-semanales-l-a-v-para-gran-marca-de-tecnologia-y-computacion-2/,2026-09-27T18:23:46.022290,https://cl.computrabajo.com/empleos-en-r.metropolitana-en-santiago-centro,57
4ca28af7efe4855b,https://cl.computrabajo.com/ofertas-de-trabajo/oferta-de-trabajo-de-conductoresras-a3-puente-alto-terminal-los-tilos-en-puente-alto-E97EF37754E6406361373E686DCF3405,Conductores/ras A3 - Puente Alto Terminal Los Tilos,posted|wp_id=28651|https://chile.mimusjobs.com/job/conductores-ras-a3-puente-alto-terminal-los-tilos/,2026-09-27T18:23:48.859187,https://cl.computrabajo.com/empleos-en-r.metropolitana-en-santiago-centro,57
5d3c62f45d250eee,https://cl.computrabajo.com/ofertas-de-trabajo/oferta-de-trabajo-de-consultor-sap-basis-senior-ingles-avanzado-en-santiago-las-condes-9C63DB2D967CDDB261373E686DCF3405,Consultor SAP Basis Senior - Ingles avanzado,posted|wp_id=14658|https://chile.mimusjobs.com/job/consultor-sap-basis-senior-ingles-avanzado/,2026-09-27T18:23:51.785493,https://cl.computrabajo.com/empleos-en-r.metropolitana-en-santiago-centro,57
6d7205e92794543a,https://cl.computrabajo.com/ofertas-de-trabajo/oferta-de-trabajo-de-operadora-cargador-frontal-apoyo-temporal-constitucion-en-constitucion-6CCD9A3CE1651A7C61373E686DCF3405,Operador/a Cargador Frontal (Apoyo Temporal) - Constitución,posted|wp_id=33296|https://chile.mimusjobs.com/job/operador-a-cargador-frontal-apoyo-temporal-constitucion-2/,2026-09-27T18:23:56.775604,https://cl.computrabajo.com/empleos-en-r.metropolitana-en-santiago-centro,57
a1ae098f08491bf1,https://cl.computrabajo.com/ofertas-de-trabajo/oferta-de-trabajo-de-operario-de-bodega-temporada-cyber-day-turno-dia-rotativo-colacion-y-bus-metro-pudahuel-607000-farfana-pudahuel-en-santiago-pudahuel-FB279CB05B9B4FC561373E686DCF3405,Operario de bodega temporada cyber day turno día rotativo colación y bus metro pudahuel - 607000 Farfana Pudahuel,posted|wp_id=33298|https://chile.mimusjobs.com/job/operario-de-bodega-temporada-cyber-day-turno-dia-rotativo-colacion-y-bus-metro-pudahuel-607000-farfana-pudahuel-2/,2026-09-27T18:24:02.395650,https://cl.computrabajo.com/empleos-en-r.metropolitana-en-santiago-centro,57
265cc1d0b0d2d6f4,https://cl.computrabajo.com/ofertas-de-trabajo/oferta-de-trabajo-de-operador-tienda-caja-para-supermercado-en-machali-con-experiencia-en-caja-walmart-en-machali-CE21C409577C98DC61373E686DCF3405,Operador tienda caja para Supermercado en Machalí - Con Experiencia En Caja Walmart,posted|wp_id=33300|https://chile.mimusjobs.com/job/operador-tienda-caja-para-supermercado-en-machali-con-experiencia-en-caja-walmart-2/,2026-09-27T18:24:11.020237,https://cl.computrabajo.com/empleos-en-r.metropolitana-en-santiago-centro,57
f4e14f18d378cfe1,https://cl.computrabajo.com/ofertas-de-trabajo/oferta-de-trabajo-de-conductor-licencia-a2-en-santiago-vitacura-E2BD2CCCDE884F5061373E686DCF3405,"Conductor / Licencia , A2",posted|wp_id=28607|https://chile.mimusjobs.com/job/conductor-licencia-a2/,2026-09-27T18:24:15.813686,https://cl.computrabajo.com/empleos-en-r.metropolitana-en-santiago-centro,57
ac2b4f07865c354c,https://cl.computrabajo.com/ofertas-de-trabajo/oferta-de-trabajo-de-guardia-de-seguridad-ripley-curico-en-curico-914E614229C6EE0961373E686DCF3405,Guardia de Seguridad Ripley Curicó,posted|wp_id=33302|https://chile.mimusjobs.com/job/guardia-de-seguridad-ripley-curico-2/,2026-09-27T18:24:26.527121,https://cl.computrabajo.com/empleos-en-r.metropolitana-en-santiago-centro,57
9b76687e5b1530a7,https://cl.computrabajo.com/ofertas-de-trabajo/oferta-de-trabajo-de-ayudante-de-despacho-en-calama-3064F767EBF2361861373E686DCF3405,Ayudante de despacho,posted|wp_id=28650|https://chile.mimusjobs.com/job/ayudante-de-despacho/,2026-09-27T18:24:31.323498,https://cl.computrabajo.com/empleos-en-r.metropolitana-en-santiago-centro,58
3895e950687b2968,https://cl.computrabajo.com/ofertas-de-trabajo/oferta-de-trabajo-de-tecnico-multitecnico-temuco-temuco-en-temuco-815E53AB33D82F0B61373E686DCF3405,Técnico Multitécnico Temuco - Temuco,posted|wp_id=33303|https://chile.mimusjobs.com/job/tecnico-multitecnico-temuco-temuco-2/,2026-09-27T18:24:35.773417,https://cl.computrabajo.com/empleos-en-r.metropolitana-en-santiago-centro,58
80c345898742affc,https://cl.computrabajo.com/ofertas-de-trabajo/oferta-de-trabajo-de-mercaderista-reponedor-reemplazo-full-time-providencia-en-santiago-providencia-82B8FFF9D289632B61373E686DCF3405,Mercaderista (Reponedor) Reemplazo / Full time - Providencia,posted|wp_id=28648|https://chile.mimusjobs.com/job/mercaderista-reponedor-reemplazo-full-time-providencia/,2026-09-27T18:24:39.894504,https://cl.computrabajo.com/empleos-en-r.metropolitana-en-santiago-centro,58
f09dfba241cce0cd,https://cl.computrabajo.com/ofertas-de-trabajo/oferta-de-trabajo-de-vendedor-retail-en-santiago-providencia-B9A8BA6F1F81A0DD61373E686DCF3405,Vendedor retail,posted|wp_id=13437|https://chile.mimusjobs.com/job/vendedor-retail/,2026-09-27T18:24:43.659648,https://cl.computrabajo.com/empleos-en-r.metropolitana-en-santiago-centro,58
d886195808030787,https://cl.computrabajo.com/ofertas-de-trabajo/oferta-de-trabajo-de-prevencionista-de-riesgos-por-turnos-region-del-maule-en-talca-54890BAA83929CCD61373E686DCF3405,Prevencionista de Riesgos por Turnos Región del Maule,posted|wp_id=33305|https://chile.mimusjobs.com/job/prevencionista-de-riesgos-por-turnos-region-del-maule/,2026-09-27T18:24:51.828462,https://cl.computrabajo.com/empleos-en-r.metropolitana-en-santiago-centro,58
464d7aab801df059,https://cl.computrabajo.com/ofertas-de-trabajo/oferta-de-trabajo-de-guardia-de-seguridad-maritimo-portuario-4x4-remplazo-quintero-en-quintero-DABDB272A598181D61373E686DCF3405,Guardia de seguridad Maritimo Portuario 4x4 Remplazo - Quintero,posted|wp_id=28610|https://chile.mimusjobs.com/job/guardia-de-seguridad-maritimo-portuario-4x4-remplazo-quintero/,2026-09-27T18:24:55.127146,https://cl.computrabajo.com/empleos-en-r.metropolitana-en-santiago-centro,58
d8087b62380203d7,https://cl.computrabajo.com/ofertas-de-trabajo/oferta-de-trabajo-de-ingeniero-de-procesos-sistemas-y-tecnologia-reemplazo-en-santiago-providencia-B552DD0EB90776B361373E686DCF3405,Ingeniero de procesos sistemas y tecnología (reemplazo),posted|wp_id=33307|https://chile.mimusjobs.com/job/ingeniero-de-procesos-sistemas-y-tecnologia-reemplazo-2/,2026-09-27T18:25:01.677963,https://cl.computrabajo.com/empleos-en-r.metropolitana-en-santiago-centro,58
7732fea1fa8d545c,https://cl.computrabajo.com/ofertas-de-trabajo/oferta-de-trabajo-de-ayudante-de-cocina-experiencia-en-reposteria-jornada-6x1-renca-en-santiago-renca-F8BBA2A9A077DA1861373E686DCF3405,Ayudante de Cocina (Experiencia en Repostería) / Jornada 6X1 / Renca,posted|wp_id=33309|https://chile.mimusjobs.com/job/ayudante-de-cocina-experiencia-en-reposteria-jornada-6x1-renca-2/,2026-09-27T18:25:11.174949,https://cl.computrabajo.com/empleos-en-r.metropolitana-en-santiago-centro,58
50585bcc03bf2754,https://cl.computrabajo.com/ofertas-de-trabajo/oferta-de-trabajo-de-operadora-de-roles-varios-part-time-walmart-en-santiago-providencia-FC5BBAF53E1AB9B061373E686DCF3405,Operador(a) de Roles Varios – part time walmart,posted|wp_id=33311|https://chile.mimusjobs.com/job/operadora-de-roles-varios-part-time-walmart-2/,2026-09-27T18:25:17.232115,https://cl.computrabajo.com/empleos-en-r.metropolitana-en-santiago-centro,58
a4fc6dff43d7155e,https://cl.computrabajo.com/ofertas-de-trabajo/oferta-de-trabajo-de-especialista-de-control-de-gestion-y-presupuesto-cupo-fijo-full-time-en-santiago-centro-B49BC3DE5A24701961373E686DCF3405,Especialista de Control de Gestión y Presupuesto - Cupo Fijo/ Full Time,posted|wp_id=33312|https://chile.mimusjobs.com/job/especialista-de-control-de-gestion-y-presupuesto-cupo-fijo-full-time-2/,2026-09-27T18:25:22.056289,https://cl.computrabajo.com/empleos-en-r.metropolitana-en-santiago-centro,58
7f0ff7ace9160052,https://cl.computrabajo.com/ofertas-de-trabajo/oferta-de-trabajo-de-vendedora-en-terreno-el-bosque-sin-experiencia-comisiones-sin-tope-en-santiago-el-bosque-CA7CFEC09F0EBD5E61373E686DCF3405,Vendedor/a en Terreno – El Bosque ¡Sin experiencia + Comisiones Sin Tope!,posted|wp_id=14157|https://chile.mimusjobs.com/job/vendedor-a-en-terreno-el-bosque-sin-experiencia-comisiones-sin-tope/,2026-09-27T18:25:24.662426,https://cl.computrabajo.com/empleos-en-r.metropolitana-en-santiago-centro,58
1c6c9a52e2ba0f7b,https://cl.computrabajo.com/ofertas-de-trabajo/oferta-de-trabajo-de-jefe-zonal-region-metropilitana-cadena-de-tiendas-en-santiago-centro-950129E098C69BF161373E686DCF3405,Jefe Zonal Region Metropilitana - Cadena de Tiendas,posted|wp_id=28673|https://chile.mimusjobs.com/job/jefe-zonal-region-metropilitana-cadena-de-tiendas/,2026-09-27T18:25:28.201267,https://cl.computrabajo.com/empleos-en-r.metropolitana-en-santiago-centro,58
7295e6426d71adab,https://cl.computrabajo.com/ofertas-de-trabajo/oferta-de-trabajo-de-ejecutivo-comercial-antofagasta-venta-consultiva-tecnologica-en-antofagasta-28EFC600D97B93DB61373E686DCF3405,Ejecutivo Comercial Antofagasta (Venta Consultiva Tecnológica),posted|wp_id=33314|https://chile.mimusjobs.com/job/ejecutivo-comercial-antofagasta-venta-consultiva-tecnologica-4/,2026-09-27T18:25:34.554491,https://cl.computrabajo.com/empleos-en-r.metropolitana-en-santiago-centro,58
bce844d0dae37c9c,https://cl.computrabajo.com/ofertas-de-trabajo/oferta-de-trabajo-de-vendedora-modulo-parque-arauco-part-time-lunes-a-domingo-20-hrs-en-santiago-las-condes-5F28426C5539019E61373E686DCF3405,"Vendedora Módulo - Parque Arauco, Part Time lunes a domingo 20 hrs",posted|wp_id=33316|https://chile.mimusjobs.com/job/vendedora-modulo-parque-arauco-part-time-lunes-a-domingo-20-hrs-2/,2026-09-27T18:25:40.320422,https://cl.computrabajo.com/empleos-en-r.metropolitana-en-santiago-centro,58
fb8915d8ac0c11d5,https://cl.computrabajo.com/ofertas-de-trabajo/oferta-de-trabajo-de-tens-anestesia-diurno-jornada-pm-desde-1300-a-2200-horas-850000-providencia-en-santiago-providencia-46DA9D41DA44D0C661373E686DCF3405,"TENS Anestesia diurno, jornada PM desde 13:00 a 22:00 horas $850.000 - Providencia",posted|wp_id=33317|https://chile.mimusjobs.com/job/tens-anestesia-diurno-jornada-pm-desde-1300-a-2200-horas-850-000-providencia/,2026-09-27T18:25:44.327641,https://cl.computrabajo.com/empleos-en-r.metropolitana-en-santiago-centro,58
f0f99180f1e70882,https://cl.computrabajo.com/ofertas-de-trabajo/oferta-de-trabajo-de-soporte-tecnico-conductor-chillan-750000-liquidos-en-chillan-5E0EB78EFFEB007C61373E686DCF3405,Soporte Técnico Conductor Chillan ($750.000 líquidos),posted|wp_id=33318|https://chile.mimusjobs.com/job/soporte-tecnico-conductor-chillan-750-000-liquidos-2/,2026-09-27T18:25:49.215202,https://cl.computrabajo.com/empleos-en-r.metropolitana-en-santiago-centro,58
21859cc753218294,https://cl.computrabajo.com/ofertas-de-trabajo/oferta-de-trabajo-de-panadero-turno-dia-quilicura-en-santiago-quilicura-470F0282AFBC1C8D61373E686DCF3405,Panadero Turno Día. Quilicura,posted|wp_id=33320|https://chile.mimusjobs.com/job/panadero-turno-dia-quilicura-2/,2026-09-27T18:25:56.225038,https://cl.computrabajo.com/empleos-en-r.metropolitana-en-santiago-centro,58
47a384f89d035c1c,https://cl.computrabajo.com/ofertas-de-trabajo/oferta-de-trabajo-de-buscamos-operarios-de-bodega-pt-penalolen-en-santiago-penalolen-508FC7EFA828F40E61373E686DCF3405,¡Buscamos operarios de bodega PT Peñalolen!,posted|wp_id=33322|https://chile.mimusjobs.com/job/buscamos-operarios-de-bodega-pt-penalolen-2/,2026-09-27T18:26:03.537252,https://cl.computrabajo.com/empleos-en-r.metropolitana-en-santiago-centro,58
c70c545b6f74b92a,https://cl.computrabajo.com/ofertas-de-trabajo/oferta-de-trabajo-de-ingeniero-de-automatizacion-de-procesos-con-ia-claude-en-santiago-providencia-47C19186246825EE61373E686DCF3405,Ingeniero de Automatización de Procesos con IA (Claude),posted|wp_id=33324|https://chile.mimusjobs.com/job/ingeniero-de-automatizacion-de-procesos-con-ia-claude-7/,2026-09-27T18:26:11.724982,https://cl.computrabajo.com/empleos-en-r.metropolitana-en-santiago-centro,58
167f64271e8d9d27,https://cl.computrabajo.com/ofertas-de-trabajo/oferta-de-trabajo-de-psicologo-clinico-santiago-centro-en-santiago-centro-085F9B19D020B63561373E686DCF3405,Psicólogo Clínico // Santiago Centro,posted|wp_id=33326|https://chile.mimusjobs.com/job/psicologo-clinico-santiago-centro-2/,2026-09-27T18:26:18.398878,https://cl.computrabajo.com/empleos-en-r.metropolitana-en-santiago-centro,58
722c0ff970b8aa46,https://cl.computrabajo.com/ofertas-de-trabajo/oferta-de-trabajo-de-supervisor-ordenamiento-y-limpieza-de-cables-valparaiso-en-valparaiso-0BB80CCE80C358F761373E686DCF3405,Supervisor Ordenamiento y Limpieza de Cables Valparaiso,posted|wp_id=28645|https://chile.mimusjobs.com/job/supervisor-ordenamiento-y-limpieza-de-cables-valparaiso/,2026-09-27T18:26:22.179916,https://cl.computrabajo.com/empleos-en-r.metropolitana-en-santiago-centro,59
be35d26e79a56776,https://cl.computrabajo.com/ofertas-de-trabajo/oferta-de-trabajo-de-guardia-de-seguridad-5x2-ahumada-en-santiago-centro-8F614F5CCB48C06D61373E686DCF3405,Guardia de Seguridad 5x2 Ahumada,posted|wp_id=33328|https://chile.mimusjobs.com/job/guardia-de-seguridad-5x2-ahumada/,2026-09-27T18:26:28.498834,https://cl.computrabajo.com/empleos-en-r.metropolitana-en-santiago-centro,59
b2fb538acc03c039,https://cl.computrabajo.com/ofertas-de-trabajo/oferta-de-trabajo-de-apoyo-jefatura-concepcion-en-concepcion-4F5FFBC19C7EE8FA61373E686DCF3405,Apoyo jefatura - Concepción,posted|wp_id=33329|https://chile.mimusjobs.com/job/apoyo-jefatura-concepcion/,2026-09-27T18:26:33.301508,https://cl.computrabajo.com/empleos-en-r.metropolitana-en-santiago-centro,59
8ff45d47e57a3153,https://cl.computrabajo.com/ofertas-de-trabajo/oferta-de-trabajo-de-operario-bodega-nestle-cd-maipu-en-santiago-maipu-C1C32511A94CC9B461373E686DCF3405,Operario Bodega Nestlé CD Maipú,posted|wp_id=33333|https://chile.mimusjobs.com/job/operario-bodega-nestle-cd-maipu-2/,2026-09-27T18:26:44.804835,https://cl.computrabajo.com/empleos-en-r.metropolitana-en-santiago-centro,59
